{"data":[{"taskName":"Reading 1 Code of Ethics and Standards of Professional Conduct(道德准则和职业行为标准)","chapterName":"CFA Ethic and Professional Standards and Quantitative Methods","progress":"4","createDate":"1517476031235.000000","chapterId":"8a2a5fa451c0c3ad0151c29add790085","courseProgress":"0","courseId":"8a2a5fa451c0c3ad0151c2950ccf0080","taskId":"8a2a5fa451c0c3ad0151c2a2126a008a"},{"chapterId":"8a22ecb55e755132015e842c9d1000c8","taskId":"8a22ecb55e755132015f84c711e50ba2","courseId":"8a22ecb55e755132015e8361703400c6","chapterName":"INTRODUCTION","courseProgress":"2","taskName":"INTRODUCTION","createDate":"1517391958227.000000","progress":"75"},{"chapterId":"8a22ecb55e755132015e842c9d1000c8","taskId":"8a22ecb55e755132015f84c711e50ba2","courseId":"8a22ecb55e755132015e8361703400c6","chapterName":"INTRODUCTION","courseProgress":"2","taskName":"INTRODUCTION","createDate":"1517391958227.000000","progress":"75"}],"state":"success","msg":""}