{"11":{"fid":"11","name":"ACCA-F2","rank":"88","threads":"2638","todayposts":"39","todaythreads":"18","brief":" ","accesson":"0","orderby":"0","create_date":"1504250861","icon":"0","moduids":"10099,19740","seo_title":"","seo_keywords":"","categoryid":"ff808081473905e7014762524e800072","subjectid":"ff808081473905e7014762524e800072","create_date_fmt":"2017-9-1","icon_url":"static\/forum.png","accesslist":[],"modlist":{"10099":{"uid":"10099","gid":"4","username":"delly","threads":"27","posts":"1073","myagrees":"0","agrees":"0","last_agree_date":"1453806652","credits":"0","golds":"0","rmbs":"0","create_date":"1453806652","login_ip":"1926745507","login_date":"1478507286","logins":"48071","avatar":"1458803475","member_id":"ff8080814fa79c5b014fabbb30dd0ed3","headimg":"","userlevel":"0","levelimg":"","is_avatar":"1","avatar_default":"7","create_date_fmt":"2016-01-26","login_ip_fmt":"114.215.205.163","login_date_fmt":"2016-11-07","groupname":"\u7248\u4e3b\u7ec4","avatar_url":"http:\/\/www.caicui.com\/upload\/avatar\/big_ff8080814fa79c5b014fabbb30dd0ed3.jpg","online_status":1},"19740":{"uid":"19740","gid":"4","username":"zbct","threads":"0","posts":"138","myagrees":"1","agrees":"0","last_agree_date":"1478507044","credits":"0","golds":"0","rmbs":"0","create_date":"1463388114","login_ip":"1926754020","login_date":"1497320623","logins":"22427","avatar":"1463388114","member_id":"8a22ecb5545c72090154b8ba9021408e","headimg":"","userlevel":"0","levelimg":"","is_avatar":"1","avatar_default":"0","create_date_fmt":"2016-05-16","login_ip_fmt":"114.215.238.228","login_date_fmt":"2017-06-13","groupname":"\u7248\u4e3b\u7ec4","avatar_url":"http:\/\/www.caicui.com\/upload\/avatar\/big_8a22ecb5545c72090154b8ba9021408e.jpg","online_status":1}},"newtids":{"49860":1507902997,"49862":1507902900,"49884":1507902866,"49886":1507902844,"49901":1507900632,"49825":1507898339,"49911":1507893995,"49908":1507893450,"49907":1507893326,"49906":1507893148,"49684":1507889980,"49816":1507889880,"49818":1507889847,"49832":1507889759,"49838":1507889503,"49847":1507889090,"49848":1507888975,"49859":1507888840,"49799":1507888690,"49861":1507888618,"49655":1507888539,"49653":1507888422,"49876":1507888146,"49898":1507888142,"49803":1507887631,"49875":1507887501,"49899":1507887372,"49888":1507887241,"49892":1507887215,"49894":1507887172}},"12":{"fid":"12","name":"ACCA-F3","rank":"87","threads":"4167","todayposts":"30","todaythreads":"18","brief":" ","accesson":"0","orderby":"0","create_date":"1504250861","icon":"0","moduids":"10099,19740","seo_title":"","seo_keywords":"","categoryid":"ff808081473905e701476252b4390073","subjectid":"ff808081473905e701476252b4390073","create_date_fmt":"2017-9-1","icon_url":"static\/forum.png","accesslist":[],"modlist":{"10099":{"uid":"10099","gid":"4","username":"delly","threads":"27","posts":"1073","myagrees":"0","agrees":"0","last_agree_date":"1453806652","credits":"0","golds":"0","rmbs":"0","create_date":"1453806652","login_ip":"1926745507","login_date":"1478507286","logins":"48071","avatar":"1458803475","member_id":"ff8080814fa79c5b014fabbb30dd0ed3","headimg":"","userlevel":"0","levelimg":"","is_avatar":"1","avatar_default":"7","create_date_fmt":"2016-01-26","login_ip_fmt":"114.215.205.163","login_date_fmt":"2016-11-07","groupname":"\u7248\u4e3b\u7ec4","avatar_url":"http:\/\/www.caicui.com\/upload\/avatar\/big_ff8080814fa79c5b014fabbb30dd0ed3.jpg","online_status":1},"19740":{"uid":"19740","gid":"4","username":"zbct","threads":"0","posts":"138","myagrees":"1","agrees":"0","last_agree_date":"1478507044","credits":"0","golds":"0","rmbs":"0","create_date":"1463388114","login_ip":"1926754020","login_date":"1497320623","logins":"22427","avatar":"1463388114","member_id":"8a22ecb5545c72090154b8ba9021408e","headimg":"","userlevel":"0","levelimg":"","is_avatar":"1","avatar_default":"0","create_date_fmt":"2016-05-16","login_ip_fmt":"114.215.238.228","login_date_fmt":"2017-06-13","groupname":"\u7248\u4e3b\u7ec4","avatar_url":"http:\/\/www.caicui.com\/upload\/avatar\/big_8a22ecb5545c72090154b8ba9021408e.jpg","online_status":1}},"newtids":{"49925":1507903040,"49923":1507900158,"49922":1507900056,"49921":1507899074,"49920":1507898833,"49910":1507893873,"49909":1507893582,"49820":1507893058,"49829":1507892395,"49807":1507891179,"49887":1507888538,"49877":1507888520,"49904":1507888508,"49903":1507888345,"49897":1507886709,"49865":1507881479,"49858":1507881412,"49857":1507881364,"49843":1507881246,"49840":1507881025,"49833":1507880877,"49831":1507880701,"49828":1507880578,"49827":1507880429,"49882":1507878957,"49822":1507878894,"49817":1507875668}},"13":{"fid":"13","name":"ACCA-F4","rank":"86","threads":"900","todayposts":"0","todaythreads":"0","brief":" ","accesson":"0","orderby":"0","create_date":"1504250861","icon":"0","moduids":"10099,19740","seo_title":"","seo_keywords":"","categoryid":"ff808081473905e70147625307e90074","subjectid":"ff808081473905e70147625307e90074","create_date_fmt":"2017-9-1","icon_url":"static\/forum.png","accesslist":[],"modlist":{"10099":{"uid":"10099","gid":"4","username":"delly","threads":"27","posts":"1073","myagrees":"0","agrees":"0","last_agree_date":"1453806652","credits":"0","golds":"0","rmbs":"0","create_date":"1453806652","login_ip":"1926745507","login_date":"1478507286","logins":"48071","avatar":"1458803475","member_id":"ff8080814fa79c5b014fabbb30dd0ed3","headimg":"","userlevel":"0","levelimg":"","is_avatar":"1","avatar_default":"7","create_date_fmt":"2016-01-26","login_ip_fmt":"114.215.205.163","login_date_fmt":"2016-11-07","groupname":"\u7248\u4e3b\u7ec4","avatar_url":"http:\/\/www.caicui.com\/upload\/avatar\/big_ff8080814fa79c5b014fabbb30dd0ed3.jpg","online_status":1},"19740":{"uid":"19740","gid":"4","username":"zbct","threads":"0","posts":"138","myagrees":"1","agrees":"0","last_agree_date":"1478507044","credits":"0","golds":"0","rmbs":"0","create_date":"1463388114","login_ip":"1926754020","login_date":"1497320623","logins":"22427","avatar":"1463388114","member_id":"8a22ecb5545c72090154b8ba9021408e","headimg":"","userlevel":"0","levelimg":"","is_avatar":"1","avatar_default":"0","create_date_fmt":"2016-05-16","login_ip_fmt":"114.215.238.228","login_date_fmt":"2017-06-13","groupname":"\u7248\u4e3b\u7ec4","avatar_url":"http:\/\/www.caicui.com\/upload\/avatar\/big_8a22ecb5545c72090154b8ba9021408e.jpg","online_status":1}},"newtids":[]},"14":{"fid":"14","name":"ACCA-F5","rank":"85","threads":"764","todayposts":"0","todaythreads":"2","brief":" ","accesson":"0","orderby":"0","create_date":"1504250862","icon":"0","moduids":"10099,19740","seo_title":"","seo_keywords":"","categoryid":"ff808081473905e7014762534dda0075","subjectid":"ff808081473905e7014762534dda0075","create_date_fmt":"2017-9-1","icon_url":"static\/forum.png","accesslist":[],"modlist":{"10099":{"uid":"10099","gid":"4","username":"delly","threads":"27","posts":"1073","myagrees":"0","agrees":"0","last_agree_date":"1453806652","credits":"0","golds":"0","rmbs":"0","create_date":"1453806652","login_ip":"1926745507","login_date":"1478507286","logins":"48071","avatar":"1458803475","member_id":"ff8080814fa79c5b014fabbb30dd0ed3","headimg":"","userlevel":"0","levelimg":"","is_avatar":"1","avatar_default":"7","create_date_fmt":"2016-01-26","login_ip_fmt":"114.215.205.163","login_date_fmt":"2016-11-07","groupname":"\u7248\u4e3b\u7ec4","avatar_url":"http:\/\/www.caicui.com\/upload\/avatar\/big_ff8080814fa79c5b014fabbb30dd0ed3.jpg","online_status":1},"19740":{"uid":"19740","gid":"4","username":"zbct","threads":"0","posts":"138","myagrees":"1","agrees":"0","last_agree_date":"1478507044","credits":"0","golds":"0","rmbs":"0","create_date":"1463388114","login_ip":"1926754020","login_date":"1497320623","logins":"22427","avatar":"1463388114","member_id":"8a22ecb5545c72090154b8ba9021408e","headimg":"","userlevel":"0","levelimg":"","is_avatar":"1","avatar_default":"0","create_date_fmt":"2016-05-16","login_ip_fmt":"114.215.238.228","login_date_fmt":"2017-06-13","groupname":"\u7248\u4e3b\u7ec4","avatar_url":"http:\/\/www.caicui.com\/upload\/avatar\/big_8a22ecb5545c72090154b8ba9021408e.jpg","online_status":1}},"newtids":{"49905":1507892697,"49890":1507883575}},"27":{"fid":"27","name":"ACCA-F6","rank":"84","threads":"948","todayposts":"1","todaythreads":"3","brief":" ","accesson":"0","orderby":"0","create_date":"1504250862","icon":"0","moduids":"10099,19740","seo_title":"","seo_keywords":"","categoryid":"ff80808147c904170147d2d3d4b60098","subjectid":"ff80808147c904170147d2d3d4b60098","create_date_fmt":"2017-9-1","icon_url":"static\/forum.png","accesslist":[],"modlist":{"10099":{"uid":"10099","gid":"4","username":"delly","threads":"27","posts":"1073","myagrees":"0","agrees":"0","last_agree_date":"1453806652","credits":"0","golds":"0","rmbs":"0","create_date":"1453806652","login_ip":"1926745507","login_date":"1478507286","logins":"48071","avatar":"1458803475","member_id":"ff8080814fa79c5b014fabbb30dd0ed3","headimg":"","userlevel":"0","levelimg":"","is_avatar":"1","avatar_default":"7","create_date_fmt":"2016-01-26","login_ip_fmt":"114.215.205.163","login_date_fmt":"2016-11-07","groupname":"\u7248\u4e3b\u7ec4","avatar_url":"http:\/\/www.caicui.com\/upload\/avatar\/big_ff8080814fa79c5b014fabbb30dd0ed3.jpg","online_status":1},"19740":{"uid":"19740","gid":"4","username":"zbct","threads":"0","posts":"138","myagrees":"1","agrees":"0","last_agree_date":"1478507044","credits":"0","golds":"0","rmbs":"0","create_date":"1463388114","login_ip":"1926754020","login_date":"1497320623","logins":"22427","avatar":"1463388114","member_id":"8a22ecb5545c72090154b8ba9021408e","headimg":"","userlevel":"0","levelimg":"","is_avatar":"1","avatar_default":"0","create_date_fmt":"2016-05-16","login_ip_fmt":"114.215.238.228","login_date_fmt":"2017-06-13","groupname":"\u7248\u4e3b\u7ec4","avatar_url":"http:\/\/www.caicui.com\/upload\/avatar\/big_8a22ecb5545c72090154b8ba9021408e.jpg","online_status":1}},"newtids":{"49891":1507883670}},"16":{"fid":"16","name":"ACCA-F7","rank":"83","threads":"960","todayposts":"3","todaythreads":"4","brief":" ","accesson":"0","orderby":"0","create_date":"1504250862","icon":"0","moduids":"10099,19740","seo_title":"","seo_keywords":"","categoryid":"ff808081473905e701476253fd980077","subjectid":"ff808081473905e701476253fd980077","create_date_fmt":"2017-9-1","icon_url":"static\/forum.png","accesslist":[],"modlist":{"10099":{"uid":"10099","gid":"4","username":"delly","threads":"27","posts":"1073","myagrees":"0","agrees":"0","last_agree_date":"1453806652","credits":"0","golds":"0","rmbs":"0","create_date":"1453806652","login_ip":"1926745507","login_date":"1478507286","logins":"48071","avatar":"1458803475","member_id":"ff8080814fa79c5b014fabbb30dd0ed3","headimg":"","userlevel":"0","levelimg":"","is_avatar":"1","avatar_default":"7","create_date_fmt":"2016-01-26","login_ip_fmt":"114.215.205.163","login_date_fmt":"2016-11-07","groupname":"\u7248\u4e3b\u7ec4","avatar_url":"http:\/\/www.caicui.com\/upload\/avatar\/big_ff8080814fa79c5b014fabbb30dd0ed3.jpg","online_status":1},"19740":{"uid":"19740","gid":"4","username":"zbct","threads":"0","posts":"138","myagrees":"1","agrees":"0","last_agree_date":"1478507044","credits":"0","golds":"0","rmbs":"0","create_date":"1463388114","login_ip":"1926754020","login_date":"1497320623","logins":"22427","avatar":"1463388114","member_id":"8a22ecb5545c72090154b8ba9021408e","headimg":"","userlevel":"0","levelimg":"","is_avatar":"1","avatar_default":"0","create_date_fmt":"2016-05-16","login_ip_fmt":"114.215.238.228","login_date_fmt":"2017-06-13","groupname":"\u7248\u4e3b\u7ec4","avatar_url":"http:\/\/www.caicui.com\/upload\/avatar\/big_8a22ecb5545c72090154b8ba9021408e.jpg","online_status":1}},"newtids":{"49913":1507896442,"49895":1507885189,"48587":1507879273,"48696":1507879246,"49883":1507878994}},"9":{"fid":"9","name":"ACCA-F8","rank":"82","threads":"790","todayposts":"0","todaythreads":"0","brief":" ","accesson":"0","orderby":"0","create_date":"1504250862","icon":"0","moduids":"10099,19740","seo_title":"","seo_keywords":"","categoryid":"ff808081473905e701475d4ec4d60006","subjectid":"ff808081473905e701475d4ec4d60006","create_date_fmt":"2017-9-1","icon_url":"static\/forum.png","accesslist":[],"modlist":{"10099":{"uid":"10099","gid":"4","username":"delly","threads":"27","posts":"1073","myagrees":"0","agrees":"0","last_agree_date":"1453806652","credits":"0","golds":"0","rmbs":"0","create_date":"1453806652","login_ip":"1926745507","login_date":"1478507286","logins":"48071","avatar":"1458803475","member_id":"ff8080814fa79c5b014fabbb30dd0ed3","headimg":"","userlevel":"0","levelimg":"","is_avatar":"1","avatar_default":"7","create_date_fmt":"2016-01-26","login_ip_fmt":"114.215.205.163","login_date_fmt":"2016-11-07","groupname":"\u7248\u4e3b\u7ec4","avatar_url":"http:\/\/www.caicui.com\/upload\/avatar\/big_ff8080814fa79c5b014fabbb30dd0ed3.jpg","online_status":1},"19740":{"uid":"19740","gid":"4","username":"zbct","threads":"0","posts":"138","myagrees":"1","agrees":"0","last_agree_date":"1478507044","credits":"0","golds":"0","rmbs":"0","create_date":"1463388114","login_ip":"1926754020","login_date":"1497320623","logins":"22427","avatar":"1463388114","member_id":"8a22ecb5545c72090154b8ba9021408e","headimg":"","userlevel":"0","levelimg":"","is_avatar":"1","avatar_default":"0","create_date_fmt":"2016-05-16","login_ip_fmt":"114.215.238.228","login_date_fmt":"2017-06-13","groupname":"\u7248\u4e3b\u7ec4","avatar_url":"http:\/\/www.caicui.com\/upload\/avatar\/big_8a22ecb5545c72090154b8ba9021408e.jpg","online_status":1}},"newtids":[]},"17":{"fid":"17","name":"ACCA-F9","rank":"81","threads":"457","todayposts":"1","todaythreads":"0","brief":" ","accesson":"0","orderby":"0","create_date":"1504250862","icon":"0","moduids":"10099,19740","seo_title":"","seo_keywords":"","categoryid":"ff808081473905e7014762542d940078","subjectid":"ff808081473905e7014762542d940078","create_date_fmt":"2017-9-1","icon_url":"static\/forum.png","accesslist":[],"modlist":{"10099":{"uid":"10099","gid":"4","username":"delly","threads":"27","posts":"1073","myagrees":"0","agrees":"0","last_agree_date":"1453806652","credits":"0","golds":"0","rmbs":"0","create_date":"1453806652","login_ip":"1926745507","login_date":"1478507286","logins":"48071","avatar":"1458803475","member_id":"ff8080814fa79c5b014fabbb30dd0ed3","headimg":"","userlevel":"0","levelimg":"","is_avatar":"1","avatar_default":"7","create_date_fmt":"2016-01-26","login_ip_fmt":"114.215.205.163","login_date_fmt":"2016-11-07","groupname":"\u7248\u4e3b\u7ec4","avatar_url":"http:\/\/www.caicui.com\/upload\/avatar\/big_ff8080814fa79c5b014fabbb30dd0ed3.jpg","online_status":1},"19740":{"uid":"19740","gid":"4","username":"zbct","threads":"0","posts":"138","myagrees":"1","agrees":"0","last_agree_date":"1478507044","credits":"0","golds":"0","rmbs":"0","create_date":"1463388114","login_ip":"1926754020","login_date":"1497320623","logins":"22427","avatar":"1463388114","member_id":"8a22ecb5545c72090154b8ba9021408e","headimg":"","userlevel":"0","levelimg":"","is_avatar":"1","avatar_default":"0","create_date_fmt":"2016-05-16","login_ip_fmt":"114.215.238.228","login_date_fmt":"2017-06-13","groupname":"\u7248\u4e3b\u7ec4","avatar_url":"http:\/\/www.caicui.com\/upload\/avatar\/big_8a22ecb5545c72090154b8ba9021408e.jpg","online_status":1}},"newtids":{"49815":1507886890}},"18":{"fid":"18","name":"ACCA-P1","rank":"80","threads":"62","todayposts":"0","todaythreads":"1","brief":" ","accesson":"0","orderby":"0","create_date":"1504250863","icon":"0","moduids":"10099,19740","seo_title":"","seo_keywords":"","categoryid":"ff808081473905e70147625487550079","subjectid":"ff808081473905e70147625487550079","create_date_fmt":"2017-9-1","icon_url":"static\/forum.png","accesslist":[],"modlist":{"10099":{"uid":"10099","gid":"4","username":"delly","threads":"27","posts":"1073","myagrees":"0","agrees":"0","last_agree_date":"1453806652","credits":"0","golds":"0","rmbs":"0","create_date":"1453806652","login_ip":"1926745507","login_date":"1478507286","logins":"48071","avatar":"1458803475","member_id":"ff8080814fa79c5b014fabbb30dd0ed3","headimg":"","userlevel":"0","levelimg":"","is_avatar":"1","avatar_default":"7","create_date_fmt":"2016-01-26","login_ip_fmt":"114.215.205.163","login_date_fmt":"2016-11-07","groupname":"\u7248\u4e3b\u7ec4","avatar_url":"http:\/\/www.caicui.com\/upload\/avatar\/big_ff8080814fa79c5b014fabbb30dd0ed3.jpg","online_status":1},"19740":{"uid":"19740","gid":"4","username":"zbct","threads":"0","posts":"138","myagrees":"1","agrees":"0","last_agree_date":"1478507044","credits":"0","golds":"0","rmbs":"0","create_date":"1463388114","login_ip":"1926754020","login_date":"1497320623","logins":"22427","avatar":"1463388114","member_id":"8a22ecb5545c72090154b8ba9021408e","headimg":"","userlevel":"0","levelimg":"","is_avatar":"1","avatar_default":"0","create_date_fmt":"2016-05-16","login_ip_fmt":"114.215.238.228","login_date_fmt":"2017-06-13","groupname":"\u7248\u4e3b\u7ec4","avatar_url":"http:\/\/www.caicui.com\/upload\/avatar\/big_8a22ecb5545c72090154b8ba9021408e.jpg","online_status":1}},"newtids":[]},"19":{"fid":"19","name":"ACCA-P2","rank":"79","threads":"136","todayposts":"1","todaythreads":"2","brief":" ","accesson":"0","orderby":"0","create_date":"1504250863","icon":"0","moduids":"10099,19740","seo_title":"","seo_keywords":"","categoryid":"ff808081473905e701476254ba24007a","subjectid":"ff808081473905e701476254ba24007a","create_date_fmt":"2017-9-1","icon_url":"static\/forum.png","accesslist":[],"modlist":{"10099":{"uid":"10099","gid":"4","username":"delly","threads":"27","posts":"1073","myagrees":"0","agrees":"0","last_agree_date":"1453806652","credits":"0","golds":"0","rmbs":"0","create_date":"1453806652","login_ip":"1926745507","login_date":"1478507286","logins":"48071","avatar":"1458803475","member_id":"ff8080814fa79c5b014fabbb30dd0ed3","headimg":"","userlevel":"0","levelimg":"","is_avatar":"1","avatar_default":"7","create_date_fmt":"2016-01-26","login_ip_fmt":"114.215.205.163","login_date_fmt":"2016-11-07","groupname":"\u7248\u4e3b\u7ec4","avatar_url":"http:\/\/www.caicui.com\/upload\/avatar\/big_ff8080814fa79c5b014fabbb30dd0ed3.jpg","online_status":1},"19740":{"uid":"19740","gid":"4","username":"zbct","threads":"0","posts":"138","myagrees":"1","agrees":"0","last_agree_date":"1478507044","credits":"0","golds":"0","rmbs":"0","create_date":"1463388114","login_ip":"1926754020","login_date":"1497320623","logins":"22427","avatar":"1463388114","member_id":"8a22ecb5545c72090154b8ba9021408e","headimg":"","userlevel":"0","levelimg":"","is_avatar":"1","avatar_default":"0","create_date_fmt":"2016-05-16","login_ip_fmt":"114.215.238.228","login_date_fmt":"2017-06-13","groupname":"\u7248\u4e3b\u7ec4","avatar_url":"http:\/\/www.caicui.com\/upload\/avatar\/big_8a22ecb5545c72090154b8ba9021408e.jpg","online_status":1}},"newtids":[]},"20":{"fid":"20","name":"ACCA-P3","rank":"78","threads":"58","todayposts":"0","todaythreads":"0","brief":" ","accesson":"0","orderby":"0","create_date":"1504250863","icon":"0","moduids":"10099,19740","seo_title":"","seo_keywords":"","categoryid":"ff808081473905e701476254e30b007b","subjectid":"ff808081473905e701476254e30b007b","create_date_fmt":"2017-9-1","icon_url":"static\/forum.png","accesslist":[],"modlist":{"10099":{"uid":"10099","gid":"4","username":"delly","threads":"27","posts":"1073","myagrees":"0","agrees":"0","last_agree_date":"1453806652","credits":"0","golds":"0","rmbs":"0","create_date":"1453806652","login_ip":"1926745507","login_date":"1478507286","logins":"48071","avatar":"1458803475","member_id":"ff8080814fa79c5b014fabbb30dd0ed3","headimg":"","userlevel":"0","levelimg":"","is_avatar":"1","avatar_default":"7","create_date_fmt":"2016-01-26","login_ip_fmt":"114.215.205.163","login_date_fmt":"2016-11-07","groupname":"\u7248\u4e3b\u7ec4","avatar_url":"http:\/\/www.caicui.com\/upload\/avatar\/big_ff8080814fa79c5b014fabbb30dd0ed3.jpg","online_status":1},"19740":{"uid":"19740","gid":"4","username":"zbct","threads":"0","posts":"138","myagrees":"1","agrees":"0","last_agree_date":"1478507044","credits":"0","golds":"0","rmbs":"0","create_date":"1463388114","login_ip":"1926754020","login_date":"1497320623","logins":"22427","avatar":"1463388114","member_id":"8a22ecb5545c72090154b8ba9021408e","headimg":"","userlevel":"0","levelimg":"","is_avatar":"1","avatar_default":"0","create_date_fmt":"2016-05-16","login_ip_fmt":"114.215.238.228","login_date_fmt":"2017-06-13","groupname":"\u7248\u4e3b\u7ec4","avatar_url":"http:\/\/www.caicui.com\/upload\/avatar\/big_8a22ecb5545c72090154b8ba9021408e.jpg","online_status":1}},"newtids":[]},"21":{"fid":"21","name":"ACCA-P4","rank":"77","threads":"125","todayposts":"0","todaythreads":"0","brief":" ","accesson":"0","orderby":"0","create_date":"1504250863","icon":"0","moduids":"10099,19740","seo_title":"","seo_keywords":"","categoryid":"ff808081473905e7014762550755007c","subjectid":"ff808081473905e7014762550755007c","create_date_fmt":"2017-9-1","icon_url":"static\/forum.png","accesslist":[],"modlist":{"10099":{"uid":"10099","gid":"4","username":"delly","threads":"27","posts":"1073","myagrees":"0","agrees":"0","last_agree_date":"1453806652","credits":"0","golds":"0","rmbs":"0","create_date":"1453806652","login_ip":"1926745507","login_date":"1478507286","logins":"48071","avatar":"1458803475","member_id":"ff8080814fa79c5b014fabbb30dd0ed3","headimg":"","userlevel":"0","levelimg":"","is_avatar":"1","avatar_default":"7","create_date_fmt":"2016-01-26","login_ip_fmt":"114.215.205.163","login_date_fmt":"2016-11-07","groupname":"\u7248\u4e3b\u7ec4","avatar_url":"http:\/\/www.caicui.com\/upload\/avatar\/big_ff8080814fa79c5b014fabbb30dd0ed3.jpg","online_status":1},"19740":{"uid":"19740","gid":"4","username":"zbct","threads":"0","posts":"138","myagrees":"1","agrees":"0","last_agree_date":"1478507044","credits":"0","golds":"0","rmbs":"0","create_date":"1463388114","login_ip":"1926754020","login_date":"1497320623","logins":"22427","avatar":"1463388114","member_id":"8a22ecb5545c72090154b8ba9021408e","headimg":"","userlevel":"0","levelimg":"","is_avatar":"1","avatar_default":"0","create_date_fmt":"2016-05-16","login_ip_fmt":"114.215.238.228","login_date_fmt":"2017-06-13","groupname":"\u7248\u4e3b\u7ec4","avatar_url":"http:\/\/www.caicui.com\/upload\/avatar\/big_8a22ecb5545c72090154b8ba9021408e.jpg","online_status":1}},"newtids":[]},"22":{"fid":"22","name":"ACCA-P5","rank":"76","threads":"22","todayposts":"0","todaythreads":"2","brief":" ","accesson":"0","orderby":"0","create_date":"1504250864","icon":"0","moduids":"10099,19740","seo_title":"","seo_keywords":"","categoryid":"ff808081473905e7014762552eb6007d","subjectid":"ff808081473905e7014762552eb6007d","create_date_fmt":"2017-9-1","icon_url":"static\/forum.png","accesslist":[],"modlist":{"10099":{"uid":"10099","gid":"4","username":"delly","threads":"27","posts":"1073","myagrees":"0","agrees":"0","last_agree_date":"1453806652","credits":"0","golds":"0","rmbs":"0","create_date":"1453806652","login_ip":"1926745507","login_date":"1478507286","logins":"48071","avatar":"1458803475","member_id":"ff8080814fa79c5b014fabbb30dd0ed3","headimg":"","userlevel":"0","levelimg":"","is_avatar":"1","avatar_default":"7","create_date_fmt":"2016-01-26","login_ip_fmt":"114.215.205.163","login_date_fmt":"2016-11-07","groupname":"\u7248\u4e3b\u7ec4","avatar_url":"http:\/\/www.caicui.com\/upload\/avatar\/big_ff8080814fa79c5b014fabbb30dd0ed3.jpg","online_status":1},"19740":{"uid":"19740","gid":"4","username":"zbct","threads":"0","posts":"138","myagrees":"1","agrees":"0","last_agree_date":"1478507044","credits":"0","golds":"0","rmbs":"0","create_date":"1463388114","login_ip":"1926754020","login_date":"1497320623","logins":"22427","avatar":"1463388114","member_id":"8a22ecb5545c72090154b8ba9021408e","headimg":"","userlevel":"0","levelimg":"","is_avatar":"1","avatar_default":"0","create_date_fmt":"2016-05-16","login_ip_fmt":"114.215.238.228","login_date_fmt":"2017-06-13","groupname":"\u7248\u4e3b\u7ec4","avatar_url":"http:\/\/www.caicui.com\/upload\/avatar\/big_8a22ecb5545c72090154b8ba9021408e.jpg","online_status":1}},"newtids":{"49900":1507887342}},"43":{"fid":"43","name":"ACCA-P7","rank":"75","threads":"8","todayposts":"0","todaythreads":"0","brief":" ","accesson":"0","orderby":"0","create_date":"1504250864","icon":"0","moduids":"10099,19740","seo_title":"","seo_keywords":"","categoryid":"ff8080814dc1dc4e014de1236c921356","subjectid":"ff8080814dc1dc4e014de1236c921356","create_date_fmt":"2017-9-1","icon_url":"static\/forum.png","accesslist":[],"modlist":{"10099":{"uid":"10099","gid":"4","username":"delly","threads":"27","posts":"1073","myagrees":"0","agrees":"0","last_agree_date":"1453806652","credits":"0","golds":"0","rmbs":"0","create_date":"1453806652","login_ip":"1926745507","login_date":"1478507286","logins":"48071","avatar":"1458803475","member_id":"ff8080814fa79c5b014fabbb30dd0ed3","headimg":"","userlevel":"0","levelimg":"","is_avatar":"1","avatar_default":"7","create_date_fmt":"2016-01-26","login_ip_fmt":"114.215.205.163","login_date_fmt":"2016-11-07","groupname":"\u7248\u4e3b\u7ec4","avatar_url":"http:\/\/www.caicui.com\/upload\/avatar\/big_ff8080814fa79c5b014fabbb30dd0ed3.jpg","online_status":1},"19740":{"uid":"19740","gid":"4","username":"zbct","threads":"0","posts":"138","myagrees":"1","agrees":"0","last_agree_date":"1478507044","credits":"0","golds":"0","rmbs":"0","create_date":"1463388114","login_ip":"1926754020","login_date":"1497320623","logins":"22427","avatar":"1463388114","member_id":"8a22ecb5545c72090154b8ba9021408e","headimg":"","userlevel":"0","levelimg":"","is_avatar":"1","avatar_default":"0","create_date_fmt":"2016-05-16","login_ip_fmt":"114.215.238.228","login_date_fmt":"2017-06-13","groupname":"\u7248\u4e3b\u7ec4","avatar_url":"http:\/\/www.caicui.com\/upload\/avatar\/big_8a22ecb5545c72090154b8ba9021408e.jpg","online_status":1}},"newtids":[]},"58":{"fid":"58","name":"BA2","rank":"74","threads":"0","todayposts":"0","todaythreads":"0","brief":"","accesson":"0","orderby":"0","create_date":"1504250859","icon":"0","moduids":"","seo_title":"","seo_keywords":"","categoryid":"ff8080814c7e36d9014c9c3219fa01a8","subjectid":"8a22cc685c3379ab015c62a76fae02f1","create_date_fmt":"2017-9-1","icon_url":"static\/forum.png","accesslist":[],"modlist":[],"newtids":[]},"59":{"fid":"59","name":"BA3","rank":"73","threads":"0","todayposts":"0","todaythreads":"0","brief":"","accesson":"0","orderby":"0","create_date":"1504250858","icon":"0","moduids":"","seo_title":"","seo_keywords":"","categoryid":"ff8080814c7e36d9014c9c3219fa01a8","subjectid":"8a22cc685c3379ab015c62a7c51b02f2","create_date_fmt":"2017-9-1","icon_url":"static\/forum.png","accesslist":[],"modlist":[],"newtids":[]},"60":{"fid":"60","name":"CIMA \u8d22\u52a1\u82f1\u8bed","rank":"72","threads":"0","todayposts":"0","todaythreads":"0","brief":"","accesson":"0","orderby":"0","create_date":"1504250858","icon":"0","moduids":"","seo_title":"","seo_keywords":"","categoryid":"ff8080814c7e36d9014c9c3219fa01a8","subjectid":"","create_date_fmt":"2017-9-1","icon_url":"static\/forum.png","accesslist":[],"modlist":[],"newtids":[]},"61":{"fid":"61","name":"CIMA E1","rank":"71","threads":"0","todayposts":"0","todaythreads":"0","brief":"","accesson":"0","orderby":"0","create_date":"1504252044","icon":"0","moduids":"","seo_title":"","seo_keywords":"","categoryid":"ff8080814c7e36d9014c9c3219fa01a8","subjectid":"ff8080814e44227f014e4797ca600073","create_date_fmt":"2017-9-1","icon_url":"static\/forum.png","accesslist":[],"modlist":[],"newtids":[]},"62":{"fid":"62","name":"CIMA P1","rank":"70","threads":"0","todayposts":"0","todaythreads":"0","brief":"","accesson":"0","orderby":"0","create_date":"1504250857","icon":"0","moduids":"","seo_title":"","seo_keywords":"","categoryid":"ff8080814c7e36d9014c9c3219fa01a8","subjectid":"ff8080814cd9d8e3014d045eb93703ba","create_date_fmt":"2017-9-1","icon_url":"static\/forum.png","accesslist":[],"modlist":[],"newtids":[]},"63":{"fid":"63","name":"CIMA F1","rank":"69","threads":"0","todayposts":"0","todaythreads":"0","brief":"","accesson":"0","orderby":"0","create_date":"1504250857","icon":"0","moduids":"","seo_title":"","seo_keywords":"","categoryid":"ff8080814c7e36d9014c9c3219fa01a8","subjectid":"ff8080814c7e36d9014c9c328fe701a9","create_date_fmt":"2017-9-1","icon_url":"static\/forum.png","accesslist":[],"modlist":[],"newtids":[]},"64":{"fid":"64","name":"CIMA E2","rank":"68","threads":"0","todayposts":"0","todaythreads":"0","brief":"","accesson":"0","orderby":"0","create_date":"1504250857","icon":"0","moduids":"","seo_title":"","seo_keywords":"","categoryid":"ff8080814c7e36d9014c9c3219fa01a8","subjectid":"ff8080814fd49677014ffe94594d6263","create_date_fmt":"2017-9-1","icon_url":"static\/forum.png","accesslist":[],"modlist":[],"newtids":[]},"65":{"fid":"65","name":"CIMA P2","rank":"67","threads":"0","todayposts":"0","todaythreads":"0","brief":"","accesson":"0","orderby":"0","create_date":"1504250856","icon":"0","moduids":"","seo_title":"","seo_keywords":"","categoryid":"ff8080814c7e36d9014c9c3219fa01a8","subjectid":"ff8080814f6ccf1f014f6cd88a5a000a","create_date_fmt":"2017-9-1","icon_url":"static\/forum.png","accesslist":[],"modlist":[],"newtids":[]},"66":{"fid":"66","name":"CIMA F2","rank":"66","threads":"1","todayposts":"0","todaythreads":"1","brief":"","accesson":"0","orderby":"0","create_date":"1504250855","icon":"0","moduids":"","seo_title":"","seo_keywords":"","categoryid":"ff8080814c7e36d9014c9c3219fa01a8","subjectid":"ff8080814d1db79b014d2d99d2c8029a","create_date_fmt":"2017-9-1","icon_url":"static\/forum.png","accesslist":[],"modlist":[],"newtids":[]},"67":{"fid":"67","name":"CIMA E3","rank":"65","threads":"0","todayposts":"0","todaythreads":"0","brief":"","accesson":"0","orderby":"0","create_date":"1504252682","icon":"0","moduids":"","seo_title":"","seo_keywords":"","categoryid":"ff8080814c7e36d9014c9c3219fa01a8","subjectid":"ff8080814d989210014d9ee29aba09b1","create_date_fmt":"2017-9-1","icon_url":"static\/forum.png","accesslist":[],"modlist":[],"newtids":[]},"68":{"fid":"68","name":"CIMA P3","rank":"64","threads":"0","todayposts":"0","todaythreads":"0","brief":"","accesson":"0","orderby":"0","create_date":"1504250854","icon":"0","moduids":"","seo_title":"","seo_keywords":"","categoryid":"ff8080814c7e36d9014c9c3219fa01a8","subjectid":"ff8080814e062b43014e2dbd6691115c","create_date_fmt":"2017-9-1","icon_url":"static\/forum.png","accesslist":[],"modlist":[],"newtids":[]},"69":{"fid":"69","name":"CIMA F3","rank":"63","threads":"0","todayposts":"0","todaythreads":"0","brief":"","accesson":"0","orderby":"0","create_date":"1504252038","icon":"0","moduids":"","seo_title":"","seo_keywords":"","categoryid":"ff8080814c7e36d9014c9c3219fa01a8","subjectid":"ff8080814db86d41014dc1bb4cc2064b","create_date_fmt":"2017-9-1","icon_url":"static\/forum.png","accesslist":[],"modlist":[],"newtids":[]},"57":{"fid":"57","name":"CPA","rank":"61","threads":"8","todayposts":"0","todaythreads":"0","brief":"","accesson":"0","orderby":"0","create_date":"1504250859","icon":"0","moduids":"","seo_title":"","seo_keywords":"","categoryid":"8a22ecb5560c52c901562b80c6f00061","subjectid":"8a22ecb5560c52c901562b83332e0063,8a22ecb5576add0201576f55e3c9001d,8a22ecb5560c52c901562b82b91b0062,8a22ecb5560c52c901562b8467dd0064","create_date_fmt":"2017-9-1","icon_url":"static\/forum.png","accesslist":[],"modlist":[],"newtids":[]},"44":{"fid":"44","name":"CIMA","rank":"59","threads":"7","todayposts":"0","todaythreads":"0","brief":"","accesson":"0","orderby":"0","create_date":"1504252237","icon":"0","moduids":"","seo_title":"","seo_keywords":"","categoryid":"","subjectid":"","create_date_fmt":"2017-9-1","icon_url":"static\/forum.png","accesslist":[],"modlist":[],"newtids":[]},"56":{"fid":"56","name":"FRM","rank":"58","threads":"434","todayposts":"13","todaythreads":"2","brief":"","accesson":"0","orderby":"0","create_date":"1504250860","icon":"0","moduids":"","seo_title":"","seo_keywords":"","categoryid":"8a22ecb5537864ee015378fa05a10001","subjectid":"8a22ecb55aa7aa10015acba68d7d0c56,8a22ecb5537864ee01537901cba30002","create_date_fmt":"2017-9-1","icon_url":"static\/forum.png","accesslist":[],"modlist":[],"newtids":{"49813":1507897670,"49880":1507876097}},"41":{"fid":"41","name":"CMA","rank":"57","threads":"2063","todayposts":"23","todaythreads":"14","brief":"","accesson":"0","orderby":"0","create_date":"1504250860","icon":"0","moduids":"3530","seo_title":"","seo_keywords":"","categoryid":"ff808081486933e601489c4662f60851","subjectid":"ff808081486933e601489c799f0f0868,ff808081486933e601489c7a1aa20869,ff8080814997fb36014998b8dc7404f1,ff8080814997fb36014998b8660904f0,ff8080814f3eb9ed014f48f2a7461389","create_date_fmt":"2017-9-1","icon_url":"static\/forum.png","accesslist":[],"modlist":{"3530":{"uid":"3530","gid":"4","username":"huyunong","threads":"33","posts":"1501","myagrees":"0","agrees":"0","last_agree_date":"1453806652","credits":"0","golds":"0","rmbs":"0","create_date":"1453806652","login_ip":"0","login_date":"1507541797","logins":"23750","avatar":"1456826181","member_id":"ff8080814a98ec3e014a990eab9a0096","headimg":"","userlevel":"0","levelimg":"","is_avatar":"1","avatar_default":"7","create_date_fmt":"2016-01-26","login_ip_fmt":"0.0.0.0","login_date_fmt":"2017-10-09","groupname":"\u7248\u4e3b\u7ec4","avatar_url":"http:\/\/www.caicui.com\/upload\/avatar\/big_ff8080814a98ec3e014a990eab9a0096.jpg","online_status":1}},"newtids":{"49893":1507895074,"49889":1507895018,"49885":1507894120,"49879":1507893399,"49878":1507892956,"49854":1507892130,"49065":1507891830,"49853":1507891397,"49852":1507891139,"49851":1507890795,"49850":1507889748,"49849":1507889690,"49902":1507887799,"49896":1507886125,"49780":1507879050,"49881":1507877553,"49835":1507870927}},"53":{"fid":"53","name":"OBU-OBU \u8bba\u6587\u57fa\u7840\u8bfe","rank":"25","threads":"0","todayposts":"0","todaythreads":"0","brief":" ","accesson":"0","orderby":"0","create_date":"1504250864","icon":"0","moduids":"16207,19740","seo_title":"","seo_keywords":"","categoryid":"8a22ecb551f17b3e0151f1e04c7d0118","subjectid":"8a22ecb551f17b3e0151f1e04c7d0118","create_date_fmt":"2017-9-1","icon_url":"static\/forum.png","accesslist":[],"modlist":{"16207":{"uid":"16207","gid":"4","username":"powerful","threads":"8","posts":"0","myagrees":"0","agrees":"1","last_agree_date":"0","credits":"0","golds":"0","rmbs":"0","create_date":"1456388886","login_ip":"2093854898","login_date":"1456643889","logins":"3","avatar":"1456469946","member_id":"b1e117f3db9911e591a000163e003a01","headimg":"","userlevel":"0","levelimg":"","is_avatar":"","avatar_default":"0","create_date_fmt":"2016-02-25","login_ip_fmt":"124.205.176.178","login_date_fmt":"2016-02-28","groupname":"\u7248\u4e3b\u7ec4","avatar_url":"http:\/\/www.caicui.com\/upload\/avatar\/big_0.png","online_status":1},"19740":{"uid":"19740","gid":"4","username":"zbct","threads":"0","posts":"138","myagrees":"1","agrees":"0","last_agree_date":"1478507044","credits":"0","golds":"0","rmbs":"0","create_date":"1463388114","login_ip":"1926754020","login_date":"1497320623","logins":"22427","avatar":"1463388114","member_id":"8a22ecb5545c72090154b8ba9021408e","headimg":"","userlevel":"0","levelimg":"","is_avatar":"1","avatar_default":"0","create_date_fmt":"2016-05-16","login_ip_fmt":"114.215.238.228","login_date_fmt":"2017-06-13","groupname":"\u7248\u4e3b\u7ec4","avatar_url":"http:\/\/www.caicui.com\/upload\/avatar\/big_8a22ecb5545c72090154b8ba9021408e.jpg","online_status":1}},"newtids":[]},"54":{"fid":"54","name":"OBU-OBU \u8bba\u6587\u63d0\u9ad8\u8bfe","rank":"24","threads":"2","todayposts":"0","todaythreads":"0","brief":" ","accesson":"0","orderby":"0","create_date":"1504250865","icon":"0","moduids":"16207,19740","seo_title":"","seo_keywords":"","categoryid":"8a22ecb551f17b3e0151f1e161900125","subjectid":"8a22ecb551f17b3e0151f1e161900125","create_date_fmt":"2017-9-1","icon_url":"static\/forum.png","accesslist":[],"modlist":{"16207":{"uid":"16207","gid":"4","username":"powerful","threads":"8","posts":"0","myagrees":"0","agrees":"1","last_agree_date":"0","credits":"0","golds":"0","rmbs":"0","create_date":"1456388886","login_ip":"2093854898","login_date":"1456643889","logins":"3","avatar":"1456469946","member_id":"b1e117f3db9911e591a000163e003a01","headimg":"","userlevel":"0","levelimg":"","is_avatar":"","avatar_default":"0","create_date_fmt":"2016-02-25","login_ip_fmt":"124.205.176.178","login_date_fmt":"2016-02-28","groupname":"\u7248\u4e3b\u7ec4","avatar_url":"http:\/\/www.caicui.com\/upload\/avatar\/big_0.png","online_status":1},"19740":{"uid":"19740","gid":"4","username":"zbct","threads":"0","posts":"138","myagrees":"1","agrees":"0","last_agree_date":"1478507044","credits":"0","golds":"0","rmbs":"0","create_date":"1463388114","login_ip":"1926754020","login_date":"1497320623","logins":"22427","avatar":"1463388114","member_id":"8a22ecb5545c72090154b8ba9021408e","headimg":"","userlevel":"0","levelimg":"","is_avatar":"1","avatar_default":"0","create_date_fmt":"2016-05-16","login_ip_fmt":"114.215.238.228","login_date_fmt":"2017-06-13","groupname":"\u7248\u4e3b\u7ec4","avatar_url":"http:\/\/www.caicui.com\/upload\/avatar\/big_8a22ecb5545c72090154b8ba9021408e.jpg","online_status":1}},"newtids":[]},"15":{"fid":"15","name":"\u516c\u5f00\u8bfe-ACCA","rank":"23","threads":"0","todayposts":"0","todaythreads":"0","brief":" ","accesson":"0","orderby":"0","create_date":"1504250865","icon":"0","moduids":"19740","seo_title":"","seo_keywords":"","categoryid":"ff808081481f989801481fa22db00003","subjectid":"ff808081481f989801481fa22db00003","create_date_fmt":"2017-9-1","icon_url":"static\/forum.png","accesslist":[],"modlist":{"19740":{"uid":"19740","gid":"4","username":"zbct","threads":"0","posts":"138","myagrees":"1","agrees":"0","last_agree_date":"1478507044","credits":"0","golds":"0","rmbs":"0","create_date":"1463388114","login_ip":"1926754020","login_date":"1497320623","logins":"22427","avatar":"1463388114","member_id":"8a22ecb5545c72090154b8ba9021408e","headimg":"","userlevel":"0","levelimg":"","is_avatar":"1","avatar_default":"0","create_date_fmt":"2016-05-16","login_ip_fmt":"114.215.238.228","login_date_fmt":"2017-06-13","groupname":"\u7248\u4e3b\u7ec4","avatar_url":"http:\/\/www.caicui.com\/upload\/avatar\/big_8a22ecb5545c72090154b8ba9021408e.jpg","online_status":1}},"newtids":[]},"28":{"fid":"28","name":"ACCA-ICFE\u8d22\u52a1\u82f1\u8bed","rank":"22","threads":"74","todayposts":"0","todaythreads":"0","brief":" ","accesson":"0","orderby":"0","create_date":"1504250865","icon":"0","moduids":"19740","seo_title":"","seo_keywords":"","categoryid":"ff808081481f989801482047193f001c","subjectid":"ff808081481f989801482047193f001c","create_date_fmt":"2017-9-1","icon_url":"static\/forum.png","accesslist":[],"modlist":{"19740":{"uid":"19740","gid":"4","username":"zbct","threads":"0","posts":"138","myagrees":"1","agrees":"0","last_agree_date":"1478507044","credits":"0","golds":"0","rmbs":"0","create_date":"1463388114","login_ip":"1926754020","login_date":"1497320623","logins":"22427","avatar":"1463388114","member_id":"8a22ecb5545c72090154b8ba9021408e","headimg":"","userlevel":"0","levelimg":"","is_avatar":"1","avatar_default":"0","create_date_fmt":"2016-05-16","login_ip_fmt":"114.215.238.228","login_date_fmt":"2017-06-13","groupname":"\u7248\u4e3b\u7ec4","avatar_url":"http:\/\/www.caicui.com\/upload\/avatar\/big_8a22ecb5545c72090154b8ba9021408e.jpg","online_status":1}},"newtids":[]},"5":{"fid":"5","name":"\u5b66\u5458\u8ba8\u8bba\u533a","rank":"1","threads":"4","todayposts":"0","todaythreads":"0","brief":"","accesson":"0","orderby":"0","create_date":"1504250866","icon":"0","moduids":"","seo_title":"","seo_keywords":"","categoryid":null,"subjectid":null,"create_date_fmt":"2017-9-1","icon_url":"static\/forum.png","accesslist":[],"modlist":[],"newtids":[]},"30":{"fid":"30","name":"\u4f1a\u8ba1\u4ece\u4e1a","rank":"1","threads":"12","todayposts":"0","todaythreads":"0","brief":" ","accesson":"0","orderby":"0","create_date":"1504250866","icon":"0","moduids":"","seo_title":"","seo_keywords":"","categoryid":"ff8080814b7c866a014b821749cf11e8","subjectid":"ff8080814b7c866a014b821cce6f11fc,ff8080814b7c866a014b821b4c4811f1,ff8080814b7c866a014b821a3cb811f0","create_date_fmt":"2017-9-1","icon_url":"static\/forum.png","accesslist":[],"modlist":[],"newtids":[]},"47":{"fid":"47","name":"ACCA-ACCA \u8d22\u52a1\u82f1\u8bed\u57fa\u7840\u8bfe","rank":"1","threads":"455","todayposts":"4","todaythreads":"4","brief":" ","accesson":"0","orderby":"0","create_date":"1504250866","icon":"0","moduids":"19740","seo_title":"","seo_keywords":"","categoryid":"ff8080814f3eb9ed014f48ee5deb1361","subjectid":"ff8080814f3eb9ed014f48ee5deb1361","create_date_fmt":"2017-9-1","icon_url":"static\/forum.png","accesslist":[],"modlist":{"19740":{"uid":"19740","gid":"4","username":"zbct","threads":"0","posts":"138","myagrees":"1","agrees":"0","last_agree_date":"1478507044","credits":"0","golds":"0","rmbs":"0","create_date":"1463388114","login_ip":"1926754020","login_date":"1497320623","logins":"22427","avatar":"1463388114","member_id":"8a22ecb5545c72090154b8ba9021408e","headimg":"","userlevel":"0","levelimg":"","is_avatar":"1","avatar_default":"0","create_date_fmt":"2016-05-16","login_ip_fmt":"114.215.238.228","login_date_fmt":"2017-06-13","groupname":"\u7248\u4e3b\u7ec4","avatar_url":"http:\/\/www.caicui.com\/upload\/avatar\/big_8a22ecb5545c72090154b8ba9021408e.jpg","online_status":1}},"newtids":{"49924":1507900520,"49836":1507897336,"49912":1507895248,"49874":1507886667,"49870":1507886589}}}