{
  "data" : [ {
    "id" : "40288aae4a139150014a13ec970916ad",
    "code" : 18,
    "creator" : "ADMIN",
    "enDescription" : null,
    "enShortTitle" : null,
    "enTitle" : "THE BUSINESS ORGANISATION, ITSSTAKEHOLDERS AND THE EXTERNALENVIRONMENT",
    "knowledgePointState" : null,
    "zhDescription" : null,
    "zhShortTitle" : null,
    "zhTitle" : null,
    "officialNo" : "A",
    "pointType" : "",
    "knowledgeNodeId" : "40288aae4a139150014a13ec972816ae",
    "knowledgePointId" : "40288aae4a139150014a13ec970916ad",
    "parentId" : "ff8080814a04df96014a13037c44243e"
  }, {
    "id" : "40288aae4a139150014a13eca947172d",
    "code" : 82,
    "creator" : "ADMIN",
    "enDescription" : null,
    "enShortTitle" : null,
    "enTitle" : "BUSINESS ORGANISATION STRUCTURE,FUNCTIONS AND GOVERNANCE",
    "knowledgePointState" : null,
    "zhDescription" : null,
    "zhShortTitle" : null,
    "zhTitle" : null,
    "officialNo" : "B",
    "pointType" : "",
    "knowledgeNodeId" : "40288aae4a139150014a13eca965172e",
    "knowledgePointId" : "40288aae4a139150014a13eca947172d",
    "parentId" : "ff8080814a04df96014a13037c44243e"
  }, {
    "id" : "40288aae4a139150014a13ecbb17179b",
    "code" : 137,
    "creator" : "ADMIN",
    "enDescription" : null,
    "enShortTitle" : null,
    "enTitle" : "ACCOUNTING AND REPORTING SYSTEMS,CONTROLS AND COMPLIANCE",
    "knowledgePointState" : null,
    "zhDescription" : null,
    "zhShortTitle" : null,
    "zhTitle" : null,
    "officialNo" : "C",
    "pointType" : "",
    "knowledgeNodeId" : "40288aae4a139150014a13ecbb2c179c",
    "knowledgePointId" : "40288aae4a139150014a13ecbb17179b",
    "parentId" : "ff8080814a04df96014a13037c44243e"
  }, {
    "id" : "40288aae4a139150014a13eccd0b1829",
    "code" : 208,
    "creator" : "ADMIN",
    "enDescription" : null,
    "enShortTitle" : null,
    "enTitle" : "LEADING AND MANAGING INDIVIDUALSAND TEAMS",
    "knowledgePointState" : null,
    "zhDescription" : null,
    "zhShortTitle" : null,
    "zhTitle" : null,
    "officialNo" : "D",
    "pointType" : "",
    "knowledgeNodeId" : "40288aae4a139150014a13eccd27182a",
    "knowledgePointId" : "40288aae4a139150014a13eccd0b1829",
    "parentId" : "ff8080814a04df96014a13037c44243e"
  }, {
    "id" : "40288aae4a139150014a13ece29218c1",
    "code" : 284,
    "creator" : "ADMIN",
    "enDescription" : null,
    "enShortTitle" : null,
    "enTitle" : "PROFESSIONAL ETHICS IN ACCOUNTINGAND BUSINESS",
    "knowledgePointState" : null,
    "zhDescription" : null,
    "zhShortTitle" : null,
    "zhTitle" : null,
    "officialNo" : "F",
    "pointType" : "",
    "knowledgeNodeId" : "40288aae4a139150014a13ece2ae18c2",
    "knowledgePointId" : "40288aae4a139150014a13ece29218c1",
    "parentId" : "ff8080814a04df96014a13037c44243e"
  } ],
  "state" : "success",
  "msg" : null,
  "code" : null
}