{
  "data" : [ {
    "orderId_item_id" : "C39A510FA4D547AA8ABB10C4000096A6",
    "expirationTime" : 1539422012,
    "isU" : "true",
    "buyTime" : 1489740077,
    "activeTime" : 1516094012,
    "isExpiration" : "false",
    "courseId" : "8a2a5fa451c0c3ad0151c2950ccf0080",
    "activeState" : "acitve",
    "lockStatus" : 0
  }, {
    "orderId_item_id" : "8a22ecb553a0b1320153a7251a8114a7",
    "isU" : "false",
    "buyTime" : 1458798140,
    "courseId" : "8a2a5fa451c0c3ad0151c2950ccf0080",
    "activeState" : "init",
    "lockStatus" : 0
  } ],
  "state" : "success",
  "msg" : ""
}