{
	"data": [{
		"courseName": "CMA Part II 中文 前导",
		"courseId": "8a22ecb5554cfedf015551f32c4a0047",
		"subjectId": "ff808081486933e601489c7a1aa20869",
		"subjectName": "CMA 中文 Part-2",
		"categoryId": "ff808081486933e601489c4662f60851",
		"categoryName": "CMA中文",
		"chapterNum": "13",
		"taskNum": "13",
		"taskTotal": "13",
		"teacherName": "Susie Zhang",
		"teacherImage": "/upload/201606/b369525b70a04212923e0a2e761ca664.png",
		"teacherHonor": "八年教龄，ACCA金牌讲师",
		"courseBackgroundImage": "/upload/201712/72471db84b2945918fb42c988ed3035a.jpg",
		"createTime": "1465958739",
		"lastModifyTime": "1513927456",
		"effectiveDay": "280",
		"versionId": "ff808081499d17aa01499dda5dba057b",
		"courseModuleType": "KNOWLEDGE_MODULE",
		"courseModel": "[]",
		"subjectIndex": "50",
		"categoryIndex": "10",
		"courseIndex": "160",
		"aim": "<p class=\"MsoNormal\">\r\n\t<span>P2 </span>财务决策这门课程涵盖内容非常广，包括财务报表的分析，制定长短期决策到融资，以及风险的管理和企业面临的职业道德等内容。从考试的角度看<span>CMA</span>考试侧重的是广度而不是深度。在复习的时候一定要紧扣大纲和知识点，没必要深度挖掘，同时注意章节间内容的逻辑和联系。<span></span> \r\n</p>\r\n<p class=\"MsoNormal\">\r\n\t<span></span> \r\n</p>\r\n<p class=\"MsoNormal\">\r\n\t<span> </span> \r\n</p>",
		"availability": "",
		"firstVideo": null,
		"outline": "",
		"coverPath": "/upload/201712/72471db84b2945918fb42c988ed3035a.jpg",
		"bigCoverPath": "/upload/201712/697461bf6c694a08af50da7a619cb091.jpg",
		"knowledgePointId": "",
		"videoTotalTime": 9394,
		"openTotalTime": 0,
		"examenTotalTime": 0,
		"chapters": [{
			"chapterTitle": "第一章",
			"chapterId": "8a22cc685c3379ab015c3d5fcb1d003d",
			"knowledgePointId": null,
			"isFree": "false",
			"orderList": 4,
			"isLeaf": "false",
			"videoTime": 0,
			"openTime": 0,
			"examTime": 0,
			"videoNum": 0,
			"openNum": 0,
			"examNum": 0,
			"pdfreadNum": 0,
			"entryNum": 0,
			"knowledgePointExerciseNum": 0,
			"chapterFiles": [],
			"chapterExtends": [],
			"tasks": [{
				"id": "ff8080814f6ccf1f014f6d242c670204",
				"taskId": "1c77eedfca7d5a6e4b06b13243b4b47f",
				"title": "测评",
				"taskType": "exam",
				"taskLevel": "core",
				"orderTask": 3,
				"express": "1",
				"totalCount": "9",
				"difficulty": "简单",
				"examenType": "chapter",
				"examUrl": null,
				"taskTime": "10"
			}, {
				"id": "8a22ecb5554cfedf015552142e100052",
				"taskId": "8a22ecb5554cfedf01555290ecc3007f",
				"title": "  直播",
				"taskType": "openCourse",
				"taskLevel": null,
				"orderTask": 2,
				"express": null,
				"attachmentPath": "/upload/201705/f90d35014640465a8b6d2ee88aa5c97a.pdf",
				"videoTime": "588",
				"videoSiteId": "D550E277598F7D23",
				"apiKey": "q6pLhLMSit3QuuYAD4TIyQ3pJNKiY0Ez",
				"videoCcid": "7E6DC20ED35360889C33DC5901307461",
				"taskTime": "588"
			}]
		}, {
			"chapterTitle": "第二章",
			"chapterId": "8a22ecb5554cfedf0155528579970079",
			"knowledgePointId": null,
			"isFree": "false",
			"orderList": 4,
			"isLeaf": "false",
			"videoTime": 0,
			"openTime": 0,
			"examTime": 0,
			"videoNum": 0,
			"openNum": 0,
			"examNum": 0,
			"pdfreadNum": 0,
			"entryNum": 0,
			"knowledgePointExerciseNum": 0,
			"tasks": [{
				"id": "ff8080814f6ccf1f014f6d242c670204",
				"taskId": "1c77eedfca7d5a6e4b06b13243b4b47f",
				"title": "测评",
				"taskType": "exam",
				"taskLevel": "core",
				"orderTask": 3,
				"express": "1",
				"totalCount": "9",
				"difficulty": "简单",
				"examenType": "chapter",
				"examUrl": null,
				"taskTime": "10"
			}, {
				"id": "8a22ecb5554cfedf015552142e100052",
				"taskId": "8a22ecb5554cfedf01555290ecc3007f",
				"title": "  直播",
				"taskType": "openCourse",
				"taskLevel": null,
				"orderTask": 2,
				"express": null,
				"attachmentPath": "/upload/201705/f90d35014640465a8b6d2ee88aa5c97a.pdf",
				"videoTime": "588",
				"videoSiteId": "D550E277598F7D23",
				"apiKey": "q6pLhLMSit3QuuYAD4TIyQ3pJNKiY0Ez",
				"videoCcid": "7E6DC20ED35360889C33DC5901307461",
				"taskTime": "588"
			}],
			"chapterFiles": [],
			"chapterExtends": [],
			"children": [{
				"chapterTitle": "第一节",
				"chapterId": "8a22ecb55c9b6c1b015caff7996101bb",
				"knowledgePointId": "8a22ecb55c9b6c1b015caffbe9d801cc",
				"isFree": "false",
				"orderList": 2,
				"isLeaf": "true",
				"videoTime": 758,
				"openTime": 0,
				"examTime": 0,
				"videoNum": 2,
				"openNum": 0,
				"examNum": 0,
				"pdfreadNum": 0,
				"entryNum": 0,
				"knowledgePointExerciseNum": 0,
				"tasks": [{
					"id": "ff8080814f6ccf1f014f6d242c670204",
					"taskId": "1c77eedfca7d5a6e4b06b13243b4b47f",
					"title": "测评",
					"taskType": "exam",
					"taskLevel": "core",
					"orderTask": 3,
					"express": "1",
					"totalCount": "9",
					"difficulty": "简单",
					"examenType": "chapter",
					"examUrl": null,
					"taskTime": "10"
				}, {
					"id": "8a22ecb5554cfedf015552142e100052",
					"taskId": "8a22ecb5554cfedf01555290ecc3007f",
					"title": "  直播",
					"taskType": "openCourse",
					"taskLevel": null,
					"orderTask": 2,
					"express": null,
					"attachmentPath": "/upload/201705/f90d35014640465a8b6d2ee88aa5c97a.pdf",
					"videoTime": "588",
					"videoSiteId": "D550E277598F7D23",
					"apiKey": "q6pLhLMSit3QuuYAD4TIyQ3pJNKiY0Ez",
					"videoCcid": "7E6DC20ED35360889C33DC5901307461",
					"taskTime": "588"
				}],
				"chapterFiles": [],
				"chapterExtends": [],
				"children": []
			},{
				"chapterTitle": "第二节",
				"chapterId": "8a22ecb55c9b6c1b015caff7996101bc",
				"knowledgePointId": "8a22ecb55c9b6c1b015caffbe9d801ca",
				"isFree": "false",
				"orderList": 2,
				"isLeaf": "true",
				"videoTime": 758,
				"openTime": 0,
				"examTime": 0,
				"videoNum": 2,
				"openNum": 0,
				"examNum": 0,
				"pdfreadNum": 0,
				"entryNum": 0,
				"knowledgePointExerciseNum": 0,
				"tasks": [{
					"id": "ff8080814f6ccf1f014f6d242c670204",
					"taskId": "1c77eedfca7d5a6e4b06b13243b4b47f",
					"title": "测评",
					"taskType": "exam",
					"taskLevel": "core",
					"orderTask": 3,
					"express": "1",
					"totalCount": "9",
					"difficulty": "简单",
					"examenType": "chapter",
					"examUrl": null,
					"taskTime": "10"
				}, {
					"id": "8a22ecb5554cfedf015552142e100052",
					"taskId": "8a22ecb5554cfedf01555290ecc3007f",
					"title": "  直播",
					"taskType": "openCourse",
					"taskLevel": null,
					"orderTask": 2,
					"express": null,
					"attachmentPath": "/upload/201705/f90d35014640465a8b6d2ee88aa5c97a.pdf",
					"videoTime": "588",
					"videoSiteId": "D550E277598F7D23",
					"apiKey": "q6pLhLMSit3QuuYAD4TIyQ3pJNKiY0Ez",
					"videoCcid": "7E6DC20ED35360889C33DC5901307461",
					"taskTime": "588"
				}],
				"chapterFiles": [],
				"chapterExtends": [],
				"children": []
			}]
		}, {
			"chapterTitle": "第三章",
			"chapterId": "8a22ecb5554cfedf01555285a891007a",
			"knowledgePointId": null,
			"isFree": "false",
			"orderList": 7,
			"isLeaf": "false",
			"videoTime": 0,
			"openTime": 0,
			"examTime": 0,
			"videoNum": 0,
			"openNum": 0,
			"examNum": 0,
			"pdfreadNum": 0,
			"entryNum": 0,
			"knowledgePointExerciseNum": 0,
			"tasks": [{
				"id": "ff8080814f6ccf1f014f6d242c670204",
				"taskId": "1c77eedfca7d5a6e4b06b13243b4b47f",
				"title": "测评",
				"taskType": "exam",
				"taskLevel": "core",
				"orderTask": 3,
				"express": "1",
				"totalCount": "9",
				"difficulty": "简单",
				"examenType": "chapter",
				"examUrl": null,
				"taskTime": "10"
			}, {
				"id": "8a22ecb5554cfedf015552142e100052",
				"taskId": "8a22ecb5554cfedf01555290ecc30070",
				"title": "  直播",
				"taskType": "openCourse",
				"taskLevel": "core",
				"orderTask": 2,
				"express": null,
				"attachmentPath": "/upload/201705/f90d35014640465a8b6d2ee88aa5c97a.pdf",
				"videoTime": "588",
				"videoSiteId": "D550E277598F7D23",
				"apiKey": "q6pLhLMSit3QuuYAD4TIyQ3pJNKiY0Ez",
				"videoCcid": "7E6DC20ED35360889C33DC5901307461",
				"taskTime": "588"
			}],
			"chapterFiles": [],
			"chapterExtends": [],
			"children": [{
				"chapterTitle": "第一节",
				"chapterId": "8a22ecb55c9b6c1b015caff85bfe01c3",
				"knowledgePointId": "8a22ecb55c9b6c1b015cb000530201dc",
				"isFree": "false",
				"orderList": 6,
				"isLeaf": "true",
				"videoTime": 995,
				"openTime": 0,
				"examTime": 0,
				"videoNum": 2,
				"openNum": 0,
				"examNum": 0,
				"pdfreadNum": 0,
				"entryNum": 0,
				"knowledgePointExerciseNum": 0,
				"tasks": [],
				"chapterFiles": [],
				"chapterExtends": [],
				"children": [{
					"chapterTitle": "第一段",
					"chapterId": "8a22ecb55c9b6c1b015caff85bfe01c4",
					"knowledgePointId": "8a22ecb55c9b6c1b015cb000530201dc",
					"isFree": "false",
					"orderList": 6,
					"isLeaf": "true",
					"videoTime": 995,
					"openTime": 0,
					"examTime": 0,
					"videoNum": 2,
					"openNum": 0,
					"examNum": 0,
					"pdfreadNum": 0,
					"entryNum": 0,
					"knowledgePointExerciseNum": 0,
					"tasks": [{
						"id": "8a22ecb5554cfedf01555213e1c60051",
						"taskId": "8a22ecb5554cfedf0155528f8777007e",
						"title": "第一章 课程介绍",
						"taskType": "video",
						"taskLevel": null,
						"orderTask": 1,
						"express": null,
						"attachmentPath": "",
						"videoTime": "170",
						"videoSiteId": "D550E277598F7D23",
						"apiKey": "q6pLhLMSit3QuuYAD4TIyQ3pJNKiY0Ez",
						"videoCcid": "B2963B638CD9DEC49C33DC5901307461",
						"taskTime": "170"
					}, {
						"id": "8a22ecb5554cfedf015552142e100052",
						"taskId": "8a22ecb5554cfedf01555290ecc30078",
						"title": "  第一节 会计基本假设",
						"taskType": "video",
						"taskLevel": null,
						"orderTask": 2,
						"express": null,
						"attachmentPath": "/upload/201705/f90d35014640465a8b6d2ee88aa5c97a.pdf",
						"videoTime": "588",
						"videoSiteId": "D550E277598F7D23",
						"apiKey": "q6pLhLMSit3QuuYAD4TIyQ3pJNKiY0Ez",
						"videoCcid": "7E6DC20ED35360889C33DC5901307461",
						"taskTime": "588"
					},{
						"id": "ff8080814f6ccf1f014f6d242c670204",
						"taskId": "1c77eedfca7d5a6e4b06b13243b4b477",
						"title": "测评",
						"taskType": "exam",
						"taskLevel": "",
						"orderTask": 3,
						"express": "1",
						"totalCount": "9",
						"difficulty": "简单",
						"examenType": "chapter",
						"examUrl": null,
						"taskTime": "10"
					}, {
						"id": "8a22ecb5554cfedf015552142e100052",
						"taskId": "8a22ecb5554cfedf01555290ecc30071",
						"title": "  直播",
						"taskType": "openCourse",
						"taskLevel": null,
						"orderTask": 2,
						"express": null,
						"attachmentPath": "/upload/201705/f90d35014640465a8b6d2ee88aa5c97a.pdf",
						"videoTime": "588",
						"videoSiteId": "D550E277598F7D23",
						"apiKey": "q6pLhLMSit3QuuYAD4TIyQ3pJNKiY0Ez",
						"videoCcid": "7E6DC20ED35360889C33DC5901307461",
						"taskTime": "588"
					}],
					"chapterFiles": [],
					"chapterExtends": [],
					"children": []
				}]
			},{
				"chapterTitle": "第二节",
				"chapterId": "8a22ecb55c9b6c1b015caff85bfe01c3",
				"knowledgePointId": "8a22ecb55c9b6c1b015cb000530201dc",
				"isFree": "false",
				"orderList": 6,
				"isLeaf": "true",
				"videoTime": 995,
				"openTime": 0,
				"examTime": 0,
				"videoNum": 2,
				"openNum": 0,
				"examNum": 0,
				"pdfreadNum": 0,
				"entryNum": 0,
				"knowledgePointExerciseNum": 0,
				"tasks": [],
				"chapterFiles": [],
				"chapterExtends": [],
				"children": [{
					"chapterTitle": "第一段",
					"chapterId": "8a22ecb55c9b6c1b015caff85bfe01c5",
					"knowledgePointId": "8a22ecb55c9b6c1b015cb000530201dc",
					"isFree": "false",
					"orderList": 6,
					"isLeaf": "true",
					"videoTime": 995,
					"openTime": 0,
					"examTime": 0,
					"videoNum": 2,
					"openNum": 0,
					"examNum": 0,
					"pdfreadNum": 0,
					"entryNum": 0,
					"knowledgePointExerciseNum": 0,
					"tasks": [{
						"id": "ff8080814f6ccf1f014f6d242c670204",
						"taskId": "1c77eedfca7d5a6e4b06b13243b4b47f",
						"title": "测评",
						"taskType": "exam",
						"taskLevel": "core",
						"orderTask": 3,
						"express": "1",
						"totalCount": "9",
						"difficulty": "简单",
						"examenType": "chapter",
						"examUrl": null,
						"taskTime": "10"
					}, {
						"id": "8a22ecb5554cfedf015552142e100052",
						"taskId": "8a22ecb5554cfedf01555290ecc3007f",
						"title": "  直播",
						"taskType": "openCourse",
						"taskLevel": null,
						"orderTask": 2,
						"express": null,
						"attachmentPath": "/upload/201705/f90d35014640465a8b6d2ee88aa5c97a.pdf",
						"videoTime": "588",
						"videoSiteId": "D550E277598F7D23",
						"apiKey": "q6pLhLMSit3QuuYAD4TIyQ3pJNKiY0Ez",
						"videoCcid": "7E6DC20ED35360889C33DC5901307461",
						"taskTime": "588"
					}],
					"chapterFiles": [],
					"chapterExtends": [],
					"children": []
				}, {
					"chapterTitle": "第二段",
					"chapterId": "8a22ecb55c9b6c1b015caff85bfe01c6",
					"knowledgePointId": "8a22ecb55c9b6c1b015cb000530201dc",
					"isFree": "false",
					"orderList": 6,
					"isLeaf": "true",
					"videoTime": 995,
					"openTime": 0,
					"examTime": 0,
					"videoNum": 2,
					"openNum": 0,
					"examNum": 0,
					"pdfreadNum": 0,
					"entryNum": 0,
					"knowledgePointExerciseNum": 0,
					"tasks": [{
						"id": "ff8080814f6ccf1f014f6d242c670204",
						"taskId": "1c77eedfca7d5a6e4b06b13243b4b47f",
						"title": "测评",
						"taskType": "exam",
						"taskLevel": "core",
						"orderTask": 3,
						"express": "1",
						"totalCount": "9",
						"difficulty": "简单",
						"examenType": "chapter",
						"examUrl": null,
						"taskTime": "10"
					}, {
						"id": "8a22ecb5554cfedf015552142e100052",
						"taskId": "8a22ecb5554cfedf01555290ecc3007f",
						"title": "  直播",
						"taskType": "openCourse",
						"taskLevel": null,
						"orderTask": 2,
						"express": null,
						"attachmentPath": "/upload/201705/f90d35014640465a8b6d2ee88aa5c97a.pdf",
						"videoTime": "588",
						"videoSiteId": "D550E277598F7D23",
						"apiKey": "q6pLhLMSit3QuuYAD4TIyQ3pJNKiY0Ez",
						"videoCcid": "7E6DC20ED35360889C33DC5901307461",
						"taskTime": "588"
					}],
					"chapterFiles": [],
					"chapterExtends": [],
					"children": []
				}]
			},{
				"chapterTitle": "第三节",
				"chapterId": "8a22ecb55c9b6c1b015caff85bfe01c3",
				"knowledgePointId": "8a22ecb55c9b6c1b015cb000530201dc",
				"isFree": "false",
				"orderList": 6,
				"isLeaf": "true",
				"videoTime": 995,
				"openTime": 0,
				"examTime": 0,
				"videoNum": 2,
				"openNum": 0,
				"examNum": 0,
				"pdfreadNum": 0,
				"entryNum": 0,
				"knowledgePointExerciseNum": 0,
				"tasks": [{
					"id": "ff8080814f6ccf1f014f6d242c670204",
					"taskId": "1c77eedfca7d5a6e4b06b13243b4b47f",
					"title": "测评",
					"taskType": "exam",
					"taskLevel": "core",
					"orderTask": 3,
					"express": "1",
					"totalCount": "9",
					"difficulty": "简单",
					"examenType": "chapter",
					"examUrl": null,
					"taskTime": "10"
				}, {
					"id": "8a22ecb5554cfedf015552142e100052",
					"taskId": "8a22ecb5554cfedf01555290ecc30088",
					"title": "  直播",
					"taskType": "openCourse",
					"taskLevel": "core",
					"orderTask": 2,
					"express": null,
					"attachmentPath": "/upload/201705/f90d35014640465a8b6d2ee88aa5c97a.pdf",
					"videoTime": "588",
					"videoSiteId": "D550E277598F7D23",
					"apiKey": "q6pLhLMSit3QuuYAD4TIyQ3pJNKiY0Ez",
					"videoCcid": "7E6DC20ED35360889C33DC5901307461",
					"taskTime": "588"
				}],
				"chapterFiles": [],
				"chapterExtends": [],
				"children": [{
					"chapterTitle": "第一段",
					"chapterId": "8a22ecb55c9b6c1b015caff85bfe01c7",
					"knowledgePointId": "8a22ecb55c9b6c1b015cb000530201dc",
					"isFree": "false",
					"orderList": 6,
					"isLeaf": "true",
					"videoTime": 995,
					"openTime": 0,
					"examTime": 0,
					"videoNum": 2,
					"openNum": 0,
					"examNum": 0,
					"pdfreadNum": 0,
					"entryNum": 0,
					"knowledgePointExerciseNum": 0,
					"tasks": [{
						"id": "ff8080814f6ccf1f014f6d242c670204",
						"taskId": "1c77eedfca7d5a6e4b06b13243b4b47f",
						"title": "测评",
						"taskType": "exam",
						"taskLevel": "core",
						"orderTask": 3,
						"express": "1",
						"totalCount": "9",
						"difficulty": "简单",
						"examenType": "chapter",
						"examUrl": null,
						"taskTime": "10"
					}, {
						"id": "8a22ecb5554cfedf015552142e100052",
						"taskId": "8a22ecb5554cfedf01555290ecc3007f",
						"title": "  直播",
						"taskType": "openCourse",
						"taskLevel": null,
						"orderTask": 2,
						"express": null,
						"attachmentPath": "/upload/201705/f90d35014640465a8b6d2ee88aa5c97a.pdf",
						"videoTime": "588",
						"videoSiteId": "D550E277598F7D23",
						"apiKey": "q6pLhLMSit3QuuYAD4TIyQ3pJNKiY0Ez",
						"videoCcid": "7E6DC20ED35360889C33DC5901307461",
						"taskTime": "588"
					}],
					"chapterFiles": [],
					"chapterExtends": [],
					"children": []
				},{
					"chapterTitle": "第二段",
					"chapterId": "8a22ecb55c9b6c1b015caff85bfe01c8",
					"knowledgePointId": "8a22ecb55c9b6c1b015cb000530201dc",
					"isFree": "false",
					"orderList": 6,
					"isLeaf": "true",
					"videoTime": 995,
					"openTime": 0,
					"examTime": 0,
					"videoNum": 2,
					"openNum": 0,
					"examNum": 0,
					"pdfreadNum": 0,
					"entryNum": 0,
					"knowledgePointExerciseNum": 0,
					"tasks": [{
						"id": "ff8080814f6ccf1f014f6d242c670204",
						"taskId": "1c77eedfca7d5a6e4b06b13243b4b47f",
						"title": "测评",
						"taskType": "exam",
						"taskLevel": "core",
						"orderTask": 3,
						"express": "1",
						"totalCount": "9",
						"difficulty": "简单",
						"examenType": "chapter",
						"examUrl": null,
						"taskTime": "10"
					}, {
						"id": "8a22ecb5554cfedf015552142e100052",
						"taskId": "8a22ecb5554cfedf01555290ecc3007f",
						"title": "  直播",
						"taskType": "openCourse",
						"taskLevel": null,
						"orderTask": 2,
						"express": null,
						"attachmentPath": "/upload/201705/f90d35014640465a8b6d2ee88aa5c97a.pdf",
						"videoTime": "588",
						"videoSiteId": "D550E277598F7D23",
						"apiKey": "q6pLhLMSit3QuuYAD4TIyQ3pJNKiY0Ez",
						"videoCcid": "7E6DC20ED35360889C33DC5901307461",
						"taskTime": "588"
					}],
					"chapterFiles": [],
					"chapterExtends": [],
					"children": []
				},{
					"chapterTitle": "第三段",
					"chapterId": "8a22ecb55c9b6c1b015caff85bfe01cc",
					"knowledgePointId": "8a22ecb55c9b6c1b015cb000530201dc",
					"isFree": "false",
					"orderList": 6,
					"isLeaf": "true",
					"videoTime": 995,
					"openTime": 0,
					"examTime": 0,
					"videoNum": 2,
					"openNum": 0,
					"examNum": 0,
					"pdfreadNum": 0,
					"entryNum": 0,
					"knowledgePointExerciseNum": 0,
					"tasks": [{
						"id": "ff8080814f6ccf1f014f6d242c670204",
						"taskId": "1c77eedfca7d5a6e4b06b13243b4b47f",
						"title": "测评",
						"taskType": "exam",
						"taskLevel": "core",
						"orderTask": 3,
						"express": "1",
						"totalCount": "9",
						"difficulty": "简单",
						"examenType": "chapter",
						"examUrl": null,
						"taskTime": "10"
					}, {
						"id": "8a22ecb5554cfedf015552142e100052",
						"taskId": "8a22ecb5554cfedf01555290ecc3007f",
						"title": "  直播",
						"taskType": "openCourse",
						"taskLevel": null,
						"orderTask": 2,
						"express": null,
						"attachmentPath": "/upload/201705/f90d35014640465a8b6d2ee88aa5c97a.pdf",
						"videoTime": "588",
						"videoSiteId": "D550E277598F7D23",
						"apiKey": "q6pLhLMSit3QuuYAD4TIyQ3pJNKiY0Ez",
						"videoCcid": "7E6DC20ED35360889C33DC5901307461",
						"taskTime": "588"
					}],
					"chapterFiles": [],
					"chapterExtends": [],
					"children": []
				}]
			}]
		}, {
			"chapterTitle": "第四章",
			"chapterId": "8a22ecb5554cfedf01555285cd45007b",
			"knowledgePointId": null,
			"isFree": "false",
			"orderList": 9,
			"isLeaf": "false",
			"videoTime": 0,
			"openTime": 0,
			"examTime": 0,
			"videoNum": 0,
			"openNum": 0,
			"examNum": 0,
			"pdfreadNum": 0,
			"entryNum": 0,
			"knowledgePointExerciseNum": 0,
			"tasks": [{
				"id": "ff8080814f6ccf1f014f6d242c670204",
				"taskId": "1c77eedfca7d5a6e4b06b13243b4b47f",
				"title": "测评",
				"taskType": "exam",
				"taskLevel": "core",
				"orderTask": 3,
				"express": "1",
				"totalCount": "9",
				"difficulty": "简单",
				"examenType": "chapter",
				"examUrl": null,
				"taskTime": "10"
			}, {
				"id": "8a22ecb5554cfedf015552142e100052",
				"taskId": "8a22ecb5554cfedf01555290ecc3007f",
				"title": "  直播",
				"taskType": "openCourse",
				"taskLevel": null,
				"orderTask": 2,
				"express": null,
				"attachmentPath": "/upload/201705/f90d35014640465a8b6d2ee88aa5c97a.pdf",
				"videoTime": "588",
				"videoSiteId": "D550E277598F7D23",
				"apiKey": "q6pLhLMSit3QuuYAD4TIyQ3pJNKiY0Ez",
				"videoCcid": "7E6DC20ED35360889C33DC5901307461",
				"taskTime": "588"
			}],
			"chapterFiles": [],
			"chapterExtends": [],
			"children": [{
				"chapterTitle": "第四节",
				"chapterId": "8a22ecb55c9b6c1b015caffd6b1b01d0",
				"knowledgePointId": "8a22ecb55c9b6c1b015cb003832b01e9",
				"isFree": "false",
				"orderList": 9,
				"isLeaf": "true",
				"videoTime": 1368,
				"openTime": 0,
				"examTime": 0,
				"videoNum": 2,
				"openNum": 0,
				"examNum": 0,
				"pdfreadNum": 0,
				"entryNum": 0,
				"knowledgePointExerciseNum": 0,
				"tasks": [{
					"id": "ff8080814f6ccf1f014f6d242c670204",
					"taskId": "1c77eedfca7d5a6e4b06b13243b4b47f",
					"title": "测评",
					"taskType": "exam",
					"taskLevel": "core",
					"orderTask": 3,
					"express": "1",
					"totalCount": "9",
					"difficulty": "简单",
					"examenType": "chapter",
					"examUrl": null,
					"taskTime": "10"
				}, {
					"id": "8a22ecb5554cfedf015552142e100052",
					"taskId": "8a22ecb5554cfedf01555290ecc3007f",
					"title": "  直播",
					"taskType": "openCourse",
					"taskLevel": null,
					"orderTask": 2,
					"express": null,
					"attachmentPath": "/upload/201705/f90d35014640465a8b6d2ee88aa5c97a.pdf",
					"videoTime": "588",
					"videoSiteId": "D550E277598F7D23",
					"apiKey": "q6pLhLMSit3QuuYAD4TIyQ3pJNKiY0Ez",
					"videoCcid": "7E6DC20ED35360889C33DC5901307461",
					"taskTime": "588"
				}],
				"chapterFiles": [],
				"chapterExtends": [],
				"children": [{
					"chapterTitle": "第四段",
					"chapterId": "8a22ecb55c9b6c1b015caffdc38b01d2",
					"knowledgePointId": "8a22ecb55c9b6c1b015cb007cb0101ef",
					"isFree": "false",
					"orderList": 11,
					"isLeaf": "true",
					"videoTime": 752,
					"openTime": 0,
					"examTime": 0,
					"videoNum": 2,
					"openNum": 0,
					"examNum": 0,
					"pdfreadNum": 0,
					"entryNum": 0,
					"knowledgePointExerciseNum": 0,
					"tasks": [{
						"id": "ff8080814f6ccf1f014f6d242c670204",
						"taskId": "1c77eedfca7d5a6e4b06b13243b4b47f",
						"title": "测评",
						"taskType": "exam",
						"taskLevel": "core",
						"orderTask": 3,
						"express": "1",
						"totalCount": "9",
						"difficulty": "简单",
						"examenType": "chapter",
						"examUrl": null,
						"taskTime": "10"
					}, {
						"id": "8a22ecb5554cfedf015552142e100052",
						"taskId": "8a22ecb5554cfedf01555290ecc3007f",
						"title": "  直播",
						"taskType": "openCourse",
						"taskLevel": null,
						"orderTask": 2,
						"express": null,
						"attachmentPath": "/upload/201705/f90d35014640465a8b6d2ee88aa5c97a.pdf",
						"videoTime": "588",
						"videoSiteId": "D550E277598F7D23",
						"apiKey": "q6pLhLMSit3QuuYAD4TIyQ3pJNKiY0Ez",
						"videoCcid": "7E6DC20ED35360889C33DC5901307461",
						"taskTime": "588"
					}],
					"chapterFiles": [],
					"chapterExtends": [],
					"children": [{
						"chapterTitle": "第四句",
						"chapterId": "8a22ecb55c9b6c1b015caffeb74201d7",
						"knowledgePointId": "8a22ecb55c9b6c1b015cb0084bb201f2",
						"isFree": "false",
						"orderList": 12,
						"isLeaf": "true",
						"videoTime": 1197,
						"openTime": 0,
						"examTime": 0,
						"videoNum": 1,
						"openNum": 0,
						"examNum": 0,
						"pdfreadNum": 0,
						"entryNum": 0,
						"knowledgePointExerciseNum": 0,
						"tasks": [{
							"id": "ff8080814f6ccf1f014f6d242c670204",
							"taskId": "1c77eedfca7d5a6e4b06b13243b4b47f",
							"title": "测评",
							"taskType": "exam",
							"taskLevel": "core",
							"orderTask": 3,
							"express": "1",
							"totalCount": "9",
							"difficulty": "简单",
							"examenType": "chapter",
							"examUrl": null,
							"taskTime": "10"
						}, {
							"id": "8a22ecb5554cfedf015552142e100052",
							"taskId": "8a22ecb5554cfedf01555290ecc3007f",
							"title": "  直播",
							"taskType": "openCourse",
							"taskLevel": null,
							"orderTask": 2,
							"express": null,
							"attachmentPath": "/upload/201705/f90d35014640465a8b6d2ee88aa5c97a.pdf",
							"videoTime": "588",
							"videoSiteId": "D550E277598F7D23",
							"apiKey": "q6pLhLMSit3QuuYAD4TIyQ3pJNKiY0Ez",
							"videoCcid": "7E6DC20ED35360889C33DC5901307461",
							"taskTime": "588"
						}],
						"chapterFiles": [],
						"chapterExtends": [],
						"children": []
					}]
				}]
			}]
		}]
	}],
	"state": "success",
	"msg": null,
	"code": null
}