{
  "data" : {
    "total" : 62,
    "courselist" : [ {
      "categoryIndex" : "25",
      "taskTotal" : "69",
      "isU" : 0,
      "courseGroupId" : "8a22ecb55507806b015513ff85da00fa",
      "courseId" : "ff8080814e53385c014e6c98a25f0642",
      "outline" : "",
      "teacherName" : "Veronica Zhang",
      "lock_date" : null,
      "orderID_item_id" : "8a22ecb554559b010154bcd7d6b8142e",
      "categoryName" : "CIMA",
      "actimode" : 1,
      "subjectName" : "P1",
      "courseIndex" : "7",
      "subjectID" : "ff8080814cd9d8e3014d045eb93703ba",
      "lock_status" : null,
      "teacherHonor" : "张兵",
      "courseSource" : "zhongbo",
      "availability" : "",
      "expirationDate" : 180,
      "categoryId" : "ff8080814c7e36d9014c9c3219fa01a8",
      "courseBkImage" : "/upload/201504/bb85ca45a02f4fd28c2ca9136abfcdb5.jpg",
      "expirationTime" : 1505896898,
      "teacherImage" : "/upload/201606/427310f9260d4f22ad607cb3e384ad41.png",
      "versionId" : "ff8080814cd9d8e3014d04a36e8403c5",
      "subjectIndex" : "80",
      "courseName" : "CIMA Management Accounting（P1）"
    }, {
      "categoryIndex" : "5",
      "taskTotal" : "98",
      "isU" : 0,
      "courseGroupId" : "8a22ecb55507806b01550fbfd04a00b6",
      "courseId" : "ff8080814dad5062014db32051b801a2",
      "outline" : "",
      "teacherName" : "David Xi",
      "lock_date" : null,
      "orderID_item_id" : "8a22ecb55547978f015547a0cf87001c",
      "categoryName" : "ACCA",
      "actimode" : 1,
      "subjectName" : "F1",
      "courseIndex" : "1",
      "subjectID" : "ff808081473905e701476204cb6c006f",
      "lock_status" : null,
      "teacherHonor" : "ACCA金牌讲师",
      "courseSource" : "zhongbo",
      "availability" : "",
      "expirationDate" : 180,
      "categoryId" : "ff808081473905e701475cd3c2080001",
      "courseBkImage" : "/upload/201502/6096a5abb99846e3b9597f5bbb1a7b61.jpg",
      "expirationTime" : 1501819329,
      "teacherImage" : "/upload/201710/931686c744eb45d68e2787722ff7f48e.jpg",
      "versionId" : "ff808081473905e701476205d8740070",
      "subjectIndex" : "2",
      "courseName" : "ACCA F1 Accountant in Business"
    }, {
      "categoryIndex" : "5",
      "taskTotal" : "13",
      "isU" : 0,
      "courseGroupId" : "8a22ecb55507806b01550fed76b100c8",
      "courseId" : "ff8080814dc1dc4e014e00cc355c2deb",
      "outline" : "",
      "teacherName" : "David Xi",
      "lock_date" : null,
      "orderID_item_id" : "8a22ecb554e6d531015504a35eca047c",
      "categoryName" : "ACCA",
      "actimode" : 1,
      "subjectName" : "F1",
      "courseIndex" : "2",
      "subjectID" : "ff808081473905e701476204cb6c006f",
      "lock_status" : null,
      "teacherHonor" : "ACCA金牌讲师",
      "courseSource" : "zhongbo",
      "availability" : "",
      "expirationDate" : 180,
      "categoryId" : "ff808081473905e701475cd3c2080001",
      "courseBkImage" : "/upload/201502/fdd86b6fc447438495b5c136f5bab33f.jpg",
      "expirationTime" : 1501819268,
      "teacherImage" : "/upload/201710/931686c744eb45d68e2787722ff7f48e.jpg",
      "versionId" : "ff808081486933e6014888fb011e057b",
      "subjectIndex" : "2",
      "courseName" : "复习串讲-ACCA F1 Accountant in Business"
    }, {
      "categoryIndex" : "5",
      "taskTotal" : "98",
      "isU" : 0,
      "courseGroupId" : "8a22ecb55507806b01550fbfd04a00b6",
      "courseId" : "ff8080814dad5062014db32051b801a2",
      "outline" : "",
      "teacherName" : "David Xi",
      "lock_date" : null,
      "orderID_item_id" : "8a22ecb55215dca501521b4de72d06f6",
      "categoryName" : "ACCA",
      "actimode" : 1,
      "subjectName" : "F1",
      "courseIndex" : "1",
      "subjectID" : "ff808081473905e701476204cb6c006f",
      "lock_status" : null,
      "teacherHonor" : "ACCA金牌讲师",
      "courseSource" : "zhongbo",
      "availability" : "",
      "expirationDate" : 180,
      "categoryId" : "ff808081473905e701475cd3c2080001",
      "courseBkImage" : "/upload/201502/6096a5abb99846e3b9597f5bbb1a7b61.jpg",
      "expirationTime" : 1501819203,
      "teacherImage" : "/upload/201710/931686c744eb45d68e2787722ff7f48e.jpg",
      "versionId" : "ff808081473905e701476205d8740070",
      "subjectIndex" : "2",
      "courseName" : "ACCA F1 Accountant in Business"
    }, {
      "categoryIndex" : "25",
      "taskTotal" : "76",
      "isU" : 0,
      "courseGroupId" : "8a22ecb55507806b0155109f612e00f5",
      "courseId" : "ff8080814dc1dc4e014dff5fb39e276d",
      "outline" : "",
      "teacherName" : "Carrie Wang",
      "lock_date" : null,
      "orderID_item_id" : "8a22ecb554559b010154bcd7ce8d1428",
      "categoryName" : "CIMA",
      "actimode" : 1,
      "subjectName" : "C02",
      "courseIndex" : "2",
      "subjectID" : "ff8080814cd9d8e3014d045a64d703b9",
      "lock_status" : null,
      "teacherHonor" : "王姿",
      "courseSource" : "zhongbo",
      "availability" : "",
      "expirationDate" : 180,
      "categoryId" : "ff8080814c7e36d9014c9c3219fa01a8",
      "courseBkImage" : "/upload/201504/54569a195c9948e4be98f84a67d5a675.jpg",
      "expirationTime" : 1499568224,
      "teacherImage" : "/upload/201606/8b34edb54c7d4a1f857afbf1d80573be.png",
      "versionId" : "ff8080814cd9d8e3014d048cf9ad03bd",
      "subjectIndex" : "20",
      "courseName" : "CIMA Fundamentals of Financial Accounting（C02）"
    }, {
      "categoryIndex" : "25",
      "taskTotal" : "71",
      "isU" : 0,
      "courseGroupId" : "8a22ecb55507806b015513f900ad00f6",
      "courseId" : "ff8080814dc1dc4e014dff5fe19627d9",
      "outline" : "",
      "teacherName" : "Jeanne Ouyang",
      "lock_date" : null,
      "orderID_item_id" : "8a22ecb554559b010154bcd7d13e142a",
      "categoryName" : "CIMA",
      "actimode" : 1,
      "subjectName" : "C03",
      "courseIndex" : "3",
      "subjectID" : "ff8080814cd9d8e3014ce95d00fc01b7",
      "lock_status" : null,
      "teacherHonor" : "欧阳晓娇",
      "courseSource" : "zhongbo",
      "availability" : "",
      "expirationDate" : 180,
      "categoryId" : "ff8080814c7e36d9014c9c3219fa01a8",
      "courseBkImage" : "/upload/201504/76ca71fb78f24a22a9dbdff0a013921e.jpg",
      "expirationTime" : 1499568219,
      "teacherImage" : "/upload/201606/8c991d5ce43144618de94dcf54fbaf20.png",
      "versionId" : "ff8080814cd9d8e3014ce6014f1f01ad",
      "subjectIndex" : "30",
      "courseName" : "CIMA Fundamentals of Business Mathematics（C03）"
    }, {
      "categoryIndex" : "25",
      "taskTotal" : "83",
      "isU" : 0,
      "courseGroupId" : "8a22ecb55507806b015513fd75a500f8",
      "courseId" : "ff8080814dc1dc4e014dff6095f42810",
      "outline" : "",
      "teacherName" : "Courtney Liang",
      "lock_date" : null,
      "orderID_item_id" : "8a22ecb554559b010154bcd7d40d142c",
      "categoryName" : "CIMA",
      "actimode" : 1,
      "subjectName" : "C05",
      "courseIndex" : "5",
      "subjectID" : "ff8080814d1db79b014d2d89991c0290",
      "lock_status" : null,
      "teacherHonor" : "梁岩",
      "courseSource" : "zhongbo",
      "availability" : "",
      "expirationDate" : 180,
      "categoryId" : "ff8080814c7e36d9014c9c3219fa01a8",
      "courseBkImage" : "/upload/201505/00b306f94299454098395c40adc40979.jpg",
      "expirationTime" : 1499214496,
      "teacherImage" : "/upload/201606/d4bcb21a5fba4f27aedbbd8cc158f57d.png",
      "versionId" : "ff8080814d1db79b014d2d0e7f1b0284",
      "subjectIndex" : "50",
      "courseName" : "CIMA Fundamentalsof Ethics, Corporate Governance and Business Law(C05)"
    }, {
      "categoryIndex" : "25",
      "taskTotal" : "77",
      "isU" : 0,
      "courseGroupId" : "8a22ecb55507806b015513fec98d00f9",
      "courseId" : "ff8080814e44227f014e479bb5a50074",
      "outline" : "",
      "teacherName" : "Maggie Zhang",
      "lock_date" : null,
      "orderID_item_id" : "8a22ecb554559b010154bcdae2a21438",
      "categoryName" : "CIMA",
      "actimode" : 1,
      "subjectName" : "E1",
      "courseIndex" : "6",
      "subjectID" : "ff8080814e44227f014e4797ca600073",
      "lock_status" : null,
      "teacherHonor" : "张萍",
      "courseSource" : "zhongbo",
      "availability" : "",
      "expirationDate" : 180,
      "categoryId" : "ff8080814c7e36d9014c9c3219fa01a8",
      "courseBkImage" : "/upload/201507/924f877d5ca942428216a8ddee8b04b9.jpg",
      "expirationTime" : 1499214487,
      "teacherImage" : "/upload/201606/e2ddf6c31e3a45709db452bf5043ee92.png",
      "versionId" : "ff8080814e44227f014e479bb5a50074",
      "subjectIndex" : "60",
      "courseName" : "CIMA Enterprise Operations（E1）"
    }, {
      "categoryIndex" : "25",
      "taskTotal" : "63",
      "isU" : 0,
      "courseGroupId" : "8a22ecb55507806b0155140ca37e0102",
      "courseId" : "ff8080814dc1dc4e014dff41a28a26b4",
      "outline" : "",
      "teacherName" : "YingChun Wang",
      "lock_date" : null,
      "orderID_item_id" : "8a22ecb554559b010154bcdae83c143c",
      "categoryName" : "CIMA",
      "actimode" : 1,
      "subjectName" : "F3",
      "courseIndex" : "14",
      "subjectID" : "ff8080814db86d41014dc1bb4cc2064b",
      "lock_status" : null,
      "teacherHonor" : "汪迎春",
      "courseSource" : "zhongbo",
      "availability" : "",
      "expirationDate" : 180,
      "categoryId" : "ff8080814c7e36d9014c9c3219fa01a8",
      "courseBkImage" : "/upload/201506/90f663bb46814c06a102dd2280a37ad1.jpg",
      "expirationTime" : 1498012943,
      "teacherImage" : "/upload/201606/bbe4fc1001f048e6a446d55a0475e269.png",
      "versionId" : "ff8080814db86d41014dc149857a02b4",
      "subjectIndex" : "130",
      "courseName" : "CIMA Financial Strategy（F3）"
    }, {
      "categoryIndex" : "25",
      "taskTotal" : "75",
      "isU" : 0,
      "courseGroupId" : "8a22ecb55507806b0155140bff4a0101",
      "courseId" : "ff8080814e062b43014e297d52d20cfe",
      "outline" : "",
      "teacherName" : "YingChun Wang",
      "lock_date" : null,
      "orderID_item_id" : "8a22ecb554559b010154bcd7c92e1424",
      "categoryName" : "CIMA",
      "actimode" : 1,
      "subjectName" : "P3",
      "courseIndex" : "1",
      "subjectID" : "ff8080814e062b43014e2dbd6691115c",
      "lock_status" : null,
      "teacherHonor" : "汪迎春",
      "courseSource" : "zhongbo",
      "availability" : "",
      "expirationDate" : 180,
      "categoryId" : "ff8080814c7e36d9014c9c3219fa01a8",
      "courseBkImage" : "/upload/201506/03ad1f11ef734c4294b961a23386fb98.jpg",
      "expirationTime" : 1498012900,
      "teacherImage" : "/upload/201606/bbe4fc1001f048e6a446d55a0475e269.png",
      "versionId" : "ff8080814e062b43014e297d52d20cfe",
      "subjectIndex" : "140",
      "courseName" : "CIMA Risk Management (P3)"
    }, {
      "categoryIndex" : "25",
      "taskTotal" : "73",
      "isU" : 0,
      "courseGroupId" : "8a22ecb55507806b0155140aad400100",
      "courseId" : "ff8080814e53385c014e6c9e793106a3",
      "outline" : "",
      "teacherName" : "Maggie Zhang",
      "lock_date" : null,
      "orderID_item_id" : "8a22ecb554559b010154bcdae57d143a",
      "categoryName" : "CIMA",
      "actimode" : 1,
      "subjectName" : "E3",
      "courseIndex" : "12",
      "subjectID" : "ff8080814d989210014d9ee29aba09b1",
      "lock_status" : null,
      "teacherHonor" : "张萍",
      "courseSource" : "zhongbo",
      "availability" : "",
      "expirationDate" : 180,
      "categoryId" : "ff8080814c7e36d9014c9c3219fa01a8",
      "courseBkImage" : "/upload/201506/d0a8c8c969d54b88a89b58a37bbd30a5.jpg",
      "expirationTime" : 1497486560,
      "teacherImage" : "/upload/201606/e2ddf6c31e3a45709db452bf5043ee92.png",
      "versionId" : "ff8080814d989210014dacd7497b106b",
      "subjectIndex" : "120",
      "courseName" : "CIMA Strategic Management  （E3）"
    }, {
      "categoryIndex" : "5",
      "taskTotal" : "70",
      "isU" : 0,
      "courseGroupId" : "8a22ecb55507806b01550fd3b0fc00b7",
      "courseId" : "ff8080814dad5062014dadd9c70d0053",
      "outline" : "",
      "teacherName" : "Amy Liu",
      "lock_date" : null,
      "orderID_item_id" : "8a22ecb55547b3fb015547bf9130000a",
      "categoryName" : "ACCA",
      "actimode" : 1,
      "subjectName" : "F2",
      "courseIndex" : "3",
      "subjectID" : "ff808081473905e7014762524e800072",
      "lock_status" : null,
      "teacherHonor" : "十年教龄，ACCA金牌讲师",
      "courseSource" : "zhongbo",
      "availability" : "",
      "expirationDate" : 180,
      "categoryId" : "ff808081473905e701475cd3c2080001",
      "courseBkImage" : "/upload/201502/a31000c03237447eb2bf91a3a3c5a18f.jpg",
      "expirationTime" : 1494897252,
      "teacherImage" : "/upload/201606/a9b2f46ff15546bda8b26279cab91707.png",
      "versionId" : "ff808081473905e70147626ef839007f",
      "subjectIndex" : "3",
      "courseName" : "ACCA F2 Management Accounting"
    }, {
      "categoryIndex" : "5",
      "taskTotal" : "25",
      "isU" : 2,
      "courseGroupId" : "ff80808147c904170147ce04bd25004f",
      "courseId" : "02b282a888f8088987bb9544312fac24",
      "outline" : "",
      "teacherName" : null,
      "lock_date" : null,
      "orderID_item_id" : "8a22ecb55215dca501521b49922206d2",
      "categoryName" : "ACCA",
      "actimode" : 1,
      "subjectName" : "P5",
      "courseIndex" : "3",
      "subjectID" : "ff808081473905e7014762552eb6007d",
      "lock_status" : null,
      "teacherHonor" : null,
      "courseSource" : "zhongbo",
      "availability" : "",
      "expirationDate" : 180,
      "categoryId" : "ff808081473905e701475cd3c2080001",
      "courseBkImage" : "/upload/Public/201708/598988295218b.jpg",
      "expirationTime" : 1487062824,
      "teacherImage" : null,
      "versionId" : "ff808081486933e601488990d579059a",
      "subjectIndex" : "15",
      "courseName" : "9月ACCA考前冲刺串讲直播-P5"
    }, {
      "categoryIndex" : "5",
      "taskTotal" : "45",
      "isU" : 2,
      "courseGroupId" : "ff80808147c904170147ce04bd25004f",
      "courseId" : "ff8080814dc1dc4e014dff8a16842b1b",
      "outline" : "",
      "teacherName" : "Rainz Zhang",
      "lock_date" : null,
      "orderID_item_id" : "8a22ecb55215dca501521b49922206d2",
      "categoryName" : "ACCA",
      "actimode" : 1,
      "subjectName" : "P5",
      "courseIndex" : "27",
      "subjectID" : "ff808081473905e7014762552eb6007d",
      "lock_status" : null,
      "teacherHonor" : "ACCA & CIMA 金牌讲师",
      "courseSource" : "zhongbo",
      "availability" : "2016 ACCA P5 2016/09-2017/06教材大纲变化说明：\r\n相对财萃网课增加内容只有big data，请大家参见ACCA官网technical articles。\r\n删除内容如下，除beyond budgeting和performance prism不需要再看之外，其它内容建议大家有common sense。\r\nDeleted contents:\r\n1)\tCorporate planning\r\n2)\tStrategic management in the context of multinational companies\r\n3)\tBeyond budgeting\r\n4)\tBusiness integration\r\n5)\tStaff empowerment\r\n6)\tImpacts from IT system\r\n7)\tImpacts from government policies\r\n8)\tResponsibility accounting\r\n9)\tPerformance prism",
      "expirationDate" : 180,
      "categoryId" : "ff808081473905e701475cd3c2080001",
      "courseBkImage" : "/upload/201502/d69d5ae986c0481cb78ceada73059e01.jpg",
      "expirationTime" : 1487062824,
      "teacherImage" : "/upload/201606/81898b02f891427d96ada4cfbb261a6d.png",
      "versionId" : "ff808081473905e701476bddfff8009a",
      "subjectIndex" : "15",
      "courseName" : "ACCA P5 Advanced Performance Management "
    }, {
      "categoryIndex" : "25",
      "taskTotal" : "42",
      "isU" : 0,
      "courseGroupId" : "8a22ecb55507806b015513fc6a5300f7",
      "courseId" : "ff8080814dc1dc4e014dff60fdc52868",
      "outline" : "",
      "teacherName" : "Jeanne Ouyang",
      "lock_date" : null,
      "orderID_item_id" : "8a22ecb554559b010154e5d07f0d1b5f",
      "categoryName" : "CIMA",
      "actimode" : 1,
      "subjectName" : "C04",
      "courseIndex" : "4",
      "subjectID" : "ff8080814cd9d8e3014ce95d60e601b8",
      "lock_status" : null,
      "teacherHonor" : "欧阳晓娇",
      "courseSource" : "zhongbo",
      "availability" : "",
      "expirationDate" : 180,
      "categoryId" : "ff8080814c7e36d9014c9c3219fa01a8",
      "courseBkImage" : "/upload/201504/0fdeb71e5e154a5fa256a0f8ba0f0c7c.jpg",
      "expirationTime" : 1486438116,
      "teacherImage" : "/upload/201606/8c991d5ce43144618de94dcf54fbaf20.png",
      "versionId" : "ff8080814cd9d8e3014ce5f3f23001a8",
      "subjectIndex" : "40",
      "courseName" : "CIMA Fundamentals of Business Economics （C04）"
    }, {
      "categoryIndex" : "20",
      "taskTotal" : "51",
      "isU" : 0,
      "courseGroupId" : "8a22ecb55507806b0155236d66c0013c",
      "courseId" : "ff8080814eaf7474014eb450fc180846",
      "outline" : "",
      "teacherName" : "财务英语明星讲师团",
      "lock_date" : null,
      "orderID_item_id" : "8a22ecb5535aa60801538413c00a640f",
      "categoryName" : "CFA",
      "actimode" : 0,
      "subjectName" : "CFA 财务英语基础课",
      "courseIndex" : "2",
      "subjectID" : "ff8080814f3eb9ed014f48ef69fe136c",
      "lock_status" : null,
      "teacherHonor" : "",
      "courseSource" : "zhongbo",
      "availability" : "CFA 财务英语基础课讲义更新啦~",
      "expirationDate" : 270,
      "categoryId" : "ff80808149cc09f70149f3e7b9534654",
      "courseBkImage" : "/upload/201508/631e2507c86c40779b99368df10f8a5b.jpg",
      "expirationTime" : 1486120148,
      "teacherImage" : "/upload/201507/3bfaf8b86cb14985a194c01d9e9fbbb1.png",
      "versionId" : "ff8080814eaf7474014eb450fc180846",
      "subjectIndex" : "0",
      "courseName" : "CFA 财务英语基础课"
    }, {
      "categoryIndex" : "5",
      "taskTotal" : "130",
      "isU" : 2,
      "courseGroupId" : "ff80808147c904170147ce04bd25004f",
      "courseId" : "8a22ecb55aa7aa10015acb72688a0c23",
      "outline" : "",
      "teacherName" : "Vivian Doo",
      "lock_date" : null,
      "orderID_item_id" : "8a22ecb55215dca501521b49922206d2",
      "categoryName" : "ACCA",
      "actimode" : 1,
      "subjectName" : "F6",
      "courseIndex" : "1",
      "subjectID" : "ff80808147c904170147d2d3d4b60098",
      "lock_status" : null,
      "teacherHonor" : "都薇",
      "courseSource" : "zhongbo",
      "availability" : "<br />\r\n<div>\r\n\t<br />\r\n</div>",
      "expirationDate" : 180,
      "categoryId" : "ff808081473905e701475cd3c2080001",
      "courseBkImage" : "/upload/201606/5fb9da430fa347bbaf012a182682fa8f.jpg",
      "expirationTime" : 1485570890,
      "teacherImage" : "/upload/201606/2f4caeffc3324a79b0777af36a9e5900.png",
      "versionId" : "ff80808147c904170147d2d530c30099",
      "subjectIndex" : "7",
      "courseName" : "2017 ACCA F6 Taxation"
    }, {
      "categoryIndex" : "5",
      "taskTotal" : "24",
      "isU" : 2,
      "courseGroupId" : "ff80808147c904170147ce04bd25004f",
      "courseId" : "8a22ecb55ba83b32015bad47238000eb",
      "outline" : "",
      "teacherName" : "Vivian Doo",
      "lock_date" : null,
      "orderID_item_id" : "8a22ecb55215dca501521b49922206d2",
      "categoryName" : "ACCA",
      "actimode" : 1,
      "subjectName" : "F6",
      "courseIndex" : "1",
      "subjectID" : "ff80808147c904170147d2d3d4b60098",
      "lock_status" : null,
      "teacherHonor" : "都薇",
      "courseSource" : "zhongbo",
      "availability" : "",
      "expirationDate" : 180,
      "categoryId" : "ff808081473905e701475cd3c2080001",
      "courseBkImage" : "/upload/201606/fb24c01db0d54cbb94521f76b371cd95.jpg",
      "expirationTime" : 1485570890,
      "teacherImage" : "/upload/201606/2f4caeffc3324a79b0777af36a9e5900.png",
      "versionId" : "ff808081486933e601488982777a058a",
      "subjectIndex" : "7",
      "courseName" : "2017 复习串讲-ACCA F6 Taxation "
    }, {
      "categoryIndex" : "5",
      "taskTotal" : "26",
      "isU" : 2,
      "courseGroupId" : "ff80808147c904170147ce04bd25004f",
      "courseId" : "0f5acb7433d83836205de8340efd4551",
      "outline" : "",
      "teacherName" : "Sunny Sun",
      "lock_date" : null,
      "orderID_item_id" : "8a22ecb55215dca501521b49922206d2",
      "categoryName" : "ACCA",
      "actimode" : 1,
      "subjectName" : "P1",
      "courseIndex" : "3",
      "subjectID" : "ff808081473905e70147625487550079",
      "lock_status" : null,
      "teacherHonor" : "八年教龄，金牌讲师，ACCA资深会员",
      "courseSource" : "zhongbo",
      "availability" : "",
      "expirationDate" : 180,
      "categoryId" : "ff808081473905e701475cd3c2080001",
      "courseBkImage" : "/upload/Public/201708/598987dbc3562.jpg",
      "expirationTime" : 1485322053,
      "teacherImage" : "/upload/201710/34a70d1ddf56458b98480bf2c4c8a80a.jpg",
      "versionId" : "ff808081486933e601488989ad470592",
      "subjectIndex" : "11",
      "courseName" : "9月ACCA考前冲刺串讲直播-P1"
    }, {
      "categoryIndex" : "5",
      "taskTotal" : "24",
      "isU" : 2,
      "courseGroupId" : "ff80808147c904170147ce04bd25004f",
      "courseId" : "ff8080814dc1dc4e014dff86819c28fe",
      "outline" : "",
      "teacherName" : "Sunny Sun",
      "lock_date" : null,
      "orderID_item_id" : "8a22ecb55215dca501521b49922206d2",
      "categoryName" : "ACCA",
      "actimode" : 1,
      "subjectName" : "P1",
      "courseIndex" : "19",
      "subjectID" : "ff808081473905e70147625487550079",
      "lock_status" : null,
      "teacherHonor" : "八年教龄，金牌讲师，ACCA资深会员",
      "courseSource" : "zhongbo",
      "availability" : "",
      "expirationDate" : 180,
      "categoryId" : "ff808081473905e701475cd3c2080001",
      "courseBkImage" : "/upload/201502/3d1eb2443ceb42fb85700a9628cb5cf1.jpg",
      "expirationTime" : 1485322053,
      "teacherImage" : "/upload/201710/34a70d1ddf56458b98480bf2c4c8a80a.jpg",
      "versionId" : "ff808081473905e701476bd8a0300092",
      "subjectIndex" : "11",
      "courseName" : "ACCA P1 Governance Risk, and Ethic"
    }, {
      "categoryIndex" : "5",
      "taskTotal" : "98",
      "isU" : 0,
      "courseGroupId" : "8a22ecb55507806b01550fbfd04a00b6",
      "courseId" : "ff8080814dad5062014db32051b801a2",
      "outline" : "",
      "teacherName" : "David Xi",
      "lock_date" : null,
      "orderID_item_id" : "8a22ecb55541a7960155427ab8ae0097",
      "categoryName" : "ACCA",
      "actimode" : 1,
      "subjectName" : "F1",
      "courseIndex" : "1",
      "subjectID" : "ff808081473905e701476204cb6c006f",
      "lock_status" : null,
      "teacherHonor" : "ACCA金牌讲师",
      "courseSource" : "zhongbo",
      "availability" : "",
      "expirationDate" : 180,
      "categoryId" : "ff808081473905e701475cd3c2080001",
      "courseBkImage" : "/upload/201502/6096a5abb99846e3b9597f5bbb1a7b61.jpg",
      "expirationTime" : 1484577352,
      "teacherImage" : "/upload/201710/931686c744eb45d68e2787722ff7f48e.jpg",
      "versionId" : "ff808081473905e701476205d8740070",
      "subjectIndex" : "2",
      "courseName" : "ACCA F1 Accountant in Business"
    }, {
      "categoryIndex" : "23",
      "taskTotal" : "221",
      "isU" : 0,
      "courseGroupId" : "8a22ecb55507806b0155248a70550150",
      "courseId" : "8a22ecb5537864ee0153791d2014000c",
      "outline" : "",
      "teacherName" : "FRM 明星讲师团",
      "lock_date" : null,
      "orderID_item_id" : "8a22ecb555910eae0155c4e906650594",
      "categoryName" : "FRM",
      "actimode" : 0,
      "subjectName" : "FRM Part I",
      "courseIndex" : "2",
      "subjectID" : "8a22ecb5537864ee01537901cba30002",
      "lock_status" : null,
      "teacherHonor" : "程黄维 汪庆亚 Jacky",
      "courseSource" : "zhongbo",
      "availability" : "<p>\r\n\t2017年FRM P1考纲变动\r\n</p>\r\n<p>\r\n\t风险管理基础 Foundations of Risk Management 20%\r\n</p>\r\n新增：<br />\r\nMarkus K. Brunnermeier, 2009. “Deciphering the Liquidity and Credit Crunch 2007—2008,”Gary Gorton and Andrew Metrick, 2012. “Getting Up to Speed on the Financial Crisis: A One-Weekend- Reader’s Guide,”<br />\r\n删除：<br />\r\nThe Credit Crisis of 2007 <br />\r\nInformation Risk and Data Quality Management （移动到二级操作风险）<br />\r\n定量分析 Quantitative Analysis 20%<br />\r\n新增：<br />\r\nModeling and Forecasting trend，Seasonality，cycles<br />\r\n预测三种时间时间序列数据：趋势数据、季节性数据、周期性数据<br />\r\n参考书：Francis X. Diebold, Elements of Forecasting, 4th Edition (Mason, Ohio: Cengage Learning, 2006).<br />\r\nEstimating Volatilities 估计波动率<br />\r\n参考书变动，核心知识点并未变动<br />\r\n参考书变为：John C. Hull, Risk Management and Financial Institutions, 4th Edition (Hoboken,NJ: John Wiley &amp; Sons, 2015).<br />\r\n金融市场与产品 Financial Markets and Products 30%<br />\r\n新增：<br />\r\nChapter 2. Banks<br />\r\nChapter 3. Insurance Companies and Pension Plans<br />\r\nChapter 4. Mutual Funds and Hedge Funds<br />\r\n参考书：John C. Hull, Risk Management and Financial Institutions, 4th Edition (Hoboken, NJ:John Wiley &amp; Sons, 2015)<br />\r\n删除：<br />\r\nIntroductions of CCP<br />\r\nThe Rating Agencies 评级机构<br />\r\n估值与风险模型 Valuation and Risk Models 30%<br />\r\nStress Testing 压力测试<br />\r\n参考书变动，知识点愈加系统详细。核心知识点并未变动<br />\r\n参考书变为：Stress Testing: Approaches, Methods, and Applications, Edited by Akhtar Siddique and Iftekhar Hasan (London: Risk Books, 2013).<br />",
      "expirationDate" : 270,
      "categoryId" : "8a22ecb5537864ee015378fa05a10001",
      "courseBkImage" : "/upload/201705/2b33e3992fb049b6a9ca71962a83d154.jpg",
      "expirationTime" : 1491726146,
      "teacherImage" : "/upload/201412/e5b55ad1a15448d5bf5f5d1d3ae8f59a.png",
      "versionId" : "8a22ecb5537864ee0153791d2014000c",
      "subjectIndex" : "10",
      "courseName" : "FRM Part I 基础课"
    }, {
      "categoryIndex" : "100",
      "taskTotal" : "30",
      "isU" : 0,
      "courseGroupId" : "8a22ecb55507806b01552495a9e0015d",
      "courseId" : "8a22ecb551ce0ae20151ce8875080120",
      "outline" : "",
      "teacherName" : "Sunny Sun",
      "lock_date" : null,
      "orderID_item_id" : "8a22ecb555910eae0155c4a9bd7d058f",
      "categoryName" : "OBU",
      "actimode" : 1,
      "subjectName" : "OBU 论文基础课",
      "courseIndex" : "1",
      "subjectID" : "8a22ecb551f17b3e0151f1e04c7d0118",
      "lock_status" : null,
      "teacherHonor" : "八年教龄，金牌讲师，ACCA资深会员",
      "courseSource" : "zhongbo",
      "availability" : "",
      "expirationDate" : 180,
      "categoryId" : "8a22ecb551cf56cb0151d2152b5c0252",
      "courseBkImage" : "/upload/201512/e7b0600a049848f59ec2f2d48e1dabc5.jpg",
      "expirationTime" : 1483435438,
      "teacherImage" : "/upload/201710/34a70d1ddf56458b98480bf2c4c8a80a.jpg",
      "versionId" : "8a22ecb551ce0ae20151ce8875080120",
      "subjectIndex" : "50",
      "courseName" : "OBU 论文基础课"
    }, {
      "categoryIndex" : "5",
      "taskTotal" : "26",
      "isU" : 0,
      "courseGroupId" : "8a22ecb55507806b01550fee504d00cc",
      "courseId" : "ff8080814dc1dc4e014dd64295dc0f11",
      "outline" : "",
      "teacherName" : "Amy Liu",
      "lock_date" : null,
      "orderID_item_id" : "8a22ecb55262924f0152630c26bb0201",
      "categoryName" : "ACCA",
      "actimode" : 1,
      "subjectName" : "F2",
      "courseIndex" : "4",
      "subjectID" : "ff808081473905e7014762524e800072",
      "lock_status" : null,
      "teacherHonor" : "十年教龄，ACCA金牌讲师",
      "courseSource" : "zhongbo",
      "availability" : "",
      "expirationDate" : 180,
      "categoryId" : "ff808081473905e701475cd3c2080001",
      "courseBkImage" : "/upload/201502/311cb0a97d9c4c70b98a264e32fba310.jpg",
      "expirationTime" : 1481360002,
      "teacherImage" : "/upload/201606/a9b2f46ff15546bda8b26279cab91707.png",
      "versionId" : "ff808081486933e6014889793b7a0582",
      "subjectIndex" : "3",
      "courseName" : "复习串讲-ACCA F2 Management Accounting"
    }, {
      "categoryIndex" : "25",
      "taskTotal" : "59",
      "isU" : 0,
      "courseGroupId" : "8a22ecb55507806b0155109dc6f600f4",
      "courseId" : "ff8080814dc1dc4e014dff5f54ec270d",
      "outline" : "",
      "teacherName" : "Elena Shi",
      "lock_date" : null,
      "orderID_item_id" : "8a22ecb554559b010154bcd7cbe11426",
      "categoryName" : "CIMA",
      "actimode" : 1,
      "subjectName" : "C01",
      "courseIndex" : "1",
      "subjectID" : "ff8080814cc0f542014cc524440c0019",
      "lock_status" : null,
      "teacherHonor" : "时晓燕",
      "courseSource" : "zhongbo",
      "availability" : "",
      "expirationDate" : 180,
      "categoryId" : "ff8080814c7e36d9014c9c3219fa01a8",
      "courseBkImage" : "/upload/201504/c8324d46f6054fecb4f01dd5d42355f3.jpg",
      "expirationTime" : 1481359816,
      "teacherImage" : "/upload/201606/7a5e783df2cf44b581cb7477cf357332.png",
      "versionId" : "ff8080814cc0f542014cc514476d0014",
      "subjectIndex" : "10",
      "courseName" : "CIMA Fundamentals of Management Accounting（C01）"
    }, {
      "categoryIndex" : "5",
      "taskTotal" : "19",
      "isU" : 2,
      "courseGroupId" : "ff80808147c904170147ce04bd25004f",
      "courseId" : "1e789b2a2903ba9e7c088acbd06198f4",
      "outline" : "",
      "teacherName" : null,
      "lock_date" : null,
      "orderID_item_id" : "8a22ecb55215dca501521b49922206d2",
      "categoryName" : "ACCA",
      "actimode" : 1,
      "subjectName" : "P7",
      "courseIndex" : "3",
      "subjectID" : "ff8080814dc1dc4e014de1236c921356",
      "lock_status" : null,
      "teacherHonor" : null,
      "courseSource" : "zhongbo",
      "availability" : "",
      "expirationDate" : 180,
      "categoryId" : "ff808081473905e701475cd3c2080001",
      "courseBkImage" : "/upload/Public/201708/5989883de1324.jpg",
      "expirationTime" : 1481278375,
      "teacherImage" : null,
      "versionId" : "ff8080814e062b43014e284664330cb8",
      "subjectIndex" : "16",
      "courseName" : "9月ACCA考前冲刺串讲直播-P7"
    }, {
      "categoryIndex" : "5",
      "taskTotal" : "14",
      "isU" : 1,
      "courseGroupId" : "8a22ecb5560c52c9015634e5929f00b0",
      "courseId" : "ff8080814f607c24014f68797ae11714",
      "outline" : "",
      "teacherName" : "Amy Liu",
      "lock_date" : null,
      "orderID_item_id" : "8a22ecb55258ae260152630d14ce16cd",
      "categoryName" : "ACCA",
      "actimode" : 1,
      "subjectName" : "F2",
      "courseIndex" : "999",
      "subjectID" : "ff808081473905e7014762524e800072",
      "lock_status" : null,
      "teacherHonor" : "十年教龄，ACCA金牌讲师",
      "courseSource" : "zhongbo",
      "availability" : "",
      "expirationDate" : 180,
      "categoryId" : "ff808081473905e701475cd3c2080001",
      "courseBkImage" : "/upload/201603/c51f095a42f84313a19f3197a9f4b497.jpg",
      "expirationTime" : 1481081286,
      "teacherImage" : "/upload/201606/a9b2f46ff15546bda8b26279cab91707.png",
      "versionId" : "ff8080814f607c24014f68797ae11714",
      "subjectIndex" : "3",
      "courseName" : "ACCA F2 Management Accounting（体验课）"
    }, {
      "categoryIndex" : "5",
      "taskTotal" : "70",
      "isU" : 0,
      "courseGroupId" : "8a22ecb55507806b01550fd3b0fc00b7",
      "courseId" : "ff8080814dad5062014dadd9c70d0053",
      "outline" : "",
      "teacherName" : "Amy Liu",
      "lock_date" : null,
      "orderID_item_id" : "8a22ecb55262924f0152630b35af01f8",
      "categoryName" : "ACCA",
      "actimode" : 1,
      "subjectName" : "F2",
      "courseIndex" : "3",
      "subjectID" : "ff808081473905e7014762524e800072",
      "lock_status" : null,
      "teacherHonor" : "十年教龄，ACCA金牌讲师",
      "courseSource" : "zhongbo",
      "availability" : "",
      "expirationDate" : 180,
      "categoryId" : "ff808081473905e701475cd3c2080001",
      "courseBkImage" : "/upload/201502/a31000c03237447eb2bf91a3a3c5a18f.jpg",
      "expirationTime" : 1480926372,
      "teacherImage" : "/upload/201606/a9b2f46ff15546bda8b26279cab91707.png",
      "versionId" : "ff808081473905e70147626ef839007f",
      "subjectIndex" : "3",
      "courseName" : "ACCA F2 Management Accounting"
    }, {
      "categoryIndex" : "5",
      "taskTotal" : "25",
      "isU" : 0,
      "courseGroupId" : "8a22ecb55507806b01550ff6339700e7",
      "courseId" : "d88923db3fd184e4335fab249bbc8b8a",
      "outline" : "",
      "teacherName" : null,
      "lock_date" : null,
      "orderID_item_id" : "8a22ecb55238faab0152391afc5b004b",
      "categoryName" : "ACCA",
      "actimode" : 1,
      "subjectName" : "P3",
      "courseIndex" : "3",
      "subjectID" : "ff808081473905e701476254e30b007b",
      "lock_status" : null,
      "teacherHonor" : null,
      "courseSource" : "zhongbo",
      "availability" : "",
      "expirationDate" : 180,
      "categoryId" : "ff808081473905e701475cd3c2080001",
      "courseBkImage" : "/upload/Public/201708/5989880317c63.jpg",
      "expirationTime" : 1480415832,
      "teacherImage" : null,
      "versionId" : "ff808081486933e60148898c925b0596",
      "subjectIndex" : "13",
      "courseName" : "9月ACCA考前冲刺串讲直播-P3"
    }, {
      "categoryIndex" : "5",
      "taskTotal" : "98",
      "isU" : 0,
      "courseGroupId" : "8a22ecb55507806b01550fbfd04a00b6",
      "courseId" : "ff8080814dad5062014db32051b801a2",
      "outline" : "",
      "teacherName" : "David Xi",
      "lock_date" : null,
      "orderID_item_id" : "8a22ecb55340eb66015340edd5fc0008",
      "categoryName" : "ACCA",
      "actimode" : 1,
      "subjectName" : "F1",
      "courseIndex" : "1",
      "subjectID" : "ff808081473905e701476204cb6c006f",
      "lock_status" : null,
      "teacherHonor" : "ACCA金牌讲师",
      "courseSource" : "zhongbo",
      "availability" : "",
      "expirationDate" : 180,
      "categoryId" : "ff808081473905e701475cd3c2080001",
      "courseBkImage" : "/upload/201502/6096a5abb99846e3b9597f5bbb1a7b61.jpg",
      "expirationTime" : 1480414169,
      "teacherImage" : "/upload/201710/931686c744eb45d68e2787722ff7f48e.jpg",
      "versionId" : "ff808081473905e701476205d8740070",
      "subjectIndex" : "2",
      "courseName" : "ACCA F1 Accountant in Business"
    }, {
      "categoryIndex" : "5",
      "taskTotal" : "65",
      "isU" : 0,
      "courseGroupId" : "8a22ecb55507806b01550fd5468d00b8",
      "courseId" : "ff8080814db86d41014dc1a2200f04d0",
      "outline" : "",
      "teacherName" : "Cindy Deng",
      "lock_date" : null,
      "orderID_item_id" : "8a22ecb553ca89e40153cf871ac20d83",
      "categoryName" : "ACCA",
      "actimode" : 1,
      "subjectName" : "F3",
      "courseIndex" : "5",
      "subjectID" : "ff808081473905e701476252b4390073",
      "lock_status" : null,
      "teacherHonor" : "ACCA资深会员,金牌讲师",
      "courseSource" : "zhongbo",
      "availability" : "",
      "expirationDate" : 180,
      "categoryId" : "ff808081473905e701475cd3c2080001",
      "courseBkImage" : "/upload/201502/fb9f1cfc2911499da1666e8aa5383d47.jpg",
      "expirationTime" : 1480414044,
      "teacherImage" : "/upload/201606/448ebf46b76e43158d1431d94c90836a.png",
      "versionId" : "ff808081473905e7014762700dfa0081",
      "subjectIndex" : "4",
      "courseName" : "ACCA F3 Financial Accounting"
    }, {
      "categoryIndex" : "5",
      "taskTotal" : "70",
      "isU" : 0,
      "courseGroupId" : "8a22ecb55507806b01550fd3b0fc00b7",
      "courseId" : "ff8080814dad5062014dadd9c70d0053",
      "outline" : "",
      "teacherName" : "Amy Liu",
      "lock_date" : null,
      "orderID_item_id" : "8a22ecb553ca891a0153ca8d1dc4000c",
      "categoryName" : "ACCA",
      "actimode" : 1,
      "subjectName" : "F2",
      "courseIndex" : "3",
      "subjectID" : "ff808081473905e7014762524e800072",
      "lock_status" : null,
      "teacherHonor" : "十年教龄，ACCA金牌讲师",
      "courseSource" : "zhongbo",
      "availability" : "",
      "expirationDate" : 180,
      "categoryId" : "ff808081473905e701475cd3c2080001",
      "courseBkImage" : "/upload/201502/a31000c03237447eb2bf91a3a3c5a18f.jpg",
      "expirationTime" : 1480413106,
      "teacherImage" : "/upload/201606/a9b2f46ff15546bda8b26279cab91707.png",
      "versionId" : "ff808081473905e70147626ef839007f",
      "subjectIndex" : "3",
      "courseName" : "ACCA F2 Management Accounting"
    }, {
      "categoryIndex" : "10",
      "taskTotal" : "258",
      "isU" : 0,
      "courseGroupId" : "8a22ecb55507806b01551544b8180116",
      "courseId" : "8a22ecb5545a87e801545af5048c0006",
      "outline" : "",
      "teacherName" : "QiQi Wu",
      "lock_date" : null,
      "orderID_item_id" : "8a22ecb554559b010154e0d6d8381ace",
      "categoryName" : "CMA中文",
      "actimode" : 1,
      "subjectName" : "CMA 中文 Part-1",
      "courseIndex" : "140",
      "subjectID" : "ff808081486933e601489c799f0f0868",
      "lock_status" : null,
      "teacherHonor" : "吴奇奇",
      "courseSource" : "zhongbo",
      "availability" : "CMA Part I 中文 基础课,讲义有更新，更新内容：第2章 第1节 知识点3、第2章 第2节 知识点3、第3章 第1节 知识点2、第3章 第1节 知识点4、第5章 第2节 知识点3<br />\r\n<br />",
      "expirationDate" : 280,
      "categoryId" : "ff808081486933e601489c4662f60851",
      "courseBkImage" : "/upload/201604/f57ba6cd71ae40e8b26309ad758acfff.jpg",
      "expirationTime" : 1488714411,
      "teacherImage" : "/upload/201606/09c9342818e24393a970aa93d25b9a4d.png",
      "versionId" : "ff808081486933e601489c867448086a",
      "subjectIndex" : "50",
      "courseName" : "CMA Part I 中文 基础课"
    }, {
      "categoryIndex" : "10",
      "taskTotal" : "21",
      "isU" : 0,
      "courseGroupId" : "8a22ecb5559bad0501559f5f7ada000e",
      "courseId" : "8a22ecb553eab1280153f36f380a007f",
      "outline" : "",
      "teacherName" : "QiQi Wu",
      "lock_date" : null,
      "orderID_item_id" : "8a22ecb554559b010154e0d6d3501aca",
      "categoryName" : "CMA中文",
      "actimode" : 1,
      "subjectName" : "CMA 中文 Part-1",
      "courseIndex" : "130",
      "subjectID" : "ff808081486933e601489c799f0f0868",
      "lock_status" : null,
      "teacherHonor" : "吴奇奇",
      "courseSource" : "zhongbo",
      "availability" : "<p>\r\n\tCMA P1 中文 前导讲义有更新，更新章节：\r\n</p>\r\n<p>\r\n\t第1章-第1节-知识点1\r\n</p>\r\n<p>\r\n\t<span style=\"line-height:1.5;\">第1章-第2节-知识点2</span> \r\n</p>\r\n第3章-第1节-知识点1<br />",
      "expirationDate" : 280,
      "categoryId" : "ff808081486933e601489c4662f60851",
      "courseBkImage" : "/upload/201604/92da0abdac4a45f5b46f9546ade771ac.jpg",
      "expirationTime" : 1495429814,
      "teacherImage" : "/upload/201606/09c9342818e24393a970aa93d25b9a4d.png",
      "versionId" : "ff808081491181a3014917d1bec90762",
      "subjectIndex" : "50",
      "courseName" : "CMA Part I 中文 前导"
    }, {
      "categoryIndex" : "10",
      "taskTotal" : "21",
      "isU" : 0,
      "courseGroupId" : "8a22ecb55507806b0155154596bd0117",
      "courseId" : "8a22ecb553eab1280153f36f380a007f",
      "outline" : "",
      "teacherName" : "QiQi Wu",
      "lock_date" : null,
      "orderID_item_id" : "8a22ecb554559b010154e0d6d5d31acc",
      "categoryName" : "CMA中文",
      "actimode" : 1,
      "subjectName" : "CMA 中文 Part-1",
      "courseIndex" : "130",
      "subjectID" : "ff808081486933e601489c799f0f0868",
      "lock_status" : null,
      "teacherHonor" : "吴奇奇",
      "courseSource" : "zhongbo",
      "availability" : "<p>\r\n\tCMA P1 中文 前导讲义有更新，更新章节：\r\n</p>\r\n<p>\r\n\t第1章-第1节-知识点1\r\n</p>\r\n<p>\r\n\t<span style=\"line-height:1.5;\">第1章-第2节-知识点2</span> \r\n</p>\r\n第3章-第1节-知识点1<br />",
      "expirationDate" : 280,
      "categoryId" : "ff808081486933e601489c4662f60851",
      "courseBkImage" : "/upload/201604/92da0abdac4a45f5b46f9546ade771ac.jpg",
      "expirationTime" : 1488282994,
      "teacherImage" : "/upload/201606/09c9342818e24393a970aa93d25b9a4d.png",
      "versionId" : "ff808081491181a3014917d1bec90762",
      "subjectIndex" : "50",
      "courseName" : "CMA Part I 中文 前导"
    }, {
      "categoryIndex" : "10",
      "taskTotal" : "208",
      "isU" : 0,
      "courseGroupId" : "8a22ecb55507806b01551549998d0119",
      "courseId" : "8a22ecb5559bad0501559fe3297e0039",
      "outline" : "",
      "teacherName" : "Susie Zhang",
      "lock_date" : null,
      "orderID_item_id" : "8a22ecb554559b010154e0d6dd7a1ad2",
      "categoryName" : "CMA中文",
      "actimode" : 1,
      "subjectName" : "CMA 中文 Part-2",
      "courseIndex" : "170",
      "subjectID" : "ff808081486933e601489c7a1aa20869",
      "lock_status" : null,
      "teacherHonor" : "八年教龄，ACCA金牌讲师",
      "courseSource" : "zhongbo",
      "availability" : "<br />",
      "expirationDate" : 280,
      "categoryId" : "ff808081486933e601489c4662f60851",
      "courseBkImage" : "/upload/201609/466e33c7c0314b888a5e6520d19ac940.jpg",
      "expirationTime" : 1488281873,
      "teacherImage" : "/upload/201606/b369525b70a04212923e0a2e761ca664.png",
      "versionId" : "ff8080814930fc1001493179306800f0",
      "subjectIndex" : "50",
      "courseName" : "CMA Part II 中文 基础课"
    }, {
      "categoryIndex" : "10",
      "taskTotal" : "13",
      "isU" : 0,
      "courseGroupId" : "8a22ecb55507806b0155154bde06011a",
      "courseId" : "8a22ecb5554cfedf015551f32c4a0047",
      "outline" : "",
      "teacherName" : "Susie Zhang",
      "lock_date" : null,
      "orderID_item_id" : "8a22ecb554559b010154e0d6daa61ad0",
      "categoryName" : "CMA中文",
      "actimode" : 1,
      "subjectName" : "CMA 中文 Part-2",
      "courseIndex" : "160",
      "subjectID" : "ff808081486933e601489c7a1aa20869",
      "lock_status" : null,
      "teacherHonor" : "八年教龄，ACCA金牌讲师",
      "courseSource" : "zhongbo",
      "availability" : "",
      "expirationDate" : 280,
      "categoryId" : "ff808081486933e601489c4662f60851",
      "courseBkImage" : "/upload/201606/fa5fa4d7598145968ddcdd75b62081e7.jpg",
      "expirationTime" : 1488281824,
      "teacherImage" : "/upload/201606/b369525b70a04212923e0a2e761ca664.png",
      "versionId" : "ff808081499d17aa01499dda5dba057b",
      "subjectIndex" : "50",
      "courseName" : "CMA Part II 中文 前导"
    }, {
      "categoryIndex" : "10",
      "taskTotal" : "45",
      "isU" : 0,
      "courseGroupId" : "8a22ecb55507806b01551552094f011b",
      "courseId" : "8a22ecb5574730bc015750946da0001a",
      "outline" : "",
      "teacherName" : "Susie Zhang",
      "lock_date" : null,
      "orderID_item_id" : "8a22ecb554559b010154e0d6dff11ad4",
      "categoryName" : "CMA中文",
      "actimode" : 1,
      "subjectName" : "CMA 中文 Part-2",
      "courseIndex" : "180",
      "subjectID" : "ff808081486933e601489c7a1aa20869",
      "lock_status" : null,
      "teacherHonor" : "八年教龄，ACCA金牌讲师",
      "courseSource" : "zhongbo",
      "availability" : "",
      "expirationDate" : 280,
      "categoryId" : "ff808081486933e601489c4662f60851",
      "courseBkImage" : "/upload/201609/466e33c7c0314b888a5e6520d19ac940.jpg",
      "expirationTime" : 1488280641,
      "teacherImage" : "/upload/201606/b369525b70a04212923e0a2e761ca664.png",
      "versionId" : "ff8080814c7e36d9014c9d3a034501dc",
      "subjectIndex" : "50",
      "courseName" : "CMA Part II 中文 串讲课"
    }, {
      "categoryIndex" : "20",
      "taskTotal" : "131",
      "isU" : 0,
      "courseGroupId" : "8a22ecb55507806b0155157daed6012f",
      "courseId" : "8a22ecb55b7fb00e015b8015620b0004",
      "outline" : "",
      "teacherName" : "CFA明星讲师团",
      "lock_date" : null,
      "orderID_item_id" : "8a22ecb5535aa60801538413c02a6413",
      "categoryName" : "CFA",
      "actimode" : 0,
      "subjectName" : "CFA Level I",
      "courseIndex" : "1",
      "subjectID" : "8a22ecb5527d453f01527d4b0e500001",
      "lock_status" : null,
      "teacherHonor" : "",
      "courseSource" : "zhongbo",
      "availability" : "                    ",
      "expirationDate" : 270,
      "categoryId" : "ff80808149cc09f70149f3e7b9534654",
      "courseBkImage" : "/upload/201704/a5558bf3a24e42c5b4ef70861e15bb7f.jpg",
      "expirationTime" : 1464074343,
      "teacherImage" : "/upload/201412/e5b55ad1a15448d5bf5f5d1d3ae8f59a.png",
      "versionId" : "8a22ecb5526cc38e015278544f3f000d",
      "subjectIndex" : "50",
      "courseName" : "2017 CFA L1 串讲课"
    }, {
      "categoryIndex" : "20",
      "taskTotal" : "20",
      "isU" : 1,
      "courseGroupId" : "8a22ecb551c404960151c7a0e3b80623",
      "courseId" : "8a2a5fa451c0c3ad0151c2950ccf0080",
      "outline" : "",
      "teacherName" : "CFA明星讲师团",
      "lock_date" : null,
      "orderID_item_id" : "8a22ecb5535aa60801538413c05a6417",
      "categoryName" : "CFA",
      "actimode" : 0,
      "subjectName" : "CFA Level I",
      "courseIndex" : "1",
      "subjectID" : "8a22ecb5527d453f01527d4b0e500001",
      "lock_status" : null,
      "teacherHonor" : "",
      "courseSource" : "zhongbo",
      "availability" : "",
      "expirationDate" : 270,
      "categoryId" : "ff80808149cc09f70149f3e7b9534654",
      "courseBkImage" : "/upload/201512/61f232978f904786badd23bfebcc34ac.jpg",
      "expirationTime" : 1486784737,
      "teacherImage" : "/upload/201412/e5b55ad1a15448d5bf5f5d1d3ae8f59a.png",
      "versionId" : "8a2a5fa451c0c3ad0151c2950ccf0080",
      "subjectIndex" : "50",
      "courseName" : "CFA L1 基础课（体验课）"
    }, {
      "categoryIndex" : "20",
      "taskTotal" : "46",
      "isU" : 0,
      "courseGroupId" : "8a22ecb55507806b0155157a9c5c012c",
      "courseId" : "8a22ecb55210cb6b0152116aef77016e",
      "outline" : "",
      "teacherName" : "CFA明星讲师团",
      "lock_date" : null,
      "orderID_item_id" : "8a22ecb5535aa60801538413c0676419",
      "categoryName" : "CFA",
      "actimode" : 0,
      "subjectName" : "CFA Level I",
      "courseIndex" : "3",
      "subjectID" : "8a22ecb5527d453f01527d4b0e500001",
      "lock_status" : null,
      "teacherHonor" : "",
      "courseSource" : "zhongbo",
      "availability" : "",
      "expirationDate" : 270,
      "categoryId" : "ff80808149cc09f70149f3e7b9534654",
      "courseBkImage" : "/upload/201704/3271d854b256457d9d29f8c3b38526e5.jpg",
      "expirationTime" : 1486784287,
      "teacherImage" : "/upload/201412/e5b55ad1a15448d5bf5f5d1d3ae8f59a.png",
      "versionId" : "ff8080814dc1dc4e014e006d4a312c37",
      "subjectIndex" : "50",
      "courseName" : "2017 CFA L1 前导课"
    }, {
      "categoryIndex" : "10",
      "taskTotal" : "51",
      "isU" : 0,
      "courseGroupId" : "8a22ecb55507806b015515489e330118",
      "courseId" : "8a22ecb55581ba34015581cb949c0003",
      "outline" : "",
      "teacherName" : "QiQi Wu",
      "lock_date" : null,
      "orderID_item_id" : "8a22ecb553ca891a0153f47cf5e3642c",
      "categoryName" : "CMA中文",
      "actimode" : 1,
      "subjectName" : "CMA 中文 Part-1",
      "courseIndex" : "150",
      "subjectID" : "ff808081486933e601489c799f0f0868",
      "lock_status" : null,
      "teacherHonor" : "吴奇奇",
      "courseSource" : "zhongbo",
      "availability" : "",
      "expirationDate" : 280,
      "categoryId" : "ff808081486933e601489c4662f60851",
      "courseBkImage" : "/upload/201604/f57ba6cd71ae40e8b26309ad758acfff.jpg",
      "expirationTime" : 1485403888,
      "teacherImage" : "/upload/201606/09c9342818e24393a970aa93d25b9a4d.png",
      "versionId" : "ff8080814997fb360149986602300200",
      "subjectIndex" : "50",
      "courseName" : "CMA Part I 中文 串讲课"
    }, {
      "categoryIndex" : "20",
      "taskTotal" : "643",
      "isU" : 0,
      "courseGroupId" : "8a22ecb55507806b0155157b7664012d",
      "courseId" : "8a22ecb55aa7aa10015ac678caff0a7a",
      "outline" : "",
      "teacherName" : "CFA明星讲师团",
      "lock_date" : null,
      "orderID_item_id" : "8a22ecb5535aa60801538413bffa640d",
      "categoryName" : "CFA",
      "actimode" : 0,
      "subjectName" : "CFA Level I",
      "courseIndex" : "1",
      "subjectID" : "8a22ecb5527d453f01527d4b0e500001",
      "lock_status" : null,
      "teacherHonor" : "",
      "courseSource" : "zhongbo",
      "availability" : "",
      "expirationDate" : 270,
      "categoryId" : "ff80808149cc09f70149f3e7b9534654",
      "courseBkImage" : "/upload/201704/e7f8031677fd4947b8fca37bd574ef7b.jpg",
      "expirationTime" : 1482819155,
      "teacherImage" : "/upload/201412/e5b55ad1a15448d5bf5f5d1d3ae8f59a.png",
      "versionId" : "ff8080814a04df96014a3d8e4f6a067a",
      "subjectIndex" : "50",
      "courseName" : "2017 CFA L1 基础课"
    }, {
      "categoryIndex" : "20",
      "taskTotal" : "281",
      "isU" : 0,
      "courseGroupId" : "8a22ecb55507806b0155157cb581012e",
      "courseId" : "8a22ecb55b602977015b60f63b7e0001",
      "outline" : "",
      "teacherName" : "CFA明星讲师团",
      "lock_date" : null,
      "orderID_item_id" : "8a22ecb5535aa60801538413c0186411",
      "categoryName" : "CFA",
      "actimode" : 0,
      "subjectName" : "CFA Level I",
      "courseIndex" : "1",
      "subjectID" : "8a22ecb5527d453f01527d4b0e500001",
      "lock_status" : null,
      "teacherHonor" : "",
      "courseSource" : "zhongbo",
      "availability" : "",
      "expirationDate" : 270,
      "categoryId" : "ff80808149cc09f70149f3e7b9534654",
      "courseBkImage" : "/upload/201704/aeb8f20f93d34e549a80ecce4e6f14b5.jpg",
      "expirationTime" : 1481607480,
      "teacherImage" : "/upload/201412/e5b55ad1a15448d5bf5f5d1d3ae8f59a.png",
      "versionId" : "ff8080814e9056e4014e911137490330",
      "subjectIndex" : "50",
      "courseName" : "2017 CFA L1 强化课"
    }, {
      "categoryIndex" : "5",
      "taskTotal" : "76",
      "isU" : 2,
      "courseGroupId" : "ff80808147c904170147ce04bd25004f",
      "courseId" : "8a22cc685c3379ab015c3d51d8f50035",
      "outline" : "",
      "teacherName" : "财务英语明星讲师团",
      "lock_date" : null,
      "orderID_item_id" : "8a22ecb55215dca501521b49922206d2",
      "categoryName" : "ACCA",
      "actimode" : 1,
      "subjectName" : "ACCA 财务英语基础课",
      "courseIndex" : "1",
      "subjectID" : "ff8080814f3eb9ed014f48ee5deb1361",
      "lock_status" : null,
      "teacherHonor" : "",
      "courseSource" : "zhongbo",
      "availability" : "<p>\r\n\tACCA财务英语课程已升级为“2017财务英语基础课&amp;提升课”，在上一版网课的基础上对课程进行了优化，并完善了视频配套讲义。请根据自身英语程度及财经专业知识的基础选择“财务英语基础课”、“财务英语提升课”。如你仍旧计划继续学习上一版网课，也可通过点击页面右上角“课程版本”切换至上一版“ACCA财务英语基础课”继续学习。\r\n</p>",
      "expirationDate" : 180,
      "categoryId" : "ff808081473905e701475cd3c2080001",
      "courseBkImage" : "/upload/201508/e8ce1c45b3764f89a843b427f18cabd6.jpg",
      "expirationTime" : 1468900149,
      "teacherImage" : "/upload/201507/3bfaf8b86cb14985a194c01d9e9fbbb1.png",
      "versionId" : "ff8080814e9056e4014e95fb06b80d72",
      "subjectIndex" : "0",
      "courseName" : "2017 财务英语基础课 提升课"
    }, {
      "categoryIndex" : "5",
      "taskTotal" : "34",
      "isU" : 2,
      "courseGroupId" : "ff80808147c904170147ce04bd25004f",
      "courseId" : "ff8080814f0b1b74014f158ab55a0e33",
      "outline" : "",
      "teacherName" : "Alice Liu",
      "lock_date" : null,
      "orderID_item_id" : "8a22ecb55215dca501521b49922206d2",
      "categoryName" : "ACCA",
      "actimode" : 1,
      "subjectName" : "ICFE财务英语",
      "courseIndex" : "1",
      "subjectID" : "ff808081481f989801482047193f001c",
      "lock_status" : null,
      "teacherHonor" : "人见人爱，花见花开",
      "courseSource" : "zhongbo",
      "availability" : "                    ",
      "expirationDate" : 180,
      "categoryId" : "ff808081473905e701475cd3c2080001",
      "courseBkImage" : "/upload/201502/73625f7d43bf44c188a7090506a72486.jpg",
      "expirationTime" : 1468900105,
      "teacherImage" : "/upload/201506/35286bac812747cb8a5c399bf7f87c9d.jpg",
      "versionId" : "ff808081481f98980148204d121e001e",
      "subjectIndex" : "1",
      "courseName" : "ICFE财务英语标准课 ACCA前导"
    }, {
      "categoryIndex" : "5",
      "taskTotal" : "58",
      "isU" : 2,
      "courseGroupId" : "ff80808147c904170147ce04bd25004f",
      "courseId" : "ff8080814db86d41014dc1a26c460537",
      "outline" : "",
      "teacherName" : "Anthony Tao",
      "lock_date" : null,
      "orderID_item_id" : "8a22ecb55215dca501521b49922206d2",
      "categoryName" : "ACCA",
      "actimode" : 1,
      "subjectName" : "F4",
      "courseIndex" : "7",
      "subjectID" : "ff808081473905e70147625307e90074",
      "lock_status" : null,
      "teacherHonor" : "六年教龄，ACCA金牌讲师",
      "courseSource" : "zhongbo",
      "availability" : "",
      "expirationDate" : 180,
      "categoryId" : "ff808081473905e701475cd3c2080001",
      "courseBkImage" : "/upload/201502/9a604ab6531346ba87aad1e8df596ce2.jpg",
      "expirationTime" : 1468138483,
      "teacherImage" : "/upload/201606/6e88fecb3e544a61a1e796f112dec1a1.png",
      "versionId" : "ff808081473905e701476271a6fc0083",
      "subjectIndex" : "5",
      "courseName" : "ACCA F4 Corporate and Business Law"
    }, {
      "categoryIndex" : "5",
      "taskTotal" : "68",
      "isU" : 2,
      "courseGroupId" : "ff80808147c904170147ce04bd25004f",
      "courseId" : "ff8080814dc1dc4e014dfb56657d212d",
      "outline" : "",
      "teacherName" : "Anthony Tao",
      "lock_date" : null,
      "orderID_item_id" : "8a22ecb55215dca501521b49922206d2",
      "categoryName" : "ACCA",
      "actimode" : 1,
      "subjectName" : "F4",
      "courseIndex" : "8",
      "subjectID" : "ff808081473905e70147625307e90074",
      "lock_status" : null,
      "teacherHonor" : "六年教龄，ACCA金牌讲师",
      "courseSource" : "zhongbo",
      "availability" : "",
      "expirationDate" : 180,
      "categoryId" : "ff808081473905e701475cd3c2080001",
      "courseBkImage" : "/upload/201502/9c3e0f82c9a342deb83b72654e76f27a.jpg",
      "expirationTime" : 1468138483,
      "teacherImage" : "/upload/201606/6e88fecb3e544a61a1e796f112dec1a1.png",
      "versionId" : "ff808081486933e60148897e6bf90586",
      "subjectIndex" : "5",
      "courseName" : "复习串讲-ACCA F4 Corporate and Business Law"
    }, {
      "categoryIndex" : "5",
      "taskTotal" : "25",
      "isU" : 2,
      "courseGroupId" : "ff80808147c904170147ce04bd25004f",
      "courseId" : "d88923db3fd184e4335fab249bbc8b8a",
      "outline" : "",
      "teacherName" : null,
      "lock_date" : null,
      "orderID_item_id" : "8a22ecb55215dca501521b49922206d2",
      "categoryName" : "ACCA",
      "actimode" : 1,
      "subjectName" : "P3",
      "courseIndex" : "3",
      "subjectID" : "ff808081473905e701476254e30b007b",
      "lock_status" : null,
      "teacherHonor" : null,
      "courseSource" : "zhongbo",
      "availability" : "",
      "expirationDate" : 180,
      "categoryId" : "ff808081473905e701475cd3c2080001",
      "courseBkImage" : "/upload/Public/201708/5989880317c63.jpg",
      "expirationTime" : 1468059630,
      "teacherImage" : null,
      "versionId" : "ff808081486933e60148898c925b0596",
      "subjectIndex" : "13",
      "courseName" : "9月ACCA考前冲刺串讲直播-P3"
    }, {
      "categoryIndex" : "5",
      "taskTotal" : "34",
      "isU" : 2,
      "courseGroupId" : "ff80808147c904170147ce04bd25004f",
      "courseId" : "ff8080814dc1dc4e014dff8788ea2a1b",
      "outline" : "",
      "teacherName" : "Ralph Gui",
      "lock_date" : null,
      "orderID_item_id" : "8a22ecb55215dca501521b49922206d2",
      "categoryName" : "ACCA",
      "actimode" : 1,
      "subjectName" : "P3",
      "courseIndex" : "23",
      "subjectID" : "ff808081473905e701476254e30b007b",
      "lock_status" : null,
      "teacherHonor" : "六年教龄，ACCA金牌讲师",
      "courseSource" : "zhongbo",
      "availability" : "",
      "expirationDate" : 180,
      "categoryId" : "ff808081473905e701475cd3c2080001",
      "courseBkImage" : "/upload/201502/9549e5cb21e242258f8a162483c530bf.jpg",
      "expirationTime" : 1468059630,
      "teacherImage" : "/upload/201506/ddc184e8ec6041d4a58efb0068b72a96.jpg",
      "versionId" : "ff808081473905e701476bdb74220096",
      "subjectIndex" : "13",
      "courseName" : "ACCA P3 Business Analysis"
    }, {
      "categoryIndex" : "5",
      "taskTotal" : "95",
      "isU" : 2,
      "courseGroupId" : "ff80808147c904170147ce04bd25004f",
      "courseId" : "ff8080814db86d41014dc1a2b31805a1",
      "outline" : "",
      "teacherName" : "Crystal Zhang",
      "lock_date" : null,
      "orderID_item_id" : "8a22ecb55215dca501521b49922206d2",
      "categoryName" : "ACCA",
      "actimode" : 1,
      "subjectName" : "F5",
      "courseIndex" : "9",
      "subjectID" : "ff808081473905e7014762534dda0075",
      "lock_status" : null,
      "teacherHonor" : "资深会员",
      "courseSource" : "zhongbo",
      "availability" : "<span>由于F5大纲变动，在INTRODUCATION章节，老师在本章节详细的讲解了近两年大纲变动情况，小伙伴们前往学习吧~</span>",
      "expirationDate" : 180,
      "categoryId" : "ff808081473905e701475cd3c2080001",
      "courseBkImage" : "/upload/201502/06604e12add04761867e6f289ea85988.jpg",
      "expirationTime" : 1467876581,
      "teacherImage" : "/upload/201606/8cd1b9fb6d394cebabb98fbc9112244f.png",
      "versionId" : "ff808081473905e701476bd3ddb0008c",
      "subjectIndex" : "6",
      "courseName" : "ACCA F5 Performance Management"
    }, {
      "categoryIndex" : "5",
      "taskTotal" : "27",
      "isU" : 2,
      "courseGroupId" : "ff80808147c904170147ce04bd25004f",
      "courseId" : "380768612307891ecb5a1adbc7c9f19c",
      "outline" : "",
      "teacherName" : "Doreen Dong",
      "lock_date" : null,
      "orderID_item_id" : "8a22ecb55215dca501521b49922206d2",
      "categoryName" : "ACCA",
      "actimode" : 1,
      "subjectName" : "F5",
      "courseIndex" : "3",
      "subjectID" : "ff808081473905e7014762534dda0075",
      "lock_status" : null,
      "teacherHonor" : "董平",
      "courseSource" : "zhongbo",
      "availability" : "",
      "expirationDate" : 180,
      "categoryId" : "ff808081473905e701475cd3c2080001",
      "courseBkImage" : "/upload/Public/201708/5989879c9f2cc.jpg",
      "expirationTime" : 1467876581,
      "teacherImage" : "/upload/201708/f6e4601d4dff45148feab33b9c68fba6.jpg",
      "versionId" : "ff808081486933e601488980da180588",
      "subjectIndex" : "6",
      "courseName" : "9月ACCA考前冲刺串讲直播-F5"
    }, {
      "categoryIndex" : "5",
      "taskTotal" : "24",
      "isU" : 2,
      "courseGroupId" : "ff80808147c904170147ce04bd25004f",
      "courseId" : "dc59130afc6af4fdbcac7199aa888dda",
      "outline" : "",
      "teacherName" : null,
      "lock_date" : null,
      "orderID_item_id" : "8a22ecb55215dca501521b49922206d2",
      "categoryName" : "ACCA",
      "actimode" : 1,
      "subjectName" : "P2",
      "courseIndex" : "3",
      "subjectID" : "ff808081473905e701476254ba24007a",
      "lock_status" : null,
      "teacherHonor" : null,
      "courseSource" : "zhongbo",
      "availability" : "",
      "expirationDate" : 180,
      "categoryId" : "ff808081473905e701475cd3c2080001",
      "courseBkImage" : "/upload/Public/201708/598987ee6dbc7.jpg",
      "expirationTime" : 1467876570,
      "teacherImage" : null,
      "versionId" : "ff808081486933e60148898b479b0594",
      "subjectIndex" : "12",
      "courseName" : "9月ACCA考前冲刺串讲直播-P2"
    }, {
      "categoryIndex" : "5",
      "taskTotal" : "80",
      "isU" : 2,
      "courseGroupId" : "ff80808147c904170147ce04bd25004f",
      "courseId" : "ff8080814dc1dc4e014dff870870294a",
      "outline" : "",
      "teacherName" : "Tom Wang",
      "lock_date" : null,
      "orderID_item_id" : "8a22ecb55215dca501521b49922206d2",
      "categoryName" : "ACCA",
      "actimode" : 1,
      "subjectName" : "P2",
      "courseIndex" : "21",
      "subjectID" : "ff808081473905e701476254ba24007a",
      "lock_status" : null,
      "teacherHonor" : "ACCA CPA HKICPA CMA会员",
      "courseSource" : "zhongbo",
      "availability" : "<span style=\"color:#333333;font-family:'Microsoft Yahei', Arial, Helvetica, sans-serif, u5b8bu4f53;font-size:13px;line-height:20px;background-color:#FFFFFF;\"> \r\n<p class=\"MsoNormal\">\r\n\t<br />\r\n</p>\r\n<p class=\"MsoNormal\">\r\n\t<p class=\"MsoNormal\">\r\n\t\tACCA P2&nbsp;更新详情：\r\n\t</p>\r\n\t<p class=\"MsoNormal\">\r\n\t\t一、Leases租赁的内容已随大纲变更进行更新，由IAS17更新为了最新的IFRS16\r\n\t</p>\r\n\t<p class=\"MsoNormal\">\r\n\t\t二、删除了四个current issue，并非因为他们不重要，而是因为他们在新大纲中IFRS成为正式条款了,他们分别是：\r\n\t</p>\r\n\t<p class=\"MsoNormal\">\r\n\t\tTopic 3 Financial Instruments: credit losses&nbsp;进入IFRS 9;\r\n\t</p>\r\n\t<p class=\"MsoNormal\">\r\n\t\tTopic 4 Revenue from contracts with customers&nbsp;进入IFRS 15;\r\n\t</p>\r\n\t<p class=\"MsoNormal\">\r\n\t\tTopic 5 Leases&nbsp;进入IFRS 16;\r\n\t</p>\r\n\t<p class=\"MsoNormal\">\r\n\t\tTopic 7&nbsp;Proposed amendments to IFRS 2--Classification and measurement of share-based payment transactions&nbsp;进入IFRS 2.\r\n\t</p>\r\n\t<p class=\"MsoNormal\">\r\n\t\t三、current issue更新：&nbsp;IFRS practice statement: Application of materiality to financial statements.\r\n\t</p>\r\n\t<p class=\"MsoNormal\">\r\n\t\t四、更新2017到2018年的考纲年度变化，只有讲义没有视频讲解，更换新考纲，供学员参考\r\n\t</p>\r\n</p>\r\n<p class=\"MsoNormal\">\r\n\t<br />\r\n</p>\r\n</span>",
      "expirationDate" : 180,
      "categoryId" : "ff808081473905e701475cd3c2080001",
      "courseBkImage" : "/upload/201502/9c512662c9454e0b9dc2bb705b6b0e47.jpg",
      "expirationTime" : 1467876570,
      "teacherImage" : "/upload/201606/1e3e52f2982540478b8477c8881a5708.png",
      "versionId" : "ff808081473905e701476bd9b1ae0094",
      "subjectIndex" : "12",
      "courseName" : "ACCA P2 Corporate Reporting"
    }, {
      "categoryIndex" : "5",
      "taskTotal" : "27",
      "isU" : 2,
      "courseGroupId" : "ff80808147c904170147ce04bd25004f",
      "courseId" : "e188622a3f32a1fbcba462e8a6a47896",
      "outline" : "",
      "teacherName" : "Sunny Sun",
      "lock_date" : null,
      "orderID_item_id" : "8a22ecb55215dca501521b49922206d2",
      "categoryName" : "ACCA",
      "actimode" : 1,
      "subjectName" : "P4",
      "courseIndex" : "3",
      "subjectID" : "ff808081473905e7014762550755007c",
      "lock_status" : null,
      "teacherHonor" : "八年教龄，金牌讲师，ACCA资深会员",
      "courseSource" : "zhongbo",
      "availability" : "",
      "expirationDate" : 180,
      "categoryId" : "ff808081473905e701475cd3c2080001",
      "courseBkImage" : "/upload/Public/201708/598988138ac98.jpg",
      "expirationTime" : 1467874182,
      "teacherImage" : "/upload/201710/34a70d1ddf56458b98480bf2c4c8a80a.jpg",
      "versionId" : "ff808081486933e60148898e9dad0598",
      "subjectIndex" : "14",
      "courseName" : "9月ACCA考前冲刺串讲直播-P4"
    }, {
      "categoryIndex" : "5",
      "taskTotal" : "43",
      "isU" : 2,
      "courseGroupId" : "ff80808147c904170147ce04bd25004f",
      "courseId" : "ff8080814dc1dc4e014dff87fcb92a84",
      "outline" : "",
      "teacherName" : "Crystal Zhang",
      "lock_date" : null,
      "orderID_item_id" : "8a22ecb55215dca501521b49922206d2",
      "categoryName" : "ACCA",
      "actimode" : 1,
      "subjectName" : "P4",
      "courseIndex" : "25",
      "subjectID" : "ff808081473905e7014762550755007c",
      "lock_status" : null,
      "teacherHonor" : "资深会员",
      "courseSource" : "zhongbo",
      "availability" : "<div>\r\n\t2016年P4大纲变更说明： 删除Forex&nbsp;option&nbsp;value&nbsp;and&nbsp;EVA&nbsp;两个topic，里面涉及到的相关内容可不作为重点复习<br />\r\n</div>",
      "expirationDate" : 180,
      "categoryId" : "ff808081473905e701475cd3c2080001",
      "courseBkImage" : "/upload/201502/3dd6b2415d0b445f99120c47af2327ce.jpg",
      "expirationTime" : 1467874182,
      "teacherImage" : "/upload/201606/8cd1b9fb6d394cebabb98fbc9112244f.png",
      "versionId" : "ff808081473905e701476bdd2daa0098",
      "subjectIndex" : "14",
      "courseName" : "ACCA P4 Advanced Financial Management"
    }, {
      "categoryIndex" : "5",
      "taskTotal" : "25",
      "isU" : 2,
      "courseGroupId" : "ff80808147c904170147ce04bd25004f",
      "courseId" : "da43b5aca81faa10656071595c7acaa4",
      "outline" : "",
      "teacherName" : null,
      "lock_date" : null,
      "orderID_item_id" : "8a22ecb55215dca501521b49922206d2",
      "categoryName" : "ACCA",
      "actimode" : 1,
      "subjectName" : "F9",
      "courseIndex" : "3",
      "subjectID" : "ff808081473905e7014762542d940078",
      "lock_status" : null,
      "teacherHonor" : null,
      "courseSource" : "zhongbo",
      "availability" : "",
      "expirationDate" : 180,
      "categoryId" : "ff808081473905e701475cd3c2080001",
      "courseBkImage" : "/upload/Public/201708/598987c637ddf.jpg",
      "expirationTime" : 1467802516,
      "teacherImage" : null,
      "versionId" : "ff808081486933e6014889882d9c0590",
      "subjectIndex" : "10",
      "courseName" : "9月ACCA考前冲刺串讲直播-F9"
    }, {
      "categoryIndex" : "5",
      "taskTotal" : "66",
      "isU" : 2,
      "courseGroupId" : "ff80808147c904170147ce04bd25004f",
      "courseId" : "ff8080814db86d41014dc1a141b70400",
      "outline" : "",
      "teacherName" : "Susie Zhang",
      "lock_date" : null,
      "orderID_item_id" : "8a22ecb55215dca501521b49922206d2",
      "categoryName" : "ACCA",
      "actimode" : 1,
      "subjectName" : "F9",
      "courseIndex" : "17",
      "subjectID" : "ff808081473905e7014762542d940078",
      "lock_status" : null,
      "teacherHonor" : "八年教龄，ACCA金牌讲师",
      "courseSource" : "zhongbo",
      "availability" : "<div>\r\n\t同学们好：<br />\r\nF9的考试形式在2016年9月份发生了变化，针对考试形式的变化我们重新录制了新的课程介绍。<br />\r\nF9的考试大纲内容没有发生实质的变化，只是每章的名称稍有变动。另外，大纲把原来PART&nbsp;F&nbsp;Weighted&nbsp;average&nbsp;cost&nbsp;of&nbsp;capital&nbsp;调整到Part&nbsp;E&nbsp;中，内容没有发生变化。<br />\r\n现在的网课对于2017年9月份的考试完全适用，请放心使用学习。<br />\r\n</div>",
      "expirationDate" : 180,
      "categoryId" : "ff808081473905e701475cd3c2080001",
      "courseBkImage" : "/upload/201502/f002241f59484b92bd9e9a97b5043093.jpg",
      "expirationTime" : 1467802516,
      "teacherImage" : "/upload/201606/b369525b70a04212923e0a2e761ca664.png",
      "versionId" : "ff808081473905e701476bd7aca20090",
      "subjectIndex" : "10",
      "courseName" : "ACCA F9 Financial Management"
    }, {
      "categoryIndex" : "5",
      "taskTotal" : "31",
      "isU" : 2,
      "courseGroupId" : "ff80808147c904170147ce04bd25004f",
      "courseId" : "8a22ecb5540d6ed10154285f98c40061",
      "outline" : "",
      "teacherName" : "Edward",
      "lock_date" : null,
      "orderID_item_id" : "8a22ecb55215dca501521b49922206d2",
      "categoryName" : "ACCA",
      "actimode" : 1,
      "subjectName" : "F8",
      "courseIndex" : "16",
      "subjectID" : "ff808081473905e701475d4ec4d60006",
      "lock_status" : null,
      "teacherHonor" : "",
      "courseSource" : "zhongbo",
      "availability" : "",
      "expirationDate" : 180,
      "categoryId" : "ff808081473905e701475cd3c2080001",
      "courseBkImage" : "/upload/201710/1361d751cd4d4ab1b955532f4676fca3.jpg",
      "expirationTime" : 1467708876,
      "teacherImage" : "/upload/201710/2089f5a34ac8404aa3ee36b1ae489583.jpg",
      "versionId" : "ff808081486933e60148898706a1058e",
      "subjectIndex" : "9",
      "courseName" : "复习串讲 ACCA F8 Audit and Assurance"
    }, {
      "categoryIndex" : "5",
      "taskTotal" : "100",
      "isU" : 2,
      "courseGroupId" : "ff80808147c904170147ce04bd25004f",
      "courseId" : "8a22ecb5540d6ed101541819c76b0042",
      "outline" : "",
      "teacherName" : "Edward",
      "lock_date" : null,
      "orderID_item_id" : "8a22ecb55215dca501521b49922206d2",
      "categoryName" : "ACCA",
      "actimode" : 1,
      "subjectName" : "F8",
      "courseIndex" : "15",
      "subjectID" : "ff808081473905e701475d4ec4d60006",
      "lock_status" : null,
      "teacherHonor" : "",
      "courseSource" : "zhongbo",
      "availability" : "",
      "expirationDate" : 180,
      "categoryId" : "ff808081473905e701475cd3c2080001",
      "courseBkImage" : "/upload/201710/1b16372a12784925a0140d8e0a002500.jpg",
      "expirationTime" : 1467708876,
      "teacherImage" : "/upload/201710/2089f5a34ac8404aa3ee36b1ae489583.jpg",
      "versionId" : "ff808081473905e701475d510f7c0007",
      "subjectIndex" : "9",
      "courseName" : "ACCA F8 Audit and Assurance"
    }, {
      "categoryIndex" : "5",
      "taskTotal" : "27",
      "isU" : 2,
      "courseGroupId" : "ff80808147c904170147ce04bd25004f",
      "courseId" : "c5c16cef607ffa844438ce3e080588cb",
      "outline" : "",
      "teacherName" : "Sunny Sun",
      "lock_date" : null,
      "orderID_item_id" : "8a22ecb55215dca501521b49922206d2",
      "categoryName" : "ACCA",
      "actimode" : 1,
      "subjectName" : "F7",
      "courseIndex" : "50",
      "subjectID" : "ff808081473905e701476253fd980077",
      "lock_status" : null,
      "teacherHonor" : "八年教龄，金牌讲师，ACCA资深会员",
      "courseSource" : "zhongbo",
      "availability" : "",
      "expirationDate" : 180,
      "categoryId" : "ff808081473905e701475cd3c2080001",
      "courseBkImage" : "/upload/201502/87c65d3727df4778919c6234a5100929.jpg",
      "expirationTime" : 1467708866,
      "teacherImage" : "/upload/201710/34a70d1ddf56458b98480bf2c4c8a80a.jpg",
      "versionId" : "ff808081486933e601488985753d058c",
      "subjectIndex" : "8",
      "courseName" : "9月ACCA考前冲刺串讲直播-F7"
    }, {
      "categoryIndex" : "5",
      "taskTotal" : "59",
      "isU" : 2,
      "courseGroupId" : "ff80808147c904170147ce04bd25004f",
      "courseId" : "ff8080814db86d41014dc1a1a3460481",
      "outline" : "",
      "teacherName" : "Hebe Zhang",
      "lock_date" : null,
      "orderID_item_id" : "8a22ecb55215dca501521b49922206d2",
      "categoryName" : "ACCA",
      "actimode" : 1,
      "subjectName" : "F7",
      "courseIndex" : "13",
      "subjectID" : "ff808081473905e701476253fd980077",
      "lock_status" : null,
      "teacherHonor" : "五年教龄，金牌讲师",
      "courseSource" : "zhongbo",
      "availability" : "<p>\r\n\t视频更新位置：chapter 3后两个视频 chapter 6所有视频\r\n</p>\r\n<p>\r\n\t讲义更新位置：Chapter&nbsp;3:&nbsp;讲义页码24页后添加2页PDF补充内容 Chapter&nbsp;6:&nbsp;讲义全部替换，原页码37、38页删掉，添加了9页PDF补充内容\r\n</p>\r\n<div>\r\n\t(为避免页码错乱，所有新添加的PDF部分没有加页码，小伙伴们可以通过现有目录部分依然可以找到内容)<br />\r\n</div>\r\n<div>\r\n\t<br />\r\n</div>",
      "expirationDate" : 180,
      "categoryId" : "ff808081473905e701475cd3c2080001",
      "courseBkImage" : "/upload/201502/a167bb130d4d4b98b4794a00e63812ff.jpg",
      "expirationTime" : 1467708866,
      "teacherImage" : "/upload/201606/bacc3011e8c54317a3af839ad4bd7c65.png",
      "versionId" : "ff808081473905e701476bd679ed008e",
      "subjectIndex" : "8",
      "courseName" : "ACCA F7 Financial Reporting"
    } ],
    "isdisplay" : false
  },
  "state" : "success",
  "msg" : ""
}