{"state":"success","count":"2","msg":"","data":[{"nid":"143395","create_date":"2017-09-11 10:07:02","modify_date":"2017-09-11 10:07:09","subject_id":null,"category_id":null,"course_id":null,"chapter_id":null,"member_id":"8a22cc685215de9f01521b37b748020f","examenNum":"0","cache_knowledge_level1_id":"ff8080814a04df96014a13026db7243b","cache_knowledge_level2_id":"ff8080814a04df96014a1305576b244d","cache_knowledge_path":"ff8080814a04df96014a13026db7243b,ff8080814a04df96014a1305576b244d","exercise_id":"ff8080814c3d74f0014c4ac4c65801f9","context":"&#39;[{&quot;title&quot;:&quot;  1 only&quot;,&quot;isChecked&quot;:false,&quot;myChecked&quot;:true},{&quot;title&quot;:&quot;  1 and 2 only&quot;,&quot;isChecked&quot;:false,&quot;myChecked&quot;:false},{&quot;title&quot;:&quot;  1, 2 and 3 only&quot;,&quot;isChecked&quot;:false,&quot;myChecked&quot;:false},{&quot;title&quot;:&quot;  all of the above&quot;,&quot;isChecked&quot;:true,&quot;myChecked&quot;:false}]&#39;","sort":"1","status":"2","create_date_tmp":1505095622,"modify_date_tmp":1505095629},{"nid":"143390","create_date":"2017-09-11 10:06:16","modify_date":"2017-09-11 11:15:44","subject_id":"ff8080814a04df96014a1305576b244d","category_id":null,"course_id":null,"chapter_id":null,"member_id":"8a22cc685215de9f01521b37b748020f","examenNum":"0","cache_knowledge_level1_id":"ff8080814a04df96014a13026db7243b","cache_knowledge_level2_id":"ff8080814a04df96014a1305576b244d","cache_knowledge_path":"ff8080814a04df96014a13026db7243b,ff8080814a04df96014a1305576b244d","exercise_id":"ff8080814c3d74f0014c4a8be36c01dd","context":"&#39;[{&quot;title&quot;:&quot;&lt;p&gt;\\n\\t Internal failure costs    Prevention costs  \\n&lt;\/p&gt;\\n&lt;p&gt;\\n\\t&lt;br&gt;\\n&lt;\/p&gt;&quot;,&quot;isChecked&quot;:false,&quot;myChecked&quot;:true},{&quot;title&quot;:&quot; Internal failure costs    Appraisal costs&quot;,&quot;isChecked&quot;:false,&quot;myChecked&quot;:false},{&quot;title&quot;:&quot; External failure costs   Appraisal costs&quot;,&quot;isChecked&quot;:true,&quot;myChecked&quot;:false},{&quot;title&quot;:&quot; External failure costs   Prevention costs&quot;,&quot;isChecked&quot;:false,&quot;myChecked&quot;:false}]&#39;","sort":"0","status":"2","create_date_tmp":1505095576,"modify_date_tmp":1505099744}]}