{
    "data": [
        {
        		"knowledgePointId" : "ff8080814a04df96014a13026db7243b",
            "courseCategoryId" : "ff808081473905e701475cd3c2080001",
            "certificateId": "ff808081473905e701475cd3c2080001",
            "certificateName": "ACCA",
            "certificateNameInfo": "国际注册会计师",
            "orderList": 5,
            "realCount" : 0,
            "imitateCount" : 0,
            "exerciseCount" : 0,
            "subjects": [
                {
                		"knowledgePointId" : "ff8080814a04df96014a13037c3c243d",
                		"courseCategoryId" : "ff808081473905e701476204cb6c006f",
                    "subjectId": "ff808081473905e701476204cb6c006f",
                    "subjectName": "F1",
                    "orderList": 2
                },
                {
                		"knowledgePointId" : "ff8080814a04df96014a13042c252441",
                		"courseCategoryId" : "ff808081473905e7014762524e800072",
                    "subjectId": "ff808081473905e7014762524e800072",
                    "subjectName": "F2",
                    "orderList": 3
                },
                {
                		"knowledgePointId" : "ff8080814a04df96014a1304921c2444",
                		"courseCategoryId" : "ff808081473905e701476252b4390073",
                    "subjectId": "ff808081473905e701476252b4390073",
                    "subjectName": "F3",
                    "orderList": 4
                },
                {
                		"knowledgePointId" : "ff8080814a04df96014a1305039e2446",
                		"courseCategoryId" : "ff808081473905e70147625307e90074",
                    "subjectId": "ff808081473905e70147625307e90074",
                    "subjectName": "F4",
                    "orderList": 5
                },
                {
                		"knowledgePointId" : "ff8080814a04df96014a1305576b244d",
                		"courseCategoryId" : "ff808081473905e7014762534dda0075",
                    "subjectId": "ff808081473905e7014762534dda0075",
                    "subjectName": "F5",
                    "orderList": 6
                },
                {
                		"knowledgePointId" : "ff8080814a04df96014a1305bbc22450",
                		"courseCategoryId" : "ff80808147c904170147d2d3d4b60098",
                    "subjectId": "ff80808147c904170147d2d3d4b60098",
                    "subjectName": "F6",
                    "orderList": 7
                },
                {
                		"knowledgePointId" : "ff8080814a04df96014a13060ece2456",
                		"courseCategoryId" : "ff808081473905e701476253fd980077",
                    "subjectId": "ff808081473905e701476253fd980077",
                    "subjectName": "F7",
                    "orderList": 8
                },
                {
                		"knowledgePointId" : "ff8080814a04df96014a13066906245c",
                		"courseCategoryId" : "ff808081473905e701475d4ec4d60006",
                    "subjectId": "ff808081473905e701475d4ec4d60006",
                    "subjectName": "F8",
                    "orderList": 9
                },
                {
                		"knowledgePointId" : "ff8080814a04df96014a1306af07245f",
                		"courseCategoryId" : "ff808081473905e7014762542d940078",
                    "subjectId": "ff808081473905e7014762542d940078",
                    "subjectName": "F9",
                    "orderList": 10
                },
                {
                		"knowledgePointId" : "ff8080814a04df96014a1307316d2466",
                		"courseCategoryId" : "ff808081473905e70147625487550079",
                    "subjectId": "ff808081473905e70147625487550079",
                    "subjectName": "P1",
                    "orderList": 11
                },
                {
                		"knowledgePointId" : "ff8080814a04df96014a130794dc246c",
                		"courseCategoryId" : "ff808081473905e701476254ba24007a",
                    "subjectId": "ff808081473905e701476254ba24007a",
                    "subjectName": "P2",
                    "orderList": 12
                },
                {
                		"knowledgePointId" : "ff8080814a04df96014a1307e554246e",
                		"courseCategoryId" : "ff808081473905e701476254e30b007b",
                    "subjectId": "ff808081473905e701476254e30b007b",
                    "subjectName": "P3",
                    "orderList": 13
                },
                {
                		"knowledgePointId" : "ff8080814a04df96014a1308478c2470",
                		"courseCategoryId" : "ff808081473905e7014762550755007c",
                    "subjectId": "ff808081473905e7014762550755007c",
                    "subjectName": "P4",
                    "orderList": 14
                },
                {
                		"knowledgePointId" : "ff8080814a04df96014a1308a5602472",
                		"courseCategoryId" : "ff808081473905e7014762552eb6007d",
                    "subjectId": "ff808081473905e7014762552eb6007d",
                    "subjectName": "P5",
                    "orderList": 15
                },
                {
                		"knowledgePointId" : "ff8080814a04df96014a1309d2912476",
                		"courseCategoryId" : "ff8080814dc1dc4e014de1236c921356",
                    "subjectId": "ff8080814dc1dc4e014de1236c921356",
                    "subjectName": "P7",
                    "orderList": 16
                }
            ]
        },
        {
        		"knowledgePointId" : "ff8080814d6642aa014d69f78f410244,ff8080814a04df96014a182c452b2f8a",
            "courseCategoryId" : "ff808081486933e601489c4662f60851,ff8080814997fb36014998b6ca0804ef",
            "certificateId": "ff808081486933e601489c4662f60851",
            "certificateName": "CMA",
            "certificateNameInfo": "美国注册管理会计师",
            "orderList": 10,
            "realCount" : 0,
            "imitateCount" : 0,
            "exerciseCount" : 0,
            "subjects": [
                {
                		"knowledgePointId" : "ff8080814d6642aa014d69f812880246",
                		"courseCategoryId" : "ff808081486933e601489c799f0f0868",
                    "subjectId": "ff808081486933e601489c799f0f0868",
                    "subjectName": "CMA 中文 Part-1",
                    "orderList": 50
                },
                {
                		"knowledgePointId" : "ff8080814d6642aa014d69f912d80248",
                		"courseCategoryId" : "ff808081486933e601489c7a1aa20869",
                    "subjectId": "ff808081486933e601489c7a1aa20869",
                    "subjectName": "CMA 中文 Part-2",
                    "orderList": 50
                },
                {
                		"knowledgePointId" : "ff8080814a04df96014a2d1fb365591c",
                		"courseCategoryId" : "ff8080814997fb36014998b8660904f0",
                    "subjectId": "ff8080814997fb36014998b8660904f0",
                    "subjectName": "CMA 英文 Part-1",
                    "orderList": 10
                },
                {
                		"knowledgePointId" : "ff8080814a04df96014a2d1fe409591e",
                		"courseCategoryId" : "ff8080814997fb36014998b8dc7404f1",
                    "subjectId": "ff8080814997fb36014998b8dc7404f1",
                    "subjectName": "CMA 英文 Part-2",
                    "orderList": 20
                }
            ]
        }
    ],
    "state": "success",
    "msg": null,
    "code": null
}