{
  "data" : [ {
    "id" : "ed43041a323411e8904f64006a5147e8",
    "createDate" : 1522206354000,
    "modifyDate" : 1522824871000,
    "courseCategoryId" : "ff808081486933e601489c799f0f0868",
    "courseId" : "8a22ecb5545a87e801545af5048c0006",
    "memberStudyPlanId" : "b536164d323011e8904f64006a5147e8",
    "studyPlanId" : "43f6b9a2d8b7f37188698c6fc3220eb7",
    "studyPlanExtendId" : null,
    "planTitle" : "第一周",
    "startCategoryId" : "8a22ecb5545a87e801545af5b1910007",
    "endCategoryId" : "8a22ecb5545a87e801545b4eab670011",
    "startDate" : 1522166400000,
    "endDate" : 1522684800000,
    "taskTime" : 43992,
    "taskSum" : 41,
    "learnTime" : 307,
    "learnSum" : 6,
    "ingSum" : 5,
    "isFinish" : 0,
    "finishTime" : null,
    "testScores" : 0,
    "memberId" : null
  }, {
    "id" : "ed5416a5323411e8904f64006a5147e8",
    "createDate" : 1522206354000,
    "modifyDate" : 1522824871000,
    "courseCategoryId" : "ff808081486933e601489c799f0f0868",
    "courseId" : "8a22ecb5545a87e801545af5048c0006",
    "memberStudyPlanId" : "b536164d323011e8904f64006a5147e8",
    "studyPlanId" : "43f6b9a2d8b7f37188698c6fc3220eb7",
    "studyPlanExtendId" : null,
    "planTitle" : "第二周",
    "startCategoryId" : "8a22ecb5545a87e801545af60de70008",
    "endCategoryId" : "8a22ecb5545a87e801545b535fe40016",
    "startDate" : 1522771200000,
    "endDate" : 1523289600000,
    "taskTime" : 17302,
    "taskSum" : 44,
    "learnTime" : 0,
    "learnSum" : 0,
    "ingSum" : 1,
    "isFinish" : 0,
    "finishTime" : null,
    "testScores" : 0,
    "memberId" : null
  }, {
    "id" : "ed6363bd323411e8904f64006a5147e8",
    "createDate" : 1522206354000,
    "modifyDate" : 1522824871000,
    "courseCategoryId" : "ff808081486933e601489c799f0f0868",
    "courseId" : "8a22ecb5545a87e801545af5048c0006",
    "memberStudyPlanId" : "b536164d323011e8904f64006a5147e8",
    "studyPlanId" : "43f6b9a2d8b7f37188698c6fc3220eb7",
    "studyPlanExtendId" : null,
    "planTitle" : "第三周",
    "startCategoryId" : "8a22ecb5545a87e801545af767290009",
    "endCategoryId" : "8a22ecb5545a87e801545b57ad410019",
    "startDate" : 1523376000000,
    "endDate" : 1523894400000,
    "taskTime" : 11394,
    "taskSum" : 27,
    "learnTime" : 0,
    "learnSum" : 0,
    "ingSum" : 0,
    "isFinish" : 0,
    "finishTime" : null,
    "testScores" : 0,
    "memberId" : null
  }, {
    "id" : "ed70f202323411e8904f64006a5147e8",
    "createDate" : 1522206354000,
    "modifyDate" : 1522824871000,
    "courseCategoryId" : "ff808081486933e601489c799f0f0868",
    "courseId" : "8a22ecb5545a87e801545af5048c0006",
    "memberStudyPlanId" : "b536164d323011e8904f64006a5147e8",
    "studyPlanId" : "43f6b9a2d8b7f37188698c6fc3220eb7",
    "studyPlanExtendId" : null,
    "planTitle" : "第四周",
    "startCategoryId" : "8a22ecb5545a87e801545af7a721000a",
    "endCategoryId" : "8a22ecb5545a87e801545b59ca79001c",
    "startDate" : 1523980800000,
    "endDate" : 1524499200000,
    "taskTime" : 10550,
    "taskSum" : 25,
    "learnTime" : 0,
    "learnSum" : 0,
    "ingSum" : 0,
    "isFinish" : 0,
    "finishTime" : null,
    "testScores" : 0,
    "memberId" : null
  }, {
    "id" : "ed789608323411e8904f64006a5147e8",
    "createDate" : 1522206354000,
    "modifyDate" : 1522824871000,
    "courseCategoryId" : "ff808081486933e601489c799f0f0868",
    "courseId" : "8a22ecb5545a87e801545af5048c0006",
    "memberStudyPlanId" : "b536164d323011e8904f64006a5147e8",
    "studyPlanId" : "43f6b9a2d8b7f37188698c6fc3220eb7",
    "studyPlanExtendId" : null,
    "planTitle" : "第五周",
    "startCategoryId" : "8a22ecb5545a87e801545af7ff38000b",
    "endCategoryId" : "8a22ecb5545a87e801545b5b3ca9001e",
    "startDate" : 1524585600000,
    "endDate" : 1525104000000,
    "taskTime" : 0,
    "taskSum" : 0,
    "learnTime" : 0,
    "learnSum" : 0,
    "ingSum" : 0,
    "isFinish" : 0,
    "finishTime" : null,
    "testScores" : 0,
    "memberId" : null
  } ],
  "state" : "success",
  "msg" : ""
}