{"pageNo":1,"pageSize":"20","totalCount":"6","data":[{"id":"45cf9f55b4b611e6927800163e022e38","isPublic":"0","updateTime":1500028004,"contentSummary":"Hahffghjgoiigxgiccigicgigcicgicgigcicgicgicgigccigigcutxfitxixfifiifxxf","memberId":"8a22cc685215de9f01521b37b748020f","clientType":"pc","imgPath":"\/upload\/2016\/11\/27\/4674D0836CA648EFA5E7CE4E419CBB03.jpg,\/upload\/2016\/11\/27\/7F74282D8A1D415FB455027C16D53569.jpg,\/upload\/2016\/11\/27\/1EEC11FD389E432C93A3F3B40125D974.jpg,\/upload\/2016\/11\/27\/4C85BAC49DC744008C4E334FE16419DD.jpg,\/upload\/2016\/11\/27\/B9C4F56F97AF4D36BCC3853609AC3779.jpg","courseId":"ff8080814dad5062014dadd9c70d0053","charpterId":"ff8080814dad5062014dadd9c739005a","taskType":"","taskprogress":"0","taskId":"","soundPath":"","soundlen":"0","coursename":"ACCA F2 Management Accounting","chaptername":"Chapter 1 The Nature, Source and Purpose of Management Accounting","praiseCount":"0","favoriteCount":"0","clickCount":"0","nikeName":"Rainy","headImg":"\/upload\/avatar\/big_8a22cc685215de9f01521b37b748020f.jpg","userlevel":"0"},{"id":"2d178851b4b611e6927800163e022e38","isPublic":"0","updateTime":1505199477,"contentSummary":"Hahffghjgoiigxgiccigicgigcicgicgigcicgicgicgigccigigc","memberId":"8a22cc685215de9f01521b37b748020f","clientType":"pc","imgPath":"\/upload\/2016\/12\/14\/CB44ECB279EE4A71BCC0999ACB7DE571.jpg,\/upload\/2016\/12\/14\/387BDB48715C447C857396154B2C620B.jpg,\/upload\/2016\/12\/14\/53B03B79D13442958EFD1CF699C0B94F.jpg,\/upload\/2016\/12\/14\/E8EE4C13C7584DA6AFA0D6EFEA227FC8.jpg,\/upload\/2016\/12\/14\/FEE8DD2E52FF4DC88AEF1FAAB2975358.jpg,\/upload\/2016\/12\/14\/8FF8FAC00931443CB3EC24F6BB4FFDE2.jpg,\/upload\/2016\/12\/14\/E85AFA3E7CCB4673BF924DD91648C410.jpg,\/upload\/2016\/11\/27\/4674D0836CA648EFA5E7CE4E419CBB03.jpg,\/upload\/2016\/11\/27\/7F74282D8A1D415FB455027C16D53569.jpg,\/upload\/2016\/11\/27\/1EEC11FD389E432C93A3F3B40125D974.jpg,\/upload\/2016\/11\/27\/4C85BAC49DC744008C4E334FE16419DD.jpg,\/upload\/2016\/11\/27\/B9C4F56F97AF4D36BCC3853609AC3779.jpg","courseId":"ff8080814dad5062014dadd9c70d0053","charpterId":"ff8080814dad5062014dadd9c739005a","taskType":"","taskprogress":"0","taskId":"","soundPath":"","soundlen":"0","coursename":"ACCA F2 Management Accounting","chaptername":"Chapter 1 The Nature, Source and Purpose of Management Accounting","praiseCount":"0","favoriteCount":"0","clickCount":"0","nikeName":"Rainy","headImg":"\/upload\/avatar\/big_8a22cc685215de9f01521b37b748020f.jpg","userlevel":"0"},{"id":"80e0a9426b3a11e6a34f00163e022e38","isPublic":"1","updateTime":1472180969,"contentSummary":"Fixing cigcgiigcchicgigicicgcigxiyfftu","memberId":"8a22cc685215de9f01521b37b748020f","clientType":"iphone","imgPath":"","courseId":"ff8080814dad5062014db32051b801a2","charpterId":"ff8080814dad5062014db320522101b6","taskType":"exam","taskprogress":"7","taskId":"8a22ecb555a050580155a520d50a0263","soundPath":"","soundlen":"0","coursename":"ACCA F1 Accountant in Business","chaptername":"Chapter 4 Function of Main Departments in Business Organisation","praiseCount":"0","favoriteCount":"0","clickCount":"0","nikeName":"Rainy","headImg":"\/upload\/avatar\/big_8a22cc685215de9f01521b37b748020f.jpg","userlevel":"0"},{"id":"b26a9d3a610b11e6a34f00163e022e38","isPublic":"1","updateTime":1471061354,"contentSummary":"Civic guiding,do.xt.u trey!tx!upyrzrutu!ztux!u!f usfyyx","memberId":"8a22cc685215de9f01521b37b748020f","clientType":"iphone","imgPath":"","courseId":"ff8080814dc1dc4e014dff60fdc52868","charpterId":"ff8080814dc1dc4e014dff60fdcf286a","taskType":"exam","taskprogress":"21","taskId":"8a22ecb5545bfd8801545c3f3ec10038","soundPath":"","soundlen":"0","coursename":"CIMA Fundamentals of Business Economics \uff08C04\uff09","chaptername":"Chapter1 Goals of Organization and their Stakeholder","praiseCount":"0","favoriteCount":"0","clickCount":"0","nikeName":"Rainy","headImg":"\/upload\/avatar\/big_8a22cc685215de9f01521b37b748020f.jpg","userlevel":"0"},{"id":"3833f05f5c8f11e6be0a00163e022e38","isPublic":"1","updateTime":1480260455,"contentSummary":"s\u2006su\u2006t\u2006zuu\u2006t\u2006x\u2006j\u2006xj\u2006g\u2006x\u2006h\u2006f\u2006x\u2006h\u2006x\u2006f","memberId":"8a22cc685215de9f01521b37b748020f","clientType":"iphone","imgPath":"\/upload\/2016\/11\/27\/BA06B9F42C9741B68A0BC02FDFDD913B.jpg","courseId":"ff8080814dad5062014db32051b801a2","charpterId":"ff8080814dad5062014db32051d501a7","taskType":"video","taskprogress":"3257","taskId":"ff8080814dad5062014db32051db01a8","soundPath":"","soundlen":"0","coursename":"ACCA F1 Accountant in Business","chaptername":"Chapter 1 Organisation and Types of Organisation","praiseCount":"0","favoriteCount":"0","clickCount":"0","nikeName":"Rainy","headImg":"\/upload\/avatar\/big_8a22cc685215de9f01521b37b748020f.jpg","userlevel":"0"},{"id":"4ca9111a495611e6b04700163e022e38","isPublic":"1","updateTime":1468454568,"contentSummary":"Seeded cddsss","memberId":"8a22cc685215de9f01521b37b748020f","clientType":"iphone","imgPath":"","courseId":"8a22ecb5537864ee0153791d2014000c","charpterId":"8a22ecb5537864ee01537959c1970017","taskType":"video","taskprogress":"554","taskId":"8a22ecb553c543220153ca6675d70020","soundPath":"","soundlen":"0","coursename":"FRM Part I \u57fa\u7840\u8bfe","chaptername":"Topic 1 Risk Management: A Helicopter View","praiseCount":"0","favoriteCount":"0","clickCount":"0","nikeName":"Rainy","headImg":"\/upload\/avatar\/big_8a22cc685215de9f01521b37b748020f.jpg","userlevel":"0"}],"state":"success","msg":""}