{"data":{"id":"9283b122de3811e7a34800163e0f5ece","isPublic":0,"updateTime":1512975901,"content":"\u6d4b\u8bd5\u65b0\u5efa\uff0c\u8bf7\u5ffd\u7565\u3002V6","memberId":"ac622d298d9311e7a63100163e022e38","clientType":"aphone","imgPath":"\/upload\/teach\/201712111400188159.jpeg,\/upload\/teach\/201712111400181224.jpeg,\/upload\/teach\/201712111400199100.jpeg,\/upload\/teach\/201712111400194354.jpeg","courseId":"8a2a5fa451c0c3ad0151c2950ccf0080","charpterId":"8a2a5fa451c0c3ad0151c29add790085","taskType":"edit","taskprogress":"0","taskId":"taskId","soundPath":"","soundlen":"0","coursename":"CFA L1 \u57fa\u7840\u8bfe\uff08\u4f53\u9a8c\u8bfe\uff09","chaptername":"CFA Ethic and Professional Standards and Quantitative Methods","praiseCount":"0","favoriteCount":"0","clickCount":"0","nikeName":"candy","headImg":"\/upload\/avatar\/big_ac622d298d9311e7a63100163e022e38.jpg","userlevel":"0","sql":"select bit_note_lesson.id as id,bit_note_lesson.is_public as isPublic,bit_note_lesson.modify_date as updateTime,bit_note_lesson.content as content,bit_note_lesson.member_id as memberId,bit_note_lesson.client_type as clientType,bit_note_lesson.img_path as imgPath,bit_note_lesson.course_id as courseId,bit_note_lesson.lesson_category_id as charpterId,bit_note_lesson.task_type as taskType,bit_note_lesson.note_date as taskprogress,bit_note_lesson.course_resourse_id as taskId,bit_note_lesson.sound_path as soundPath,bit_note_lesson.sound_len as soundlen,\r\n\t\tbit_course.title as coursename,\r\n\t\tbit_lesson_category.name as chaptername,\r\n\t\tbit_note_lesson.praise_count as praiseCount,bit_note_lesson.favorite_count as favoriteCount,bit_note_lesson.click_count as clickCount,\r\n\t\tbit_member.nickname as nikeName,bit_member.avatar_default as headImg,bit_member.is_avatar as isAvatar,bit_member.user_level as userlevel from `bit_note_lesson` left join `bit_course` on bit_note_lesson.course_id = bit_course.id left join `bit_lesson_category` on bit_note_lesson.lesson_category_id = bit_lesson_category.id left join bit_member on bit_note_lesson.member_id = bit_member.id where  bit_note_lesson.id ='9283b122de3811e7a34800163e0f5ece' limit 0,1"},"state":"success","msg":""}