{"state":"success","count":"4","msg":"","data":[{"nid":"425885","create_date":"2018-03-16 15:46:20","modify_date":null,"subject_id":"ff8080814f3eb9ed014f48ee5deb1361","category_id":null,"course_id":"8a22cc685c3379ab015c3d51d8f50035","chapter_id":"8a22cc685c3379ab015c4395e9570148","member_id":"8a22ecb553a0b1320153a7251a1e149f","examenNum":"1","cache_knowledge_level1_id":"8a22cc685c3379ab015c3d51d8f50035","cache_knowledge_level2_id":"d985e43bd5ca58be59b468f6145b3148","cache_knowledge_path":"8a22cc685c3379ab015c3d51d8f50035,d985e43bd5ca58be59b468f6145b3148","exercise_id":"ff8080814f06ee2a014f077a7e4c01e7","context":"&#39;[{&quot;title&quot;:&quot;lower&quot;,&quot;isChecked&quot;:false,&quot;myChecked&quot;:false},{&quot;title&quot;:&quot;higher&quot;,&quot;isChecked&quot;:true,&quot;myChecked&quot;:true}]&#39;","sort":"16","status":"1","create_date_tmp":1521186380,"modify_date_tmp":0},{"nid":"425884","create_date":"2018-03-16 15:46:15","modify_date":null,"subject_id":"ff8080814f3eb9ed014f48ee5deb1361","category_id":null,"course_id":"8a22cc685c3379ab015c3d51d8f50035","chapter_id":"8a22cc685c3379ab015c4395e9570148","member_id":"8a22ecb553a0b1320153a7251a1e149f","examenNum":"1","cache_knowledge_level1_id":"8a22cc685c3379ab015c3d51d8f50035","cache_knowledge_level2_id":"d985e43bd5ca58be59b468f6145b3148","cache_knowledge_path":"8a22cc685c3379ab015c3d51d8f50035,d985e43bd5ca58be59b468f6145b3148","exercise_id":"ff8080814f06ee2a014f078f5af50248","context":"&#39;[{&quot;title&quot;:&quot;call;put&quot;,&quot;isChecked&quot;:true,&quot;myChecked&quot;:false},{&quot;title&quot;:&quot;put;call&quot;,&quot;isChecked&quot;:false,&quot;myChecked&quot;:false},{&quot;title&quot;:&quot;call;call&quot;,&quot;isChecked&quot;:false,&quot;myChecked&quot;:false},{&quot;title&quot;:&quot;put;put&quot;,&quot;isChecked&quot;:false,&quot;myChecked&quot;:true}]&#39;","sort":"15","status":"2","create_date_tmp":1521186375,"modify_date_tmp":0},{"nid":"425883","create_date":"2018-03-16 15:46:11","modify_date":null,"subject_id":"ff8080814f3eb9ed014f48ee5deb1361","category_id":null,"course_id":"8a22cc685c3379ab015c3d51d8f50035","chapter_id":"8a22cc685c3379ab015c4395e9570148","member_id":"8a22ecb553a0b1320153a7251a1e149f","examenNum":"1","cache_knowledge_level1_id":"8a22cc685c3379ab015c3d51d8f50035","cache_knowledge_level2_id":"d985e43bd5ca58be59b468f6145b3148","cache_knowledge_path":"8a22cc685c3379ab015c3d51d8f50035,d985e43bd5ca58be59b468f6145b3148","exercise_id":"ff8080814f2a2a17014f3aab2f571890","context":"&#39;[{&quot;blank&quot;:&quot;down&quot;,&quot;myBlank&quot;:&quot;f&quot;}]&#39;","sort":"4","status":"2","create_date_tmp":1521186371,"modify_date_tmp":0},{"nid":"425882","create_date":"2018-03-16 15:46:08","modify_date":null,"subject_id":"ff8080814f3eb9ed014f48ee5deb1361","category_id":null,"course_id":"8a22cc685c3379ab015c3d51d8f50035","chapter_id":"8a22cc685c3379ab015c4395e9570148","member_id":"8a22ecb553a0b1320153a7251a1e149f","examenNum":"1","cache_knowledge_level1_id":"8a22cc685c3379ab015c3d51d8f50035","cache_knowledge_level2_id":"d985e43bd5ca58be59b468f6145b3148","cache_knowledge_path":"8a22cc685c3379ab015c3d51d8f50035,d985e43bd5ca58be59b468f6145b3148","exercise_id":"ff8080814f2a2a17014f3aadd0b918a9","context":"&#39;[{&quot;blank&quot;:&quot;Derivatives&quot;,&quot;myBlank&quot;:&quot;s&quot;}]&#39;","sort":"3","status":"2","create_date_tmp":1521186368,"modify_date_tmp":0},{"nid":"425888","create_date":"2018-03-16 16:00:00","modify_date":null,"subject_id":"ff8080814f3eb9ed014f48ee5deb1361","category_id":null,"course_id":"8a22cc685c3379ab015c3d51d8f50035","chapter_id":"8a22cc685c3379ab015c4395e9570148","member_id":"8a22ecb553a0b1320153a7251a1e149f","examenNum":"1","cache_knowledge_level1_id":"8a22cc685c3379ab015c3d51d8f50035","cache_knowledge_level2_id":"d985e43bd5ca58be59b468f6145b3148","cache_knowledge_path":"8a22cc685c3379ab015c3d51d8f50035,d985e43bd5ca58be59b468f6145b3148","exercise_id":"ff8080814f06ee2a014f077a7e4c01e7","context":"&#39;[{&quot;title&quot;:&quot;lower&quot;,&quot;isChecked&quot;:false,&quot;myChecked&quot;:false},{&quot;title&quot;:&quot;higher&quot;,&quot;isChecked&quot;:true,&quot;myChecked&quot;:true}]&#39;","sort":"16","status":"1","create_date_tmp":1521186380,"modify_date_tmp":0}]}