{
	"state": "success",
	"count": "2",
	"msg": "",
	"data": [{
		"nid": "43873",
		"create_date": "2018-03-16 11:26:57",
		"modify_date": "2018-03-16 11:26:57",
		"subject_id": "ff8080814f3eb9ed014f48ee5deb1361",
		"category_id": "ff808081473905e701475cd3c2080001",
		"course_id": "8a22ecb5545a87e801545af5048c0006",
		"chapter_id": "8a22cc685c3379ab015c4395e9570148",
		"member_id": "8a22ecb553a0b1320153a7251a1e149f",
		"examenNum": "0",
		"cache_knowledge_level1_id": "8a22cc685c3379ab015c3d51d8f50035",
		"cache_knowledge_level2_id": "d985e43bd5ca58be59b468f6145b3148",
		"cache_knowledge_path": "8a22cc685c3379ab015c3d51d8f50035,d985e43bd5ca58be59b468f6145b3148",
		"progress": "1",
		"last_exercise_nid": "19",
		"error_num": "1",
		"total_time": "14",
		"examen_name": "Other financing sources",
		"examen_total_num": "20",
		"examen_type": "chapter",
		"is_finish": "1",
		"task_id": "d985e43bd5ca58be59b468f6145b3148",
		"correct_num": "0",
		"knowledge_point_id": "ff8080814f6ccf1f014f6d3cc4df0282",
		"create_date_tmp": 1521170817,
		"modify_date_tmp": 1521170817
	}]
}