{"data":[{"action":"closetask","categoryId":"ff808081473905e701475cd3c2080001","categoryName":"ACCA","chapterId":"8a22ecb55e755132015e842f25b700d1","chapterName":"Chapter 1 Organisation and Types of Organisation","courseId":"8a22ecb55e755132015e8361703400c6","courseName":"2017 ACCA F1 Accountant in Business","createDate":1514856867517,"isSupply":0,"memberId":"8a22ecb553a0b1320153a7251a1e149f","memberName":"app6hvm","progress":74,"state":0,"studyTime":null,"subjectId":"ff808081473905e701476204cb6c006f","subjectName":"F1","taskId":"8a22ecb55e755132015f84c7cd080ba5","taskName":"04-Types II: Private sector vs Public sector","taskStudyTimeList":[{"clientType":"pcWeb","saveTime":1514856867479,"studyTime":6}],"taskStudyTotalTime":0,"token":"57d73324-f785-43c5-838b-00a12b1b4d13","total":1577},{"action":"beginplay","categoryId":"ff808081473905e701475cd3c2080001","categoryName":"ACCA","chapterId":"8a22ecb55e755132015e842c9d1000c8","chapterName":"INTRODUCTION","courseId":"8a22ecb55e755132015e8361703400c6","courseName":"2017 ACCA F1 Accountant in Business","createDate":1514881042340,"isSupply":0,"memberId":"8a22ecb553a0b1320153a7251a1e149f","memberName":"app6hvm","progress":1,"state":1,"studyTime":0,"subjectId":"ff808081473905e701476204cb6c006f","subjectName":"F1","taskId":"8a22ecb55e755132015f84c711e50ba2","taskName":"INTRODUCTION","taskStudyTimeList":[{"clientType":"pcWeb","saveTime":1514513321111,"studyTime":18},{"clientType":"pcWeb","saveTime":1514856858068,"studyTime":9}],"taskStudyTotalTime":0,"token":"c3f5a3c0-e36d-4f3f-a471-55cadc469f74","total":1049},{"action":"beginplay","categoryId":"ff808081473905e701475cd3c2080001","categoryName":"ACCA","chapterId":"8a22ecb55e755132015e8432302600d7","chapterName":"Chapter 7 Information Technology and Information Systems in Business","courseId":"8a22ecb55e755132015e8361703400c6","courseName":"2017 ACCA F1 Accountant in Business","createDate":1513911313292,"isSupply":0,"memberId":"8a22ecb553a0b1320153a7251a1e149f","memberName":"app6hvm","progress":1,"state":0,"subjectId":"ff808081473905e701476204cb6c006f","subjectName":"F1","taskId":"8a22ecb55e755132015f84e83f710bc3","taskName":"07-Quick quiz","taskStudyTimeList":[],"token":"1ce9e934-c708-40d0-90fd-c1e459bde2a3","total":629}],"state":"success","msg":""}