{"data":{"categoryId":" ","subjectId":"8a22ecb5527d453f01527d4b0e500001","courseId":"5d58e3a12efd6c42b835caa5f2f29f0b","chapterId":"6592961b074efa6826e17e2686254091","categoryName":" ","subjectName":" ","courseName":" ","chapterName":" ","taskId":"2db4bcd913fb9a578e4666112cad3e9d","taskType":" ","taskprogress":"-1","favoriteCount":"0","replyCount":"1","clickCount":"6","title":"\u8d22\u52a1\u62a5\u8868","denyReply":"false","toporder":"0","bestorder":"0","adpic":null,"fid":"55","taskCount":"0","taskCurrent":"0","uid":"50398","soundPath":" ","soundlen":"0","updateTime":"1519991293","clientType":"iphone","content":"\u7b2c\u4e8c\u5927\u70b9\u7b2c\u4e8c\u5c0f\u70b9\uff0cfinancing cost\u4e3a\u4f55\u5728\u540e","bbstype":"1","praiseCount":"0","replaytype":"0","imgPath":"\/upload\/teach\/201803021948138054.jpeg","is_control":"0","userlevel":1,"userlevelid":"101","nikeName":"liuzehao","is_avatar":"1","avatar_default":"0","memberId":"8a22cc685d82fdcc015fe747ec6e342a","isdelete":0,"id":"61549","levelimg":"\/upload\/usrlevel.png","headImg":"\/upload\/avatar\/big_8a22cc685d82fdcc015fe747ec6e342a.jpg","contentHtml":"\u7b2c\u4e8c\u5927\u70b9\u7b2c\u4e8c\u5c0f\u70b9\uff0cfinancing cost\u4e3a\u4f55\u5728\u540e","isdisplay":true,"contentSummary":"\u7b2c\u4e8c\u5927\u70b9\u7b2c\u4e8c\u5c0f\u70b9\uff0cfinancing cost\u4e3a\u4f55\u5728\u540e","replys":[{"taskId":"2db4bcd913fb9a578e4666112cad3e9d","taskType":" ","taskprogress":"-1","favoriteCount":"0","replyCount":"1","clickCount":"6","denyReply":"false","toporder":"0","bestorder":"0","adpic":null,"fid":"55","taskCount":"0","taskCurrent":"0","pid":"104759","uid":"4036","soundPath":" ","soundlen":"0","updateTime":"1520006780","clientType":"pc","content":"\u975e\u91d1\u878d\u516c\u53f8\u6bd4\u5982\u751f\u4ea7\u516c\u53f8\uff0cfinancing\u4e0d\u662f\u5b83\u7684\u4e3b\u8425\u4e1a\u52a1\uff0cfinancing cost\u5728\u4e3b\u8425\u5229\u6da6\u540e\u9762","bbstype":"1","praiseCount":"0","replaytype":"0","imgPath":"","is_control":"0","userlevel":1,"userlevelid":"101","nikeName":"wangxi2","is_avatar":"1","avatar_default":"7","memberId":"ff8080814ad1f7d3014af25ee4464c7c","isdelete":0,"id":"104759","levelimg":"\/upload\/usrlevel.png","headImg":"\/upload\/avatar\/big_ff8080814ad1f7d3014af25ee4464c7c.jpg","contentHtml":"<p>\u975e\u91d1\u878d\u516c\u53f8\u6bd4\u5982\u751f\u4ea7\u516c\u53f8\uff0cfinancing\u4e0d\u662f\u5b83\u7684\u4e3b\u8425\u4e1a\u52a1\uff0cfinancing cost\u5728\u4e3b\u8425\u5229\u6da6\u540e\u9762<\/p><br>","isdisplay":true,"contentSummary":"\u975e\u91d1\u878d\u516c\u53f8\u6bd4\u5982\u751f\u4ea7\u516c\u53f8\uff0cfinancing\u4e0d\u662f\u5b83\u7684\u4e3b\u8425\u4e1a\u52a1\uff0cfinancing cost\u5728\u4e3b\u8425\u5229\u6da6\u540e\u9762","del_permission":0}]},"state":"success","msg":""}