{"totalCount":3,"pageNo":"1","pageSize":"20","data":[{"categoryId":" ","subjectId":"ff808081473905e701476204cb6c006f","courseId":"ff8080814dad5062014db32051b801a2","chapterId":" ","categoryName":" ","subjectName":" ","courseName":" ","chapterName":" ","taskId":" ","taskType":" ","taskprogress":"-1","favoriteCount":"0","replyCount":"2","clickCount":"41","title":"test","denyReply":"false","toporder":"0","bestorder":"0","adpic":null,"fid":"10","taskCount":"0","taskCurrent":"0","pid":"60294","uid":"15598","soundPath":" ","soundlen":"0","updateTime":"1500348786","clientType":"pc","content":"test","bbstype":"1","praiseCount":"0","replaytype":"0","imgPath":"","is_control":"0","userlevel":1,"userlevelid":"101","nikeName":"Rainy","is_avatar":"1","avatar_default":"0","memberId":"8a22cc685215de9f01521b37b748020f","isdelete":0,"id":"43201","levelimg":"\/upload\/usrlevel.png","headImg":"\/upload\/avatar\/big_8a22cc685215de9f01521b37b748020f.jpg","contentHtml":"<p>test<\/p>","isdisplay":true,"contentSummary":"test","del_permission":1},{"categoryId":"ff808081473905e701475cd3c2080001","subjectId":"ff808081473905e70147625487550079","courseId":"ff8080814dc1dc4e014dff86ba232934","chapterId":"ff8080814dc1dc4e014dff86ba2c2936","categoryName":"ACCA","subjectName":"P1","courseName":"\u590d\u4e60\u4e32\u8bb2-ACCA P1 Governance Risk, and Ethic","chapterName":"pilot paper","taskId":" ","taskType":" ","taskprogress":"0","favoriteCount":"0","replyCount":"2","clickCount":"261","title":"y\u2006d\u2006z\u2006zu\u2006fi\u2006g\u2006x\u2006xi\u2006g\u2006gi\u2006xi\u2006g\u2006ci\u2006g\u2006c\u2006c","denyReply":"false","toporder":"0","bestorder":"0","adpic":null,"fid":"18","taskCount":"0","taskCurrent":"0","pid":"38220","uid":"15598","soundPath":" ","soundlen":"0","updateTime":"1476096208","clientType":"iphone","content":"\u5730\u94c1\u7ec6\u9ad8\u8ddf\u563b\u563b\u80a1\u4efd\u5236\u60f3\u5403\u82e6\u74dc\u559c\u6b22\u4ece\u6b4c\u8bcd\u6b4c\u8bcd\u4e2a\u5438\u8840\u9b3c\u590d\u4e60\u590d\u4e60\u6b4c\u8bcd","bbstype":"1","praiseCount":"0","replaytype":"0","imgPath":"","is_control":"0","userlevel":1,"userlevelid":"101","nikeName":"Rainy","is_avatar":"1","avatar_default":"0","memberId":"8a22cc685215de9f01521b37b748020f","isdelete":0,"id":"33691","levelimg":"\/upload\/usrlevel.png","headImg":"\/upload\/avatar\/big_8a22cc685215de9f01521b37b748020f.jpg","contentHtml":"\u5730\u94c1\u7ec6\u9ad8\u8ddf\u563b\u563b\u80a1\u4efd\u5236\u60f3\u5403\u82e6\u74dc\u559c\u6b22\u4ece\u6b4c\u8bcd\u6b4c\u8bcd\u4e2a\u5438\u8840\u9b3c\u590d\u4e60\u590d\u4e60\u6b4c\u8bcd","isdisplay":true,"contentSummary":"\u5730\u94c1\u7ec6\u9ad8\u8ddf\u563b\u563b\u80a1\u4efd\u5236\u60f3\u5403\u82e6\u74dc\u559c\u6b22\u4ece\u6b4c\u8bcd\u6b4c\u8bcd\u4e2a\u5438\u8840\u9b3c\u590d\u4e60\u590d\u4e60\u6b4c\u8bcd","del_permission":1},{"categoryId":" ","subjectId":"ff808081473905e70147625307e90074","courseId":"ff8080814dc1dc4e014dfb56657d212d","chapterId":"ff8080814dc1dc4e014dfb61302c21ad","categoryName":" ","subjectName":" ","courseName":" ","chapterName":" ","taskId":"ff8080814dc1dc4e014dfb56659e2134","taskType":" ","taskprogress":"25","favoriteCount":"0","replyCount":"2","clickCount":"130","title":"\u590d\u4e60\u4e32\u8bb2ACCA F4","denyReply":"false","toporder":"0","bestorder":"0","adpic":null,"fid":"13","taskCount":"0","taskCurrent":"0","pid":"34124","uid":"15598","soundPath":" ","soundlen":"0","updateTime":"1466581660","clientType":"pc","content":"English courts","bbstype":"1","praiseCount":"0","replaytype":"0","imgPath":"","is_control":"0","userlevel":1,"userlevelid":"101","nikeName":"Rainy","is_avatar":"1","avatar_default":"0","memberId":"8a22cc685215de9f01521b37b748020f","isdelete":0,"id":"32295","levelimg":"\/upload\/usrlevel.png","headImg":"\/upload\/avatar\/big_8a22cc685215de9f01521b37b748020f.jpg","contentHtml":"<p>English courts<\/p>","isdisplay":true,"contentSummary":"English courts","del_permission":1}],"state":"success","msg":""}