{"state":"success","count":"13","msg":"","data":[{"nid":"18710","create_date":"2017-09-11 10:06:16","modify_date":"2017-09-11 11:15:44","subject_id":"ff8080814a04df96014a1305576b244d","category_id":null,"course_id":null,"chapter_id":null,"member_id":"8a22cc685215de9f01521b37b748020f","examenNum":"0","cache_knowledge_level1_id":"ff8080814a04df96014a13026db7243b","cache_knowledge_level2_id":"ff8080814a04df96014a1305576b244d","cache_knowledge_path":"ff8080814a04df96014a13026db7243b,ff8080814a04df96014a1305576b244d","progress":"2","last_exercise_nid":"1","error_num":"2","total_time":"2","examen_name":"SPECIALIST COST AND MANAGEMENTACCOUNTING TECHNIQUES","examen_total_num":"80","examen_type":"testSite","is_finish":"0","task_id":null,"correct_num":"0","knowledge_point_id":"40288aae4a139150014a13f8287d1d63","create_date_tmp":1505095576,"modify_date_tmp":1505099744},{"nid":"18231","create_date":"2017-09-08 18:44:31","modify_date":"2017-09-08 18:49:53","subject_id":"ff8080814a04df96014a13037c3c243d","category_id":null,"course_id":null,"chapter_id":null,"member_id":"8a22cc685215de9f01521b37b748020f","examenNum":"0","cache_knowledge_level1_id":"ff8080814a04df96014a13026db7243b","cache_knowledge_level2_id":"ff8080814a04df96014a13037c3c243d","cache_knowledge_path":"ff8080814a04df96014a13026db7243b,ff8080814a04df96014a13037c3c243d","progress":"1","last_exercise_nid":"6","error_num":"1","total_time":"330","examen_name":"PROFESSIONAL ETHICS IN ACCOUNTINGAND BUSINESS","examen_total_num":"21","examen_type":"testSite","is_finish":"0","task_id":null,"correct_num":"0","knowledge_point_id":"40288aae4a139150014a13ece29218c1","create_date_tmp":1504867471,"modify_date_tmp":1504867793},{"nid":"18225","create_date":"2017-09-08 18:15:25","modify_date":"2017-09-08 18:15:48","subject_id":"ff8080814a04df96014a13037c3c243d","category_id":"ff8080814c7e36d9014c9c3219fa01a8","course_id":"ff8080814e53385c014e6c98a25f0642","chapter_id":null,"member_id":"8a22cc685215de9f01521b37b748020f","examenNum":"0","cache_knowledge_level1_id":"ff8080814a04df96014a13026db7243b","cache_knowledge_level2_id":"ff8080814a04df96014a13037c3c243d","cache_knowledge_path":"ff8080814a04df96014a13026db7243b,ff8080814a04df96014a13037c3c243d","progress":"6","last_exercise_nid":"1","error_num":"3","total_time":"4","examen_name":"THE BUSINESS ORGANISATION, ITSSTAKEHOLDERS AND THE EXTERNALENVIRONMENT","examen_total_num":"103","examen_type":"testSite","is_finish":"0","task_id":null,"correct_num":"3","knowledge_point_id":"40288aae4a139150014a13ec970916ad","create_date_tmp":1504865725,"modify_date_tmp":1504865748},{"nid":"17496","create_date":"2017-09-05 13:57:40","modify_date":"2017-09-05 13:57:45","subject_id":"ff8080814a04df96014a13037c3c243d","category_id":null,"course_id":null,"chapter_id":null,"member_id":"8a22cc685215de9f01521b37b748020f","examenNum":"0","cache_knowledge_level1_id":"ff8080814a04df96014a13026db7243b","cache_knowledge_level2_id":"ff8080814a04df96014a13037c3c243d","cache_knowledge_path":"ff8080814a04df96014a13026db7243b,ff8080814a04df96014a13037c3c243d","progress":"2","last_exercise_nid":"32","error_num":"2","total_time":"113","examen_name":null,"examen_total_num":"126","examen_type":"testSite","is_finish":"0","task_id":null,"correct_num":"0","knowledge_point_id":"40288aae4a139150014a13eccd0b1829","create_date_tmp":1504591060,"modify_date_tmp":1504591065},{"nid":"17465","create_date":"2017-09-05 11:23:31","modify_date":"2017-09-08 18:32:11","subject_id":"ff8080814a04df96014a13037c3c243d","category_id":null,"course_id":null,"chapter_id":null,"member_id":"8a22cc685215de9f01521b37b748020f","examenNum":"0","cache_knowledge_level1_id":"ff8080814a04df96014a13026db7243b","cache_knowledge_level2_id":"ff8080814a04df96014a13037c3c243d","cache_knowledge_path":"ff8080814a04df96014a13026db7243b,ff8080814a04df96014a13037c3c243d","progress":"3","last_exercise_nid":"5","error_num":"3","total_time":"14","examen_name":"BUSINESS ORGANISATION STRUCTURE,FUNCTIONS AND GOVERNANCE","examen_total_num":"54","examen_type":"testSite","is_finish":"0","task_id":null,"correct_num":"0","knowledge_point_id":"40288aae4a139150014a13eca947172d","create_date_tmp":1504581811,"modify_date_tmp":1504866731},{"nid":"16728","create_date":"2017-09-01 18:04:57","modify_date":"2017-09-01 18:05:26","subject_id":"ff808081473905e7014762534dda0075","category_id":null,"course_id":null,"chapter_id":null,"member_id":"8a22cc685215de9f01521b37b748020f","examenNum":"0","cache_knowledge_level1_id":null,"cache_knowledge_level2_id":null,"cache_knowledge_path":null,"progress":"2","last_exercise_nid":"21","error_num":"1","total_time":"34","examen_name":null,"examen_total_num":"25","examen_type":"realImitate","is_finish":"0","task_id":null,"correct_num":"1","knowledge_point_id":"ff8080814d32fa4d014d37ef591b0076","create_date_tmp":1504260297,"modify_date_tmp":1504260326},{"nid":"16705","create_date":"2017-09-01 16:22:15","modify_date":"2017-09-01 16:48:23","subject_id":"ff808081473905e7014762534dda0075","category_id":null,"course_id":null,"chapter_id":null,"member_id":"8a22cc685215de9f01521b37b748020f","examenNum":"0","cache_knowledge_level1_id":null,"cache_knowledge_level2_id":null,"cache_knowledge_path":null,"progress":"5","last_exercise_nid":"21","error_num":"0","total_time":"2","examen_name":null,"examen_total_num":"25","examen_type":"realImitate","is_finish":"0","task_id":null,"correct_num":"5","knowledge_point_id":"ff8080814d32fa4d014d37efc1710077","create_date_tmp":1504254135,"modify_date_tmp":1504255703},{"nid":"5918","create_date":"2017-07-21 17:56:46","modify_date":"2017-07-21 17:57:23","subject_id":"ff808081473905e701476204cb6c006f","category_id":"ff808081473905e701475cd3c2080001","course_id":"ff8080814dad5062014db32051b801a2","chapter_id":"ff8080814dad5062014db32051d501a7","member_id":"8a22cc685215de9f01521b37b748020f","examenNum":"3","cache_knowledge_level1_id":"ff8080814dad5062014db32051b801a2","cache_knowledge_level2_id":"8a22ecb555a050580155a51484e70259","cache_knowledge_path":"ff8080814dad5062014db32051b801a2,8a22ecb555a050580155a51484e70259","progress":"1","last_exercise_nid":"0","error_num":"1","total_time":"47","examen_name":"ACCA F1 Accountant in Business-CH1\u7ae0\u8282\u6d4b\u8bc4","examen_total_num":"5","examen_type":"chapter","is_finish":"0","task_id":"8a22ecb555a050580155a51484e70259","correct_num":"0","knowledge_point_id":"8a22ecb5523f67260152527ccc372896","create_date_tmp":1500631006,"modify_date_tmp":1500631043},{"nid":"4131","create_date":"2017-07-14 18:32:58","modify_date":"2017-07-14 18:33:16","subject_id":"ff808081473905e701476204cb6c006f","category_id":"ff808081473905e701475cd3c2080001","course_id":"ff8080814dad5062014db32051b801a2","chapter_id":"ff8080814dad5062014db320523b01bb","member_id":"8a22cc685215de9f01521b37b748020f","examenNum":"0","cache_knowledge_level1_id":"ff8080814dad5062014db32051b801a2","cache_knowledge_level2_id":"8a22ecb555a050580155a583217c027f","cache_knowledge_path":"ff8080814dad5062014db32051b801a2,8a22ecb555a050580155a583217c027f","progress":"5","last_exercise_nid":"4","error_num":"5","total_time":"24","examen_name":"ACCA F1 Accountant in Business-CH5\u7ae0\u8282\u6d4b\u8bc4","examen_total_num":"5","examen_type":"chapter","is_finish":"1","task_id":"8a22ecb555a050580155a583217c027f","correct_num":"0","knowledge_point_id":"8a22ecb55258afe7015261a37edc189c","create_date_tmp":1500028378,"modify_date_tmp":1500028396},{"nid":"1883","create_date":"2017-06-27 10:30:22","modify_date":"2017-07-14 18:35:49","subject_id":"ff808081473905e701476204cb6c006f","category_id":"ff808081473905e701475cd3c2080001","course_id":"ff8080814dad5062014db32051b801a2","chapter_id":"ff8080814dad5062014db32051d501a7","member_id":"8a22cc685215de9f01521b37b748020f","examenNum":"2","cache_knowledge_level1_id":"ff8080814dad5062014db32051b801a2","cache_knowledge_level2_id":"8a22ecb555a050580155a51484e70259","cache_knowledge_path":"ff8080814dad5062014db32051b801a2,8a22ecb555a050580155a51484e70259","progress":"5","last_exercise_nid":"4","error_num":"2","total_time":"32","examen_name":"ACCA F1 Accountant in Business-CH1\u7ae0\u8282\u6d4b\u8bc4","examen_total_num":"5","examen_type":"chapter","is_finish":"1","task_id":"8a22ecb555a050580155a51484e70259","correct_num":"3","knowledge_point_id":"8a22ecb5523f67260152527ccc372896","create_date_tmp":1498530622,"modify_date_tmp":1500028549},{"nid":"1882","create_date":"2017-06-27 10:28:29","modify_date":"2017-06-27 10:28:33","subject_id":"ff808081473905e701476204cb6c006f","category_id":null,"course_id":"ff8080814dad5062014db32051b801a2","chapter_id":"ff8080814dad5062014db32051d501a7","member_id":"8a22cc685215de9f01521b37b748020f","examenNum":"1","cache_knowledge_level1_id":"ff8080814dad5062014db32051b801a2","cache_knowledge_level2_id":"8a22ecb555a050580155a51484e70259","cache_knowledge_path":"ff8080814dad5062014db32051b801a2,8a22ecb555a050580155a51484e70259","progress":"1","last_exercise_nid":"0","error_num":"1","total_time":"4","examen_name":"ACCA F1 Accountant in Business-CH1\u7ae0\u8282\u6d4b\u8bc4","examen_total_num":"5","examen_type":"chapter","is_finish":"1","task_id":"8a22ecb555a050580155a51484e70259","correct_num":"0","knowledge_point_id":"8a22ecb5523f67260152527ccc372896","create_date_tmp":1498530509,"modify_date_tmp":1498530513},{"nid":"1881","create_date":"2017-06-27 10:22:07","modify_date":"2017-09-22 17:34:08","subject_id":"ff808081473905e701476204cb6c006f","category_id":null,"course_id":"ff8080814dad5062014db32051b801a2","chapter_id":"ff8080814dad5062014db32051d501a7","member_id":"8a22cc685215de9f01521b37b748020f","examenNum":"0","cache_knowledge_level1_id":"ff8080814dad5062014db32051b801a2","cache_knowledge_level2_id":"8a22ecb555a050580155a51484e70259","cache_knowledge_path":"ff8080814dad5062014db32051b801a2,8a22ecb555a050580155a51484e70259","progress":"1","last_exercise_nid":"0","error_num":"0","total_time":"3","examen_name":"ACCA F1 Accountant in Business-CH1\u7ae0\u8282\u6d4b\u8bc4","examen_total_num":"5","examen_type":"chapter","is_finish":"1","task_id":"8a22ecb555a050580155a51484e70259","correct_num":"1","knowledge_point_id":"8a22ecb5523f67260152527ccc372896","create_date_tmp":1498530127,"modify_date_tmp":1506072848},{"nid":"999","create_date":"2017-04-24 16:07:19","modify_date":"2017-08-08 14:51:05","subject_id":"ff808081486933e601489c799f0f0868","category_id":"ff808081486933e601489c4662f60851","course_id":"8a22ecb5545a87e801545af5048c0006","chapter_id":"8a22ecb55b1ec7e9015b228f54e00031","member_id":"8a22cc685215de9f01521b37b748020f","examenNum":"0","cache_knowledge_level1_id":"ff8080814d6642aa014d69f78f410244","cache_knowledge_level2_id":"ff8080814d6642aa014d69f812880246","cache_knowledge_path":"ff8080814d6642aa014d69f78f410244,ff8080814d6642aa014d69f812880246","progress":"6","last_exercise_nid":"27","error_num":"5","total_time":"1162","examen_name":"\u77e5\u8bc6\u70b9\u7ec3\u4e60","examen_total_num":"29","examen_type":"knowledge","is_finish":"0","task_id":"91e6a108c22e0e440e9f3ad3b106042a","correct_num":"1","knowledge_point_id":"8a22ecb55aa7aa10015ac65817840a36","create_date_tmp":1493021239,"modify_date_tmp":1502175065}]}