{
  "id" : "a951b024c8237fbdcde56c30dc275e5e",
  "appEdition" : "1200",
  "appMarket" : "test",
  "appTitle" : "财萃课堂",
  "appType" : "安卓",
  "appUrl" : "/upload/admin/201801/ecf75ef40be4e72c5cd04855da307fa4.apk",
  "createDate" : 1512974942000,
  "modifyDate" : 1516243091000,
  "productId" : "735ea025986631992401e1ffb2f40c77",
  "remark" : "                                                                            中博课堂1.2版本更新\r\n更新内容：\r\n1.优化系统；\r\n2.取消课程版本切换限制；                                                                                                                                                                                                                                                                                                                                                                   "
}