{"data":[{"taskName":"第一章开放式前导-视频-2016 CMA P1 基础课","chapterId":"8a22ecb55b1ec7e9015b275b7be90285","taskId":"8a22ecb55b1ec7e9015b27b90c8902e3","chapterName":"前导","courseProgress":"0","progress":"4","courseId":"8a22ecb55aeff242015b1eb557a70593","createDate":"1508923100777.000000"},{"taskName":"LESSON 19\t引用与参考","chapterId":"8a22ecb551d2eee90151d3a0dba20166","chapterName":"第八部分 A guide to citing and referencing （关于标记引用及参考的指导）","taskId":"8a22ecb551ed44ca0151f101238905ff","courseProgress":"15","courseId":"8a22ecb551ce0ae20151ce8875080120","progress":"0","createDate":"1508917071350.000000"},{"taskId":"ff8080814f607c24014f6877c9131712","chapterName":"Chapter 1 Organisation and Types of Organisation [0] ","courseProgress":"2","courseId":"ff8080814f607c24014f6866fdb716fd","progress":"3030","chapterId":"ff8080814f607c24014f687282201705","taskName":"Chapter 1 Organisation and Types of Organisation","createDate":"1456728999.000000"},{"chapterId":"ff8080814dc1dc4e014dfb8e67cf247d","taskName":"1.本章知识点掌握基本要求","taskId":"ff8080814dc1dc4e014dfb8e67da247f","chapterName":"第一节 会计软件的硬件环境","courseProgress":"17","courseId":"ff8080814dc1dc4e014dfb8e67792465","progress":"2","createDate":"1508310103175.000000"},{"createDate":"1484807277144.000000","taskId":"ff8080814dc1dc4e014dd5df14bc0dbc","chapterId":"ff8080814dc1dc4e014dd5df14b60dbb","chapterName":"Topic 2: Financial Ratios","taskName":"Topic 2: Working Capital Analysis","progress":"1640","courseProgress":"11","courseId":"ff8080814dc1dc4e014dd5df148e0db3"},{"createDate":"1508470320266.000000","courseId":"8a22ecb559b515620159b98fb3ed003a","taskId":"8a22ecb559b515620159b98fb3ed003a","chapterId":"8a22ecb559b515620159b98fb3ed003a","chapterName":"CFA Level Ⅱ 英文","taskName":"CFA Level Ⅱ 英文","progress":"1","courseProgress":"0"},{"taskName":"duties to clients-1","chapterId":"8a22ecb55b7fb00e015b801ded3d0005","chapterName":"Ethics and professional standards (道德和职业标准)","taskId":"8a22ecb55b7fb00e015b84b988d400f4","courseProgress":"0","courseId":"8a22ecb55b7fb00e015b8015620b0004","progress":"216","createDate":"1508295846640.000000"},{"createDate":"1508488860537.000000","taskId":"ff8080814eaf7474014ebefb601425b4","chapterId":"ff8080814eaf7474014eb50fd3370d25","chapterName":"Corporation（第1页）","taskName":"corporation","progress":"0","courseProgress":"8","courseId":"ff8080814eaf7474014eb450fc180846"},{"taskName":"chapet1-BPP习题讲解","chapterId":"8a22ecb55c76432f015c814b9695001e","chapterName":"Part A Accounting Principles, Concepts and Regulations","taskId":"8a22ecb55c144e1d015c197ee36e0021","courseProgress":"0","courseId":"8a22ecb55bb3b96a015bc705743c0487","progress":"4","createDate":"1508296801127.000000"},{"taskId":"8a22ecb55adc18b2015aeac6be37015f","chapterName":"Reading 1：Ethics and Trust in the Investment Profession","courseProgress":"0","progress":"50","courseId":"8a22ecb55aa7aa10015ac678caff0a7a","chapterId":"8a22ecb55aa7aa10015ac67e0ead0a8e","taskName":"Reading 1：Ethics and Trust in the Investment Profession","createDate":"1504084981337.000000"},{"chapterId":"ff8080814f1c162a014f1f87afa8135f","taskId":"ff8080814f1c162a014f213e8dec2971","createDate":"1505474990288.000000","progress":"9","taskName":"Chapter 1 Organisation and Types of Organisation","chapterName":"Chapter 1 Organisation and Types of Organisation","courseId":"ff8080814f1c162a014f1f7c34a91317","courseProgress":"25"},{"createDate":"1499741051239.000000","courseId":"8a22ecb559b515620159b98ee10d0039","taskId":"8a22ecb559b515620159b98ee10d0039","chapterId":"8a22ecb559b515620159b98ee10d0039","chapterName":"CFA Level I 英文","taskName":"CFA Level I 英文","progress":"1","courseProgress":"0"},{"taskName":"知识点2 中期资本来源（下）-测评练习 ","chapterId":"0c251d79f5197337bf811a9c03cadce8","chapterName":"知识点2 中期资本来源（下） ","taskId":"8a22ecb5566c7aea0156733d839200ab","courseProgress":"2","courseId":"8a22ecb5559bad0501559fe3297e0039","progress":"64","createDate":"1507790253206.000000"},{"taskName":"Chapter 3 Target Costing Practice Question 2","chapterId":"ff8080814db86d41014dc1a2b37005b5","chapterName":"Chapter 3 Target Costing","taskId":"ff8080814db86d41014dc1a2b38705ba","courseProgress":"34","progress":"1392","courseId":"ff8080814db86d41014dc1a2b31805a1","createDate":"1507789750567.000000"},{"createDate":"1508381309258.000000","courseId":"8a22ecb558b34daf0158e2547a880074","taskId":"8a22ecb558b34daf0158f6bde11000be","chapterId":"8a22ecb558b34daf0158e25622b8007c","chapterName":"教务工作制度及流程","taskName":"教务工作制度及流程1","progress":"0","courseProgress":"1"},{"createDate":"1508297492000.000000","courseId":"8a22ecb559b51562015a44c703760394","taskId":"8a22ecb55b666964015b66be44b20002","chapterId":"d19831cbab6fa22a44cb05c5a9641424","chapterName":"预备直播课","taskName":"如何提高求职竞争力","progress":"0","courseProgress":"17"},{"taskName":"introduction 1","chapterId":"ff8080814e062b43014e2e3752531169","taskId":"ff8080814e062b43014e243afb170bfa","chapterName":"Introduction","courseProgress":"30","progress":"0","courseId":"ff8080814dc1dc4e014de139cb031357","createDate":"1509359965493.000000"},{"createDate":"1508306178618.000000","courseId":"1e789b2a2903ba9e7c088acbd06198f4","taskId":"61aea94db0634adf883b419013ed2168","chapterId":"d1e987f8c511bdeeb101caaa6f8131ad","chapterName":"9月ACCA考前冲刺串讲直播-P7第一节","taskName":"ACCA-P7-直播课-第一讲-4","progress":"0","courseProgress":"2"},{"taskName":"Chapter 3 Target Costing Practice Question 2","chapterId":"ff8080814db86d41014dc1a2b37005b5","chapterName":"Chapter 3 Target Costing","taskId":"ff8080814db86d41014dc1a2b38705ba","courseProgress":"34","progress":"1392","courseId":"ff8080814db86d41014dc1a2b31805a1","createDate":"1507789750567.000000"},{"createDate":"1508816755688.000000","courseId":"380768612307891ecb5a1adbc7c9f19c","taskId":"b15dec98b1b370dce9b139d63bb47538","chapterId":"a1afb6b27e9d70b8fdd9588eeee72a98","chapterName":"9月ACCA考前冲刺串讲直播-F5第一节","taskName":"ACCA-F5-直播课-第一讲01","progress":"0","courseProgress":"9"}],"state":"success","msg":""}