{
  "data" : {
    "total" : 5,
    "courselist" : [ {
      "categoryIndex" : "20",
      "taskTotal" : "20",
      "isU" : 1,
      "courseGroupId" : "8a22ecb551c404960151c7a0e3b80623",
      "courseId" : "8a2a5fa451c0c3ad0151c2950ccf0080",
      "outline" : "",
      "teacherName" : "CFA明星讲师团",
      "lock_date" : null,
      "orderID_item_id" : "C39A510FA4D547AA8ABB10C4000096A6",
      "categoryName" : "CFA",
      "subjectName" : "CFA Level I",
      "courseIndex" : "1",
      "subjectID" : "8a22ecb5527d453f01527d4b0e500001",
      "lock_status" : 0,
      "shopCategoryExtendId" : null,
      "teacherHonor" : "",
      "courseSource" : "zhongbo",
      "availability" : "",
      "categoryId" : "ff80808149cc09f70149f3e7b9534654",
      "courseBkImage" : "/upload/201712/27070a062d60498ca280b8fc64fa77ea.jpg",
      "shopCategoryExtendName" : null,
      "expirationTime" : 1539422012,
      "teacherImage" : "/upload/201412/e5b55ad1a15448d5bf5f5d1d3ae8f59a.png",
      "versionId" : "8a2a5fa451c0c3ad0151c2950ccf0080",
      "subjectIndex" : "50",
      "courseName" : "CFA L1 基础课（体验课）"
    }, {
      "categoryIndex" : "5",
      "taskTotal" : "54",
      "isU" : 2,
      "courseGroupId" : "ff80808147816dbc0147819b7ed50013",
      "courseId" : "8a22ecb55e755132015e98c8f8c30178",
      "outline" : "",
      "teacherName" : "Ara Shen",
      "lock_date" : null,
      "orderID_item_id" : "b31a7dd1e96227ffbac55efaac7b790c",
      "categoryName" : "ACCA",
      "subjectName" : "F1",
      "courseIndex" : "1",
      "subjectID" : "ff808081473905e701476204cb6c006f",
      "lock_status" : 0,
      "shopCategoryExtendId" : "00f4ddd10fa0fc8b2ae6d90916b284fd",
      "teacherHonor" : "沈璐萍",
      "courseSource" : "zhongbo",
      "availability" : "",
      "categoryId" : "ff808081473905e701475cd3c2080001",
      "courseBkImage" : "/upload/admin/201712/e1e7da573997dc70e99ca152c1c6f080.jpg",
      "shopCategoryExtendName" : "ACCA签约通关网络课程",
      "expirationTime" : 1529402412,
      "teacherImage" : "/upload/201711/a919b05482d04f5ea5353596d4c0d055.png",
      "versionId" : "ff808081486933e6014888fb011e057b",
      "subjectIndex" : "2",
      "courseName" : "2017 复习串讲-ACCA F1 Accountant in Business"
    }, {
      "categoryIndex" : "5",
      "taskTotal" : "145",
      "isU" : 2,
      "courseGroupId" : "ff80808147816dbc0147819b7ed50013",
      "courseId" : "8a22ecb55e755132015e8361703400c6",
      "outline" : "",
      "teacherName" : "Ara Shen",
      "lock_date" : null,
      "orderID_item_id" : "b31a7dd1e96227ffbac55efaac7b790c",
      "categoryName" : "ACCA",
      "subjectName" : "F1",
      "courseIndex" : "1",
      "subjectID" : "ff808081473905e701476204cb6c006f",
      "lock_status" : 0,
      "shopCategoryExtendId" : "00f4ddd10fa0fc8b2ae6d90916b284fd",
      "teacherHonor" : "沈璐萍",
      "courseSource" : "zhongbo",
      "availability" : "",
      "categoryId" : "ff808081473905e701475cd3c2080001",
      "courseBkImage" : "/upload/admin/201712/4dac5751a7de28bd666cd70b83cef887.jpg",
      "shopCategoryExtendName" : "ACCA签约通关网络课程",
      "expirationTime" : 1529402412,
      "teacherImage" : "/upload/201711/a919b05482d04f5ea5353596d4c0d055.png",
      "versionId" : "ff808081473905e701476205d8740070",
      "subjectIndex" : "2",
      "courseName" : "2017 ACCA F1 Accountant in Business"
    }, {
      "categoryIndex" : "5",
      "taskTotal" : "145",
      "isU" : 2,
      "courseGroupId" : "ff80808147816dbc0147819b7ed50013",
      "courseId" : "8a22ecb55e755132015e8361703400c6",
      "outline" : "",
      "teacherName" : "Ara Shen",
      "lock_date" : null,
      "orderID_item_id" : "b31a7dd1e96227ffbac55efaac7b790c",
      "categoryName" : "ACCA",
      "subjectName" : "F1",
      "courseIndex" : "1",
      "subjectID" : "ff808081473905e701476204cb6c006f",
      "lock_status" : 0,
      "shopCategoryExtendId" : "00f4ddd10fa0fc8b2ae6d90916b284fd",
      "teacherHonor" : "沈璐萍",
      "courseSource" : "zhongbo",
      "availability" : "",
      "categoryId" : "ff808081473905e701475cd3c2080001",
      "courseBkImage" : "/upload/admin/201712/4dac5751a7de28bd666cd70b83cef887.jpg",
      "shopCategoryExtendName" : "ACCA签约通关网络课程",
      "expirationTime" : 1529402412,
      "teacherImage" : "/upload/201711/a919b05482d04f5ea5353596d4c0d055.png",
      "versionId" : "ff808081473905e701476205d8740070",
      "subjectIndex" : "2",
      "courseName" : "2017 ACCA F1 Accountant in Business"
    }, {
      "categoryIndex" : "5",
      "taskTotal" : "54",
      "isU" : 2,
      "courseGroupId" : "ff80808147816dbc0147819b7ed50013",
      "courseId" : "8a22ecb55e755132015e98c8f8c30178",
      "outline" : "",
      "teacherName" : "Ara Shen",
      "lock_date" : null,
      "orderID_item_id" : "b31a7dd1e96227ffbac55efaac7b790c",
      "categoryName" : "ACCA",
      "subjectName" : "F1",
      "courseIndex" : "1",
      "subjectID" : "ff808081473905e701476204cb6c006f",
      "lock_status" : 0,
      "shopCategoryExtendId" : "00f4ddd10fa0fc8b2ae6d90916b284fd",
      "teacherHonor" : "沈璐萍",
      "courseSource" : "zhongbo",
      "availability" : "",
      "categoryId" : "ff808081473905e701475cd3c2080001",
      "courseBkImage" : "/upload/admin/201712/e1e7da573997dc70e99ca152c1c6f080.jpg",
      "shopCategoryExtendName" : "ACCA签约通关网络课程",
      "expirationTime" : 1529402412,
      "teacherImage" : "/upload/201711/a919b05482d04f5ea5353596d4c0d055.png",
      "versionId" : "ff808081486933e6014888fb011e057b",
      "subjectIndex" : "2",
      "courseName" : "2017 复习串讲-ACCA F1 Accountant in Business"
    } ],
    "pageNo" : 1,
    "pageSize" : 999
  },
  "state" : "success",
  "msg" : ""
}