{
  "data" : [ {
    "id" : "f5f6aac5e48911e7b5e200163e12bba6",
    "createDate" : 1513666684000,
    "modifyDate" : 1518163991000,
    "courseCategoryId" : "ff808081473905e701476204cb6c006f",
    "courseId" : "8a22ecb55e755132015e8361703400c6",
    "memberStudyPlanId" : "f5f50f91e48911e7b5e200163e12bba6",
    "studyPlanId" : "737a55266003463e75ca76108c1a7dec",
    "planTitle" : "一级",
    "startCategoryId" : "8a22cc685c3379ab015c3d5fcb1d003d",
    "endCategoryId" : "8a22cc685c3379ab015c3d5fcb1d003d",
    "startDate" : 1513008000000,
    "endDate" : 1513526400000,
    "taskTime" : 37130,
    "taskSum" : 40,
    "learnTime" : 0,
    "learnSum" : 2,
    "ingSum" : 3,
    "isFinish" : 0,
    "finishTime" : 1514883645000
  }, {
    "id" : "f5f7a44de48911e7a34800163e0f5ece",
    "createDate" : 1513666684000,
    "modifyDate" : 1520997927000,
    "courseCategoryId" : "ff808081473905e701476204cb6c006f",
    "courseId" : "8a22ecb55e755132015e8361703400c6",
    "memberStudyPlanId" : "f5f50f91e48911e7b5e200163e12bba6",
    "studyPlanId" : "737a55266003463e75ca76108c1a7dec",
    "planTitle" : "二级",
    "startCategoryId" : "8a22ecb5554cfedf0155528579970079",
    "endCategoryId" : "8a22ecb55c9b6c1b015caff7996101bc",
    "startDate" : 1513612800000,
    "endDate" : 1514131200000,
    "taskTime" : 50480,
    "taskSum" : 57,
    "learnTime" : 0,
    "learnSum" : 0,
    "ingSum" : 0,
    "isFinish" : 0,
    "finishTime" : 1514883645000
  }, {
    "id" : "f5f83b4ce48911e7b5e200163e12bba6",
    "createDate" : 1513666684000,
    "modifyDate" : 1520997927000,
    "courseCategoryId" : "ff808081473905e701476204cb6c006f",
    "courseId" : "8a22ecb55e755132015e8361703400c6",
    "memberStudyPlanId" : "f5f50f91e48911e7b5e200163e12bba6",
    "studyPlanId" : "737a55266003463e75ca76108c1a7dec",
    "planTitle" : "三级",
    "startCategoryId" : "8a22ecb5554cfedf01555285a891007a",
    "endCategoryId" : "8a22ecb55c9b6c1b015caff85bfe01cc",
    "startDate" : 1521993600000,
    "endDate" : 1522771200000,
    "taskTime" : 30293,
    "taskSum" : 38,
    "learnTime" : 0,
    "learnSum" : 0,
    "ingSum" : 0,
    "isFinish" : 0,
    "finishTime" : 1514883645000
  }, {
    "id" : "f5f8e6d8e48911e7b5e200163e12bba6",
    "createDate" : 1513666684000,
    "modifyDate" : 1520997927000,
    "courseCategoryId" : "ff808081473905e701476204cb6c006f",
    "courseId" : "8a22ecb55e755132015e8361703400c6",
    "memberStudyPlanId" : "f5f50f91e48911e7b5e200163e12bba6",
    "studyPlanId" : "737a55266003463e75ca76108c1a7dec",
    "planTitle" : "四级",
    "startCategoryId" : "8a22ecb5554cfedf01555285cd45007b",
    "endCategoryId" : "8a22ecb55c9b6c1b015caffeb74201d7",
    "startDate" : 1522857600000,
    "endDate" : 1525449600000,
    "taskTime" : 8306,
    "taskSum" : 10,
    "learnTime" : 0,
    "learnSum" : 0,
    "ingSum" : 0,
    "isFinish" : 0,
    "finishTime" : 1514883645000
  }],
  "state" : "success",
  "msg" : ""
}