{
  "data" : {
    "total" : 6,
    "courselist" : [ {
      "categoryIndex" : "25",
      "taskTotal" : "79",
      "isU" : 0,
      "courseGroupId" : "8a22ecb55507806b01551400394700fb",
      "courseId" : "ff8080814dc1dc4e014dfb4664582038",
      "outline" : "",
      "teacherName" : "Maggie Zhang",
      "lock_date" : null,
      "orderID_item_id" : "8a22ecb554559b010154bcd7d9601430",
      "categoryName" : "CIMA",
      "subjectName" : "F1",
      "actimode" : 1,
      "courseIndex" : "8",
      "subjectID" : "ff8080814c7e36d9014c9c328fe701a9",
      "lock_status" : 0,
      "teacherHonor" : "张萍",
      "courseSource" : "zhongbo",
      "availability" : "",
      "expirationDate" : 180,
      "categoryId" : "ff8080814c7e36d9014c9c3219fa01a8",
      "courseBkImage" : "/upload/201506/d4c5d86bbd224595882aa417b4199056.jpg",
      "teacherImage" : "/upload/201606/e2ddf6c31e3a45709db452bf5043ee92.png",
      "versionId" : "ff8080814c7e36d9014c9d908d8101fc",
      "subjectIndex" : "70",
      "courseName" : "CIMA Financial Reporting and Taxation（F1）"
    }, {
      "categoryIndex" : "25",
      "taskTotal" : "100",
      "isU" : 2,
      "courseGroupId" : "ff808081503d11b80150454a4eb908ea",
      "courseId" : "ff8080814dc1dc4e014dfb46c66d209c",
      "outline" : "",
      "teacherName" : "Tina Tian",
      "lock_date" : null,
      "orderID_item_id" : "8a22ecb554559b010154e16fe2701adf",
      "categoryName" : "CIMA",
      "subjectName" : "F2",
      "actimode" : 1,
      "courseIndex" : "11",
      "subjectID" : "ff8080814d1db79b014d2d99d2c8029a",
      "lock_status" : 0,
      "teacherHonor" : "田婧",
      "courseSource" : "zhongbo",
      "availability" : "",
      "expirationDate" : 180,
      "categoryId" : "ff8080814c7e36d9014c9c3219fa01a8",
      "courseBkImage" : "/upload/201505/53f23fde16374c3596f7862315500738.jpg",
      "teacherImage" : "/upload/201606/06cff6b27c8d40e6bbf129d1bbcfebb9.png",
      "versionId" : "ff8080814d1db79b014d2d91390a0291",
      "subjectIndex" : "110",
      "courseName" : "CIMA Advanced Financial Reporting (F2)"
    }, {
      "categoryIndex" : null,
      "taskTotal" : "35",
      "isU" : 1,
      "courseGroupId" : "ff8080814fa798f6014fac2241a0003c",
      "courseId" : "8a22ecb557d16e020157d1d7526f1dff",
      "outline" : "",
      "teacherName" : "CMA 明星讲师团",
      "lock_date" : null,
      "orderID_item_id" : "8a22ecb554e6d5310154f09c351e00ec",
      "categoryName" : null,
      "subjectName" : "CMA中文",
      "actimode" : 1,
      "courseIndex" : "1",
      "subjectID" : "ff808081486933e601489c4662f60851",
      "lock_status" : 0,
      "teacherHonor" : "吴奇奇 张秀军",
      "courseSource" : "zhongbo",
      "availability" : "",
      "expirationDate" : 280,
      "categoryId" : null,
      "courseBkImage" : "/upload/201610/a53af9b49e8144c1a4400128b09b65de.jpg",
      "teacherImage" : "/upload/201412/e5b55ad1a15448d5bf5f5d1d3ae8f59a.png",
      "versionId" : "8a22ecb557d16e020157d1d7526f1dff",
      "subjectIndex" : "10",
      "courseName" : "CMA 中文 （体验课）"
    }, {
      "categoryIndex" : "10",
      "taskTotal" : "13",
      "isU" : 1,
      "courseGroupId" : "8a22ecb5560c52c9015634eb6f7c00b2",
      "courseId" : "8a22ecb5554cfedf015551f32c4a0047",
      "outline" : "",
      "teacherName" : "Susie Zhang",
      "lock_date" : null,
      "orderID_item_id" : "8a22ecb554559b010154e0d6e2681ad6",
      "categoryName" : "CMA中文",
      "subjectName" : "CMA 中文 Part-2",
      "actimode" : 1,
      "courseIndex" : "160",
      "subjectID" : "ff808081486933e601489c7a1aa20869",
      "lock_status" : 0,
      "teacherHonor" : "八年教龄，ACCA金牌讲师",
      "courseSource" : "zhongbo",
      "availability" : "",
      "expirationDate" : 280,
      "categoryId" : "ff808081486933e601489c4662f60851",
      "courseBkImage" : "/upload/201606/fa5fa4d7598145968ddcdd75b62081e7.jpg",
      "teacherImage" : "/upload/201606/b369525b70a04212923e0a2e761ca664.png",
      "versionId" : "ff808081499d17aa01499dda5dba057b",
      "subjectIndex" : "50",
      "courseName" : "CMA Part II 中文 前导"
    }, {
      "categoryIndex" : "10",
      "taskTotal" : "18",
      "isU" : 1,
      "courseGroupId" : "8a22ecb5560c52c9015634eb6f7c00b2",
      "courseId" : "8a22ecb5577562b70157b6fc00e8011c",
      "outline" : "",
      "teacherName" : "Susie Zhang",
      "lock_date" : null,
      "orderID_item_id" : "8a22ecb554559b010154e0d6e2681ad6",
      "categoryName" : "CMA中文",
      "subjectName" : "CMA 中文 Part-2",
      "actimode" : 1,
      "courseIndex" : "1",
      "subjectID" : "ff808081486933e601489c7a1aa20869",
      "lock_status" : 0,
      "teacherHonor" : "八年教龄，ACCA金牌讲师",
      "courseSource" : "zhongbo",
      "availability" : "",
      "expirationDate" : 280,
      "categoryId" : "ff808081486933e601489c4662f60851",
      "courseBkImage" : "/upload/201610/e69b084fd5b842ad904eae30930b1362.jpg",
      "teacherImage" : "/upload/201606/b369525b70a04212923e0a2e761ca664.png",
      "versionId" : "ff8080814f607c24014f695b07881b7c",
      "subjectIndex" : "50",
      "courseName" : "CMA Part II 中文 （体验课）"
    }, {
      "categoryIndex" : "50",
      "taskTotal" : "12",
      "isU" : 1,
      "courseGroupId" : "8a22ecb5560c52c90156357e035100fb",
      "courseId" : "8a22ecb5542ca85501543189d7c40098",
      "outline" : "",
      "teacherName" : "Sunny Sun",
      "lock_date" : null,
      "orderID_item_id" : "5BADDF86E98A44BAAB0835F4B5080901",
      "categoryName" : "公开课",
      "subjectName" : "ACCA",
      "actimode" : 1,
      "courseIndex" : "1",
      "subjectID" : "ff808081481f989801481fa22db00003",
      "lock_status" : 0,
      "teacherHonor" : "八年教龄，金牌讲师，ACCA资深会员",
      "courseSource" : "zhongbo",
      "availability" : "<span style=\"color:#333333;font-family:'Microsoft Yahei', Arial, Helvetica, sans-serif, u5b8bu4f53;font-size:13px;font-weight:bold;line-height:20px;background-color:#F9F9F9;\">课程动态</span>",
      "expirationDate" : 3600,
      "categoryId" : "ff80808147f7b3220147f8b452bc0188",
      "courseBkImage" : "",
      "teacherImage" : "/upload/201710/34a70d1ddf56458b98480bf2c4c8a80a.jpg",
      "versionId" : "8a22ecb5542ca85501543189d7c40098",
      "subjectIndex" : "50",
      "courseName" : "内部测试课程"
    } ],
    "pageNo" : 0,
    "pageSize" : 999
  },
  "state" : "success",
  "msg" : ""
}