{
	"state" : "success",
	"msg" : "",
	"teachingPlan" : [{
		"weekName" : "第一周",
		"name" : "章",
		"type" : "chapter",
		"children" : [{
			"name" : "节1",
			"type" : "section",
			"time" : "1.5h",
			"progress" : "66"
		},{
			"name" : "节2",
			"type" : "section",
			"time" : "1.5h",
			"progress" : "88"
		},{
			"name" : "测评",
			"type" : "task",
			"status" : "0",
			"taskType" : "examReport"
		},{
			"name" : "名师错题答疑",
			"type" : "task",
			"taskType" : "live",
			"status" : "0",
			"timeText" : "2018年02月12日 20:00开始"
		}]
	},{
		"weekName" : "第二周",
		"name" : "章2",
		"type" : "chapter",
		"children" : [{
			"name" : "节1",
			"type" : "section",
			"time" : "1.5h",
			"progress" : "100"
		},{
			"name" : "节2",
			"type" : "section",
			"time" : "1.5h",
			"progress" : "66"
		},{
			"name" : "测评",
			"type" : "task",
			"status" : "0",
			"taskType" : "examReport"
		},{
			"name" : "名师错题答疑",
			"type" : "task",
			"taskType" : "live",
			"status" : "0",
			"timeText" : "2018年02月12日 20:00开始"
		}]
	}]
}