{"data":[{"action":"closetask","categoryId":"ff808081486933e601489c4662f60851","categoryName":"CMA中文","chapterId":"18efb8b4e0dd8c01b7e129b7fc51a4cb","chapterName":"知识点21 股东权益 （下）","classId":"1d27b89474b6aa606bcdb5256ce9f7bb","courseId":"675fe73199aa8417ef2a1424ac7d3063","courseName":"CMA P1 ","createDate":1524713624677,"isSupply":0,"memberId":"88b884c743b111e8a34800163e0f5ece","memberName":"test004","progress":1,"state":0,"studyTime":101,"subjectId":"ff808081486933e601489c799f0f0868","subjectName":"CMA 中文 Part-1","taskId":"8cf57c73367a90dbb8cf15c2e9bb44d5","taskName":"CMA P1 综合测试","taskStudyTotalTime":202,"token":"ad2ab063-f350-486b-bf1f-cdc750af16e2","total":102},{"action":"closetask","categoryId":"ff808081486933e601489c4662f60851","categoryName":"CMA中文","chapterId":"18efb8b4e0dd8c01b7e129b7fc51a4cb","chapterName":"知识点21 股东权益 （下）","classId":"1d27b89474b6aa606bcdb5256ce9f7bb","courseId":"675fe73199aa8417ef2a1424ac7d3063","courseName":"CMA P1 ","createDate":1524658342899,"isSupply":0,"memberId":"88b884c743b111e8a34800163e0f5ece","memberName":"test004","progress":100,"state":1,"studyTime":0,"subjectId":"ff808081486933e601489c799f0f0868","subjectName":"CMA 中文 Part-1","taskId":"f694f5ae67504fbf922806139af7d16a","taskName":"CMA春季班一步通关直播-演示","taskStudyTotalTime":0,"token":"8a7e8808-196b-4123-afc6-3c5dda3f75d3","total":100},{"action":"closetask","categoryId":"ff808081486933e601489c4662f60851","categoryName":"CMA中文","chapterId":"b399d90c7c253de45c39e238e6c19aee","chapterName":"知识点2 股东权益变动表&资产负债表","classId":"1d27b89474b6aa606bcdb5256ce9f7bb","courseId":"675fe73199aa8417ef2a1424ac7d3063","courseName":"CMA P1 ","createDate":1524814645620,"isSupply":0,"memberId":"88b884c743b111e8a34800163e0f5ece","memberName":"test004","progress":1,"state":0,"studyTime":0,"subjectId":"ff808081486933e601489c799f0f0868","subjectName":"CMA 中文 Part-1","taskId":"c035fa1200d859d92cb8e45ffb897e68","taskName":"知识点2 股东权益变动表&资产负债表-测评练习","taskStudyTotalTime":0,"token":"dadf03cb-1093-44f1-addc-abe003e63a95","total":449}],"state":"success","msg":""}