{
  "data" : [ {
    "id" : "7A2605EA96AE494FAE46B23F7EA743D5",
    "createDate" : 1551434944000,
    "modifyDate" : 1551434944000,
    "cmaLoginName" : null,
    "cmaName" : null,
    "date" : 1543795200000,
    "fullname" : "balancexu",
    "hasGiven" : false,
    "isAcca" : true,
    "name" : null,
    "pass" : false,
    "regNo" : "",
    "scanningPath" : "/upload/teach/201903011809040634.jpeg",
    "score" : 18,
    "courseCategoryId" : "ff808081473905e701475d4ec4d60006",
    "memberId" : "ff808081509442fc0150a70c11184ead",
    "examState" : 1,
    "examReportState" : "init",
    "certificateId" : "ff808081473905e701475cd3c2080001",
    "mobile" : "11111111116",
    "nextExamDate" : 1575561600000,
    "orderItemId" : "ff808081509442fc0150a70f86eb4ec3",
    "auditState" : 2,
    "content" : "不符合",
    "overDay" : 0,
    "sendNum" : 1,
    "activeIds" : "478EF0725F7944D396A2419243D514BE,5FB68EC445B54DF3B6A6CF77261ED5FB,DA9E8C6C5BD24165816B4D92B466D8CA",
    "auditTime" : 1551435538000,
    "acca" : true
  } ],
  "state" : "success",
  "msg" : null,
  "code" : null
}