{"data":{"total":23,"courselist":[{"categoryIndex":"5","taskTotal":"36","isU":2,"courseGroupId":"ff80808147816dbc01478199b4c70012","courseId":"8a22ecb55e755132015ec0efad31024d","outline":"","teacherName":"Amy Liu","lock_date":null,"orderID_item_id":"ff808081509442fc0150a70f86eb4ec3","categoryName":"ACCA","actimode":1,"subjectName":"FA","courseIndex":"1","subjectID":"ff808081473905e701476252b4390073","lock_status":0,"shopCategoryExtendId":"00f4ddd10fa0fc8b2ae6d90916b284fd","teacherHonor":"十年教龄，ACCA金牌讲师","courseSource":"zhongbo","availability":"","expirationDate":180,"categoryId":"ff808081473905e701475cd3c2080001","courseBkImage":"/upload/admin/201901/0a381e8dabb5c3936124fb0334520b75.jpg","shopCategoryExtendName":"ACCA签约通关网络课程","expirationTime":1553009903,"teacherImage":"/upload/201711/f094970bd9da4b4e88126dd75bfa41f3.jpg","versionId":"ff808081486933e60148897bb8480584","subjectIndex":"4","courseName":"复习串讲-ACCA FA Financial Accounting"},{"categoryIndex":"5","taskTotal":"8","isU":2,"courseGroupId":"ff80808147816dbc01478199b4c70012","courseId":"8a22ecb55e755132015f7bf9bbe20a29","outline":"","teacherName":"Sharon Zhao","lock_date":null,"orderID_item_id":"ff808081509442fc0150a70f86eb4ec3","categoryName":"ACCA","actimode":1,"subjectName":"AA","courseIndex":"1","subjectID":"ff808081473905e701475d4ec4d60006","lock_status":0,"shopCategoryExtendId":"00f4ddd10fa0fc8b2ae6d90916b284fd","teacherHonor":"","courseSource":"zhongbo","availability":"","expirationDate":180,"categoryId":"ff808081473905e701475cd3c2080001","courseBkImage":"/upload/admin/201806/376b1dd56460976ee21a416139846d20.jpg","shopCategoryExtendName":"ACCA签约通关网络课程","expirationTime":1549869397,"teacherImage":"/upload/201711/48680b6c97d04a079e15272be9f8e8e5.png","versionId":"8a22ecb55e755132015f7bf9bbe20a29","subjectIndex":"9","courseName":"ACCA AA Audit and Assurance-CBE 样卷"},{"categoryIndex":"5","taskTotal":"76","isU":2,"courseGroupId":"ff80808147816dbc01478199b4c70012","courseId":"8a22cc685c3379ab015c3d51d8f50035","outline":"","teacherName":"财务英语明星讲师团","lock_date":null,"orderID_item_id":"ff808081509442fc0150a70f86eb4ec3","categoryName":"ACCA","actimode":1,"subjectName":"ACCA 财务英语","courseIndex":"1","subjectID":"ff8080814f3eb9ed014f48ee5deb1361","lock_status":0,"shopCategoryExtendId":"00f4ddd10fa0fc8b2ae6d90916b284fd","teacherHonor":"","courseSource":"zhongbo","availability":"<p>\r\n\tACCA财务英语课程已升级为“2017财务英语基础课&提升课”，在上一版网课的基础上对课程进行了优化，并完善了视频配套讲义。请根据自身英语程度及财经专业知识的基础选择“财务英语基础课”、“财务英语提升课”。如你仍旧计划继续学习上一版网课，也可通过点击页面右上角“课程版本”切换至上一版“ACCA财务英语基础课”继续学习。</p>","expirationDate":180,"categoryId":"ff808081473905e701475cd3c2080001","courseBkImage":"/upload/admin/201712/e406e9e198705f8b9a6f1b60a1beb435.jpg","shopCategoryExtendName":"ACCA签约通关网络课程","expirationTime":1559108465,"teacherImage":"/upload/201507/3bfaf8b86cb14985a194c01d9e9fbbb1.png","versionId":"ff8080814e9056e4014e95fb06b80d72","subjectIndex":"0","courseName":"2017 财务英语基础课 提升课"},{"categoryIndex":"5","taskTotal":"44","isU":2,"courseGroupId":"ff80808147816dbc01478199b4c70012","courseId":"eac395b7793144af468e709427a333c4","outline":"","teacherName":null,"lock_date":null,"orderID_item_id":"ff808081509442fc0150a70f86eb4ec3","categoryName":"ACCA","actimode":1,"subjectName":"AFM","courseIndex":"50","subjectID":"ff808081473905e7014762550755007c","lock_status":0,"shopCategoryExtendId":"00f4ddd10fa0fc8b2ae6d90916b284fd","teacherHonor":null,"courseSource":"zhongbo","availability":"","expirationDate":180,"categoryId":"ff808081473905e701475cd3c2080001","courseBkImage":"/upload/admin/201806/d2749b7342f3e80f71f445012af39e02.jpg","shopCategoryExtendName":"ACCA签约通关网络课程","expirationTime":1550801869,"teacherImage":null,"versionId":"ff808081486933e60148898e9dad0598","subjectIndex":"14","courseName":"复习串讲-ACCA AFM-苏老师 Advanced Financial Management"},{"categoryIndex":"5","taskTotal":"2","isU":1,"courseGroupId":"11e5b556f45318977882a604a01ddfa1","courseId":"63b28e0c1bbda01a80003a8d0c133673","outline":"","teacherName":null,"lock_date":null,"orderID_item_id":"8DF113EA35AC42D496BDF0F44E89BABC","categoryName":"ACCA","actimode":0,"subjectName":"AB","courseIndex":"500","subjectID":"ff808081473905e701476204cb6c006f","lock_status":0,"shopCategoryExtendId":"17a071366d53d396b48159e74c211352","teacherHonor":null,"courseSource":"zhongbo","availability":"","expirationDate":180,"categoryId":"ff808081473905e701475cd3c2080001","courseBkImage":"/upload/admin/201806/ade26e5528584a9615afaa76fafc0b35.jpg","shopCategoryExtendName":"ACCA网络标准课程","expirationTime":1551181571,"teacherImage":null,"versionId":"63b28e0c1bbda01a80003a8d0c133673","subjectIndex":"2","courseName":"ACCA AB 试听课"},{"categoryIndex":"5","taskTotal":"70","isU":2,"courseGroupId":"ff80808147816dbc01478199b4c70012","courseId":"8a22ecb55e755132015e8323942a00a8","outline":"","teacherName":"Anthony Tao","lock_date":null,"orderID_item_id":"ff808081509442fc0150a70f86eb4ec3","categoryName":"ACCA","actimode":1,"subjectName":"LW","courseIndex":"1","subjectID":"ff808081473905e70147625307e90074","lock_status":0,"shopCategoryExtendId":"00f4ddd10fa0fc8b2ae6d90916b284fd","teacherHonor":"六年教龄，ACCA金牌讲师","courseSource":"zhongbo","availability":"","expirationDate":180,"categoryId":"ff808081473905e701475cd3c2080001","courseBkImage":"/upload/admin/201901/243e3200d192b204534c61f379dfec48.jpg","shopCategoryExtendName":"ACCA签约通关网络课程","expirationTime":1555753918,"teacherImage":"/upload/201606/6e88fecb3e544a61a1e796f112dec1a1.png","versionId":"ff808081486933e60148897e6bf90586","subjectIndex":"5","courseName":"复习串讲-ACCA LW*(ENG) Corporate and Business Law"},{"categoryIndex":"5","taskTotal":"73","isU":2,"courseGroupId":"ff80808147816dbc01478199b4c70012","courseId":"b6ea524be06321cb50a2fc4a0b451ab2","outline":"","teacherName":"Rainz Zhang","lock_date":null,"orderID_item_id":"ff808081509442fc0150a70f86eb4ec3","categoryName":"ACCA","actimode":1,"subjectName":"APM","courseIndex":"50","subjectID":"ff808081473905e7014762552eb6007d","lock_status":0,"shopCategoryExtendId":"00f4ddd10fa0fc8b2ae6d90916b284fd","teacherHonor":"ACCA & CIMA 金牌讲师","courseSource":"zhongbo","availability":"","expirationDate":180,"categoryId":"ff808081473905e701475cd3c2080001","courseBkImage":"/upload/admin/201806/534133d536f7498eb9d3d67777016963.jpg","shopCategoryExtendName":"ACCA签约通关网络课程","expirationTime":1550925677,"teacherImage":"/upload/201606/81898b02f891427d96ada4cfbb261a6d.png","versionId":"ff808081473905e701476bddfff8009a","subjectIndex":"15","courseName":"ACCA APM Advanced Performance Management（2019年9月考季至2020年6月考季）"},{"categoryIndex":"5","taskTotal":"54","isU":2,"courseGroupId":"ff80808147816dbc01478199b4c70012","courseId":"8a22ecb55e755132015e98c8f8c30178","outline":"","teacherName":"Ara Shen","lock_date":null,"orderID_item_id":"ff808081509442fc0150a70f86eb4ec3","categoryName":"ACCA","actimode":1,"subjectName":"AB","courseIndex":"1","subjectID":"ff808081473905e701476204cb6c006f","lock_status":0,"shopCategoryExtendId":"00f4ddd10fa0fc8b2ae6d90916b284fd","teacherHonor":"沈璐萍","courseSource":"zhongbo","availability":"","expirationDate":180,"categoryId":"ff808081473905e701475cd3c2080001","courseBkImage":"/upload/admin/201806/2d331bd23be9222bbb693876a99db443.jpg","shopCategoryExtendName":"ACCA签约通关网络课程","expirationTime":1551166322,"teacherImage":"/upload/201711/a919b05482d04f5ea5353596d4c0d055.png","versionId":"ff808081486933e6014888fb011e057b","subjectIndex":"2","courseName":"复习串讲-ACCA AB Accountant in Business"},{"categoryIndex":"5","taskTotal":"109","isU":2,"courseGroupId":"ff80808147816dbc01478199b4c70012","courseId":"e5e6a00d180a0fc740b10855ccde8209","outline":"","teacherName":null,"lock_date":null,"orderID_item_id":"ff808081509442fc0150a70f86eb4ec3","categoryName":"ACCA","actimode":1,"subjectName":"AFM","courseIndex":"50","subjectID":"ff808081473905e7014762550755007c","lock_status":0,"shopCategoryExtendId":"00f4ddd10fa0fc8b2ae6d90916b284fd","teacherHonor":null,"courseSource":"zhongbo","availability":"","expirationDate":180,"categoryId":"ff808081473905e701475cd3c2080001","courseBkImage":"/upload/admin/201806/921c9bbd1e1e6a4e3d5b136ae8722c33.jpg","shopCategoryExtendName":"ACCA签约通关网络课程","expirationTime":1550801869,"teacherImage":null,"versionId":"ff808081473905e701476bdd2daa0098","subjectIndex":"14","courseName":"ACCA AFM-张老师 Advanced Financial Management（2019年9月考季-2020年6月考季）"},{"categoryIndex":"5","taskTotal":"145","isU":2,"courseGroupId":"ff80808147816dbc01478199b4c70012","courseId":"8a22ecb55e755132015e93eb92a20127","outline":"","teacherName":"Anthony Tao","lock_date":null,"orderID_item_id":"ff808081509442fc0150a70f86eb4ec3","categoryName":"ACCA","actimode":1,"subjectName":"LW","courseIndex":"1","subjectID":"ff808081473905e70147625307e90074","lock_status":0,"shopCategoryExtendId":"00f4ddd10fa0fc8b2ae6d90916b284fd","teacherHonor":"六年教龄，ACCA金牌讲师","courseSource":"zhongbo","availability":"","expirationDate":180,"categoryId":"ff808081473905e701475cd3c2080001","courseBkImage":"/upload/admin/201901/96e76e4d0ce2f2fb624e89af90990a3f.jpg","shopCategoryExtendName":"ACCA签约通关网络课程","expirationTime":1555753918,"teacherImage":"/upload/201606/6e88fecb3e544a61a1e796f112dec1a1.png","versionId":"ff808081473905e701476271a6fc0083","subjectIndex":"5","courseName":"ACCA LW*(ENG) Corporate and Business Law（2019年9月考季至2020年8月考季）"},{"categoryIndex":"5","taskTotal":"196","isU":2,"courseGroupId":"ff80808147816dbc01478199b4c70012","courseId":"8a22ecb55e755132015e98ecf4dc0188","outline":"","teacherName":"Elena Shi","lock_date":null,"orderID_item_id":"ff808081509442fc0150a70f86eb4ec3","categoryName":"ACCA","actimode":1,"subjectName":"MA","courseIndex":"1","subjectID":"ff808081473905e7014762524e800072","lock_status":0,"shopCategoryExtendId":"00f4ddd10fa0fc8b2ae6d90916b284fd","teacherHonor":"时晓燕","courseSource":"zhongbo","availability":"","expirationDate":180,"categoryId":"ff808081473905e701475cd3c2080001","courseBkImage":"/upload/admin/201806/0961cd195b191c46bb834fbd6eb61ac0.jpg","shopCategoryExtendName":"ACCA签约通关网络课程","expirationTime":1553438366,"teacherImage":"/upload/201606/7a5e783df2cf44b581cb7477cf357332.png","versionId":"ff808081473905e70147626ef839007f","subjectIndex":"3","courseName":"ACCA MA Management Accounting（2019年9月考季至2020年8月考季）"},{"categoryIndex":"5","taskTotal":"14","isU":2,"courseGroupId":"ff80808147816dbc01478199b4c70012","courseId":"8a22ecb55e755132015f7b7647a10a15","outline":"","teacherName":"Crystal Zhang","lock_date":null,"orderID_item_id":"ff808081509442fc0150a70f86eb4ec3","categoryName":"ACCA","actimode":1,"subjectName":"PM","courseIndex":"1","subjectID":"ff808081473905e7014762534dda0075","lock_status":0,"shopCategoryExtendId":"00f4ddd10fa0fc8b2ae6d90916b284fd","teacherHonor":"资深会员","courseSource":"zhongbo","availability":"","expirationDate":180,"categoryId":"ff808081473905e701475cd3c2080001","courseBkImage":"/upload/admin/201806/618e79cf05d583a0f64018c13b36163f.jpg","shopCategoryExtendName":"ACCA签约通关网络课程","expirationTime":1551317451,"teacherImage":"/upload/201606/8cd1b9fb6d394cebabb98fbc9112244f.png","versionId":"8a22ecb55e755132015f7b7647a10a15","subjectIndex":"6","courseName":"ACCA PM Performance Management-CBE 样卷"},{"categoryIndex":"5","taskTotal":"23","isU":2,"courseGroupId":"ff80808147816dbc01478199b4c70012","courseId":"8a22ecb55fb31e2a015fdda4735b020a","outline":"","teacherName":"Rainz Zhang","lock_date":null,"orderID_item_id":"ff808081509442fc0150a70f86eb4ec3","categoryName":"ACCA","actimode":1,"subjectName":"APM","courseIndex":"1","subjectID":"ff808081473905e7014762552eb6007d","lock_status":0,"shopCategoryExtendId":"00f4ddd10fa0fc8b2ae6d90916b284fd","teacherHonor":"ACCA & CIMA 金牌讲师","courseSource":"zhongbo","availability":"<p>新版课程上线，课程默认为新版本，如果需要老版本可以点击版本切换的哦~</p>","expirationDate":180,"categoryId":"ff808081473905e701475cd3c2080001","courseBkImage":"/upload/admin/201806/091f086e234e8dacfae6dbac432d382d.jpg","shopCategoryExtendName":"ACCA签约通关网络课程","expirationTime":1550925677,"teacherImage":"/upload/201606/81898b02f891427d96ada4cfbb261a6d.png","versionId":"ff808081486933e601488990d579059a","subjectIndex":"15","courseName":"复习串讲-ACCA APM Advanced Performance Management "},{"categoryIndex":"5","taskTotal":"124","isU":2,"courseGroupId":"ff80808147816dbc01478199b4c70012","courseId":"8a22ecb55e755132015e93a8de0500ff","outline":"","teacherName":"Crystal Zhang","lock_date":null,"orderID_item_id":"ff808081509442fc0150a70f86eb4ec3","categoryName":"ACCA","actimode":1,"subjectName":"PM","courseIndex":"1","subjectID":"ff808081473905e7014762534dda0075","lock_status":0,"shopCategoryExtendId":"00f4ddd10fa0fc8b2ae6d90916b284fd","teacherHonor":"资深会员","courseSource":"zhongbo","availability":"","expirationDate":180,"categoryId":"ff808081473905e701475cd3c2080001","courseBkImage":"/upload/admin/201806/0a347e4357e2ffbdfb90f1e7d5d97046.jpg","shopCategoryExtendName":"ACCA签约通关网络课程","expirationTime":1551317451,"teacherImage":"/upload/201606/8cd1b9fb6d394cebabb98fbc9112244f.png","versionId":"ff808081473905e701476bd3ddb0008c","subjectIndex":"6","courseName":"ACCA PM Performance Management（2019年9月考季至2020年6月考季）"},{"categoryIndex":"5","taskTotal":"29","isU":2,"courseGroupId":"ff80808147816dbc01478199b4c70012","courseId":"9ebab2867855dac08a8a9715f5205e6a","outline":"","teacherName":"River He","lock_date":null,"orderID_item_id":"ff808081509442fc0150a70f86eb4ec3","categoryName":"ACCA","actimode":1,"subjectName":"AA","courseIndex":"50","subjectID":"ff808081473905e701475d4ec4d60006","lock_status":0,"shopCategoryExtendId":"00f4ddd10fa0fc8b2ae6d90916b284fd","teacherHonor":"何文","courseSource":"zhongbo","availability":"","expirationDate":180,"categoryId":"ff808081473905e701475cd3c2080001","courseBkImage":"/upload/admin/201806/bb0fe8176fa0c852230a15aa50904fc9.jpg","shopCategoryExtendName":"ACCA签约通关网络课程","expirationTime":1549869397,"teacherImage":"/upload/201711/e32b0e393bfb4208877eb1b81118dc0a.png","versionId":"ff808081486933e60148898706a1058e","subjectIndex":"9","courseName":"复习串讲 ACCA AA Audit and Assurance"},{"categoryIndex":"5","taskTotal":"146","isU":2,"courseGroupId":"ff80808147816dbc01478199b4c70012","courseId":"8a22ecb55e755132015e8361703400c6","outline":"","teacherName":"Ara Shen","lock_date":null,"orderID_item_id":"ff808081509442fc0150a70f86eb4ec3","categoryName":"ACCA","actimode":1,"subjectName":"AB","courseIndex":"1","subjectID":"ff808081473905e701476204cb6c006f","lock_status":0,"shopCategoryExtendId":"00f4ddd10fa0fc8b2ae6d90916b284fd","teacherHonor":"沈璐萍","courseSource":"zhongbo","availability":"","expirationDate":180,"categoryId":"ff808081473905e701475cd3c2080001","courseBkImage":"/upload/admin/201806/07bffd951d5c79bc26d0890c06531246.jpg","shopCategoryExtendName":"ACCA签约通关网络课程","expirationTime":1551166322,"teacherImage":"/upload/201711/a919b05482d04f5ea5353596d4c0d055.png","versionId":"ff808081473905e701476205d8740070","subjectIndex":"2","courseName":"ACCA AB Accountant in Business（2019年9月考季至2020年8月考季）"},{"categoryIndex":"5","taskTotal":"128","isU":2,"courseGroupId":"ff80808147816dbc01478199b4c70012","courseId":"8a22ecb55e755132015ec0f0ae70024e","outline":"","teacherName":"Amy Liu","lock_date":null,"orderID_item_id":"ff808081509442fc0150a70f86eb4ec3","categoryName":"ACCA","actimode":1,"subjectName":"FA","courseIndex":"1","subjectID":"ff808081473905e701476252b4390073","lock_status":0,"shopCategoryExtendId":"00f4ddd10fa0fc8b2ae6d90916b284fd","teacherHonor":"十年教龄，ACCA金牌讲师","courseSource":"zhongbo","availability":"","expirationDate":180,"categoryId":"ff808081473905e701475cd3c2080001","courseBkImage":"/upload/admin/201901/07a666e67623fe5ea02d5f4783196ae8.jpg","shopCategoryExtendName":"ACCA签约通关网络课程","expirationTime":1553009903,"teacherImage":"/upload/201711/f094970bd9da4b4e88126dd75bfa41f3.jpg","versionId":"ff808081473905e7014762700dfa0081","subjectIndex":"4","courseName":"ACCA FA Financial Accounting（2019年9月考季至2020年8月考季）"},{"categoryIndex":"5","taskTotal":"53","isU":2,"courseGroupId":"ff80808147816dbc01478199b4c70012","courseId":"8a22ecb55e755132015e93ba3e76011d","outline":"","teacherName":"Crystal Zhang","lock_date":null,"orderID_item_id":"ff808081509442fc0150a70f86eb4ec3","categoryName":"ACCA","actimode":1,"subjectName":"PM","courseIndex":"1","subjectID":"ff808081473905e7014762534dda0075","lock_status":0,"shopCategoryExtendId":"00f4ddd10fa0fc8b2ae6d90916b284fd","teacherHonor":"资深会员","courseSource":"zhongbo","availability":"","expirationDate":180,"categoryId":"ff808081473905e701475cd3c2080001","courseBkImage":"/upload/admin/201806/3aeeebed642f0b7a36e8501de0df4c1a.jpg","shopCategoryExtendName":"ACCA签约通关网络课程","expirationTime":1551317451,"teacherImage":"/upload/201606/8cd1b9fb6d394cebabb98fbc9112244f.png","versionId":"ff808081486933e601488980da180588","subjectIndex":"6","courseName":"复习串讲-ACCA PM Performance Management"},{"categoryIndex":"5","taskTotal":"14","isU":2,"courseGroupId":"ff80808147816dbc01478199b4c70012","courseId":"8a22ecb55e755132015f7c0625c40a2b","outline":"","teacherName":"Hannah Zhang ","lock_date":null,"orderID_item_id":"ff808081509442fc0150a70f86eb4ec3","categoryName":"ACCA","actimode":1,"subjectName":"FR","courseIndex":"1","subjectID":"ff808081473905e701476253fd980077","lock_status":0,"shopCategoryExtendId":"00f4ddd10fa0fc8b2ae6d90916b284fd","teacherHonor":"张涵","courseSource":"zhongbo","availability":"","expirationDate":180,"categoryId":"ff808081473905e701475cd3c2080001","courseBkImage":"/upload/admin/201901/ec6cec1e4f2a2353e272765cc71a131d.jpg","shopCategoryExtendName":"ACCA签约通关网络课程","expirationTime":1551954348,"teacherImage":"/upload/201711/763f45db28c049198df467b39734cb8d.png","versionId":"8a22ecb55e755132015f7c0625c40a2b","subjectIndex":"8","courseName":"ACCA FR Financial Reporting-CBE 样卷"},{"categoryIndex":"5","taskTotal":"39","isU":2,"courseGroupId":"ff80808147816dbc01478199b4c70012","courseId":"8a22ecb55e755132015ec116634d0270","outline":"","teacherName":"Hannah Zhang ","lock_date":null,"orderID_item_id":"ff808081509442fc0150a70f86eb4ec3","categoryName":"ACCA","actimode":1,"subjectName":"FR","courseIndex":"1","subjectID":"ff808081473905e701476253fd980077","lock_status":0,"shopCategoryExtendId":"00f4ddd10fa0fc8b2ae6d90916b284fd","teacherHonor":"张涵","courseSource":"zhongbo","availability":"","expirationDate":180,"categoryId":"ff808081473905e701475cd3c2080001","courseBkImage":"/upload/admin/201901/a6318c6c740c80a29180af513c2bbbef.jpg","shopCategoryExtendName":"ACCA签约通关网络课程","expirationTime":1551954348,"teacherImage":"/upload/201711/763f45db28c049198df467b39734cb8d.png","versionId":"ff808081486933e601488985753d058c","subjectIndex":"8","courseName":"复习串讲-ACCA FR Financial Reporting"},{"categoryIndex":"5","taskTotal":"74","isU":2,"courseGroupId":"ff80808147816dbc01478199b4c70012","courseId":"8a22ecb55e755132015fa0340a190cf3","outline":"","teacherName":"River He","lock_date":null,"orderID_item_id":"ff808081509442fc0150a70f86eb4ec3","categoryName":"ACCA","actimode":1,"subjectName":"AA","courseIndex":"1","subjectID":"ff808081473905e701475d4ec4d60006","lock_status":0,"shopCategoryExtendId":"00f4ddd10fa0fc8b2ae6d90916b284fd","teacherHonor":"何文","courseSource":"zhongbo","availability":"","expirationDate":180,"categoryId":"ff808081473905e701475cd3c2080001","courseBkImage":"/upload/admin/201806/f3889a4f128d0acd8387ab9ed42f3955.jpg","shopCategoryExtendName":"ACCA签约通关网络课程","expirationTime":1549869397,"teacherImage":"/upload/201711/e32b0e393bfb4208877eb1b81118dc0a.png","versionId":"ff808081473905e701475d510f7c0007","subjectIndex":"9","courseName":"ACCA AA Audit and Assurance（2019年9月考季至2020年6月考季）"},{"categoryIndex":"5","taskTotal":"36","isU":2,"courseGroupId":"ff80808147816dbc01478199b4c70012","courseId":"8a22ecb55e755132015e9937cafb01a2","outline":"","teacherName":"Elena Shi","lock_date":null,"orderID_item_id":"ff808081509442fc0150a70f86eb4ec3","categoryName":"ACCA","actimode":1,"subjectName":"MA","courseIndex":"1","subjectID":"ff808081473905e7014762524e800072","lock_status":0,"shopCategoryExtendId":"00f4ddd10fa0fc8b2ae6d90916b284fd","teacherHonor":"时晓燕","courseSource":"zhongbo","availability":"","expirationDate":180,"categoryId":"ff808081473905e701475cd3c2080001","courseBkImage":"/upload/admin/201806/27e77f3b33b0572eec5d584e941a4f74.jpg","shopCategoryExtendName":"ACCA签约通关网络课程","expirationTime":1553438366,"teacherImage":"/upload/201606/7a5e783df2cf44b581cb7477cf357332.png","versionId":"ff808081486933e6014889793b7a0582","subjectIndex":"3","courseName":"复习串讲-ACCA MA Management Accounting"},{"categoryIndex":"5","taskTotal":"151","isU":2,"courseGroupId":"ff80808147816dbc01478199b4c70012","courseId":"8a22ecb55e755132015e98a80be20169","outline":"","teacherName":"Hannah Zhang ","lock_date":null,"orderID_item_id":"ff808081509442fc0150a70f86eb4ec3","categoryName":"ACCA","actimode":1,"subjectName":"FR","courseIndex":"1","subjectID":"ff808081473905e701476253fd980077","lock_status":0,"shopCategoryExtendId":"00f4ddd10fa0fc8b2ae6d90916b284fd","teacherHonor":"张涵","courseSource":"zhongbo","availability":"","expirationDate":180,"categoryId":"ff808081473905e701475cd3c2080001","courseBkImage":"/upload/admin/201901/945379f6188931d3a4e9a44bf8c96b6f.jpg","shopCategoryExtendName":"ACCA签约通关网络课程","expirationTime":1551954348,"teacherImage":"/upload/201711/763f45db28c049198df467b39734cb8d.png","versionId":"ff808081473905e701476bd679ed008e","subjectIndex":"8","courseName":"ACCA FR Financial Reporting（2019年9月考季至2020年6月考季）"}],"pageNo":"0","pageSize":23},"state":"success","msg":""}