{"data":[{"createDate":"1562061376928.000000","courseId":"8a22ecb553eab1280153f36f380a007f","taskId":"8a22ecb553eab12801540452360300b6","chapterId":"8a22ecb553eab1280153f38a4e240087","chapterName":"前导","taskName":"前导课","progress":"131","courseProgress":"10"},{"createDate":"1557794748256.000000","courseId":"ff8080814f0b1b74014f158ab55a0e33","taskId":"ff8080814f0b1b74014f158ab5c30e36","chapterId":"ff8080814f0b1b74014f158ab5ba0e35","chapterName":"Introduction","taskName":"ICFE-刘瑶-Introduction","progress":"276","courseProgress":"0"},{"createDate":"1540206275694.000000","courseId":"471217531cfdbc44000503d6054b40a5","taskId":"fc063127867866ea06fbb120b804db69","chapterId":"264a86407a2f4150caac273cc4061ebb","chapterName":"Revision","taskName":"Revision of IASs/IFRSs-3","progress":"3","courseProgress":"0"},{"chapterName":"第五节 年度利润计划与相关报表","taskId":"8a22ecb5577562b70157b7c463770161","progress":"97","courseProgress":"3","chapterId":"8a22ecb5577562b70157b6d460a6010a","taskName":"第5节-年度利润计划与相关报表-（上）","courseId":"8a22ecb55581ba34015581cb949c0003","createDate":"1557705209985.000000"},{"chapterName":"Introduction","taskId":"f61b21ff5a0345441f44bcd19449fb9d","progress":"330","courseProgress":"1","chapterId":"aec599e10bcc10ed55997501043b6a08","taskName":"Strategic Business Reporting","courseId":"596d4a654c5203fe24b0ccb57559f2c6","createDate":"1557300583357.000000"},{"createDate":"1536056151604.000000","courseId":"8a22ecb55e755132015f7c07a76b0a2c","taskId":"8a22ecb55e755132015f8f52bef80c31","chapterId":"8a22ecb55e755132015f80a42fe00b19","chapterName":"CBE 样卷","taskName":"specimen-A","progress":"1430","courseProgress":"1"},{"createDate":"1560210109249.000000","courseId":"8a22ecb5545a87e801545af5048c0006","taskId":"8a22ecb55b1ec7e9015b3db51ead0555","chapterId":"8a22ecb55b1ec7e9015b3db4351a0554","chapterName":"前导","taskName":"前导","progress":"7","courseProgress":"0"}],"state":"success","msg":""}