{
    "data": [
        {
            "id": "c867af8122b411e8904f64006a5147e8",
            "createDate": 1520502049000,
            "modifyDate": null,
            "courseCategoryId": "ff808081473905e7014762524e800072",
            "courseId": "ff8080814dad5062014dadd9c70d0053",
            "memberStudyPlanId": "c85c6b1a22b411e8904f64006a5147e8",
            "studyPlanId": "0de179e85e7e988b1e93578aafcdf91c",
            "planTitle": "学习",
            "startCategoryId": "95e79e8afb079b3f3358b7c943b9bdd7",
            "endCategoryId": "ff8080814dad5062014dadd9c94600ba",
            "startDate": 1512316800000,
            "endDate": 1512835200000,
            "taskTime": null,
            "taskSum": null,
            "learnTime": null,
            "learnSum": null,
            "ingSum": null,
            "isFinish": 0,
            "finishTime": null,
            "testScores": 0,
            "memberId": null
        },
        {
            "id": "c8701b5c22b411e8904f64006a5147e8",
            "createDate": 1520502049000,
            "modifyDate": null,
            "courseCategoryId": "ff808081473905e7014762524e800072",
            "courseId": "ff8080814dad5062014dadd9c70d0053",
            "memberStudyPlanId": "c85c6b1a22b411e8904f64006a5147e8",
            "studyPlanId": "0de179e85e7e988b1e93578aafcdf91c",
            "planTitle": "学习",
            "startCategoryId": "ff8080814dad5062014dadd9c94b00bb",
            "endCategoryId": "ff8080814dad5062014dadd9c9a400ca",
            "startDate": 1512921600000,
            "endDate": 1513440000000,
            "taskTime": null,
            "taskSum": null,
            "learnTime": null,
            "learnSum": null,
            "ingSum": null,
            "isFinish": 0,
            "finishTime": null,
            "testScores": 0,
            "memberId": null
        },
        {
            "id": "c8791c4922b411e8904f64006a5147e8",
            "createDate": 1520502049000,
            "modifyDate": null,
            "courseCategoryId": "ff808081473905e7014762524e800072",
            "courseId": "ff8080814dad5062014dadd9c70d0053",
            "memberStudyPlanId": "c85c6b1a22b411e8904f64006a5147e8",
            "studyPlanId": "0de179e85e7e988b1e93578aafcdf91c",
            "planTitle": "备考",
            "startCategoryId": "none",
            "endCategoryId": "none",
            "startDate": 1513526400000,
            "endDate": 1514044800000,
            "taskTime": null,
            "taskSum": null,
            "learnTime": null,
            "learnSum": null,
            "ingSum": null,
            "isFinish": 0,
            "finishTime": null,
            "testScores": 0,
            "memberId": null
        }
    ],
    "state": "success",
    "msg": ""
}