{"data":{"total":17,"courselist":[{"categoryIndex":"10","taskTotal":"21","isU":2,"courseGroupId":"8a22ecb5559bad0501559f58a95b0007","courseId":"8a22ecb553eab1280153f36f380a007f","outline":"","teacherName":"QiQi Wu","lock_date":null,"orderID_item_id":"2a39d0a3735379d0f230d87fad0eab0b","categoryName":"CMA","subjectName":"中文P1","courseIndex":"130","subjectID":"ff808081486933e601489c799f0f0868","lock_status":0,"shopCategoryExtendId":null,"teacherHonor":"吴奇奇","courseSource":"zhongbo","availability":"<p>\r\n\tCMA P1 中文 前导讲义有更新，更新章节：</p><p>\r\n\t第1章-第1节-知识点1</p><p>\r\n\t<span style=\"line-height:1.5;\">第1章-第2节-知识点2</span> </p><p>第3章-第1节-知识点1<br/></p>","categoryId":"ff808081486933e601489c4662f60851","courseBkImage":"/upload/201712/62567a837d7348f7b35d59df728e1a4d.jpg","shopCategoryExtendName":null,"expirationTime":1568361031,"teacherImage":"/upload/201606/09c9342818e24393a970aa93d25b9a4d.png","versionId":"ff808081491181a3014917d1bec90762","subjectIndex":"50","courseName":"CMA Part I 中文 前导","isGive":0},{"categoryIndex":"150","taskTotal":"182","isU":2,"courseGroupId":"8a22ecb556b580ba0156daa8d91f0228","courseId":"034fce3301f4415f1eb5d121cb32153c","outline":"","teacherName":null,"lock_date":null,"orderID_item_id":"b6da0009bb444e54514d79cf4e947d3a","categoryName":"CICPA","subjectName":"财务成本管理","courseIndex":"50","subjectID":"8a22ecb5560c52c901562b8467dd0064","lock_status":0,"shopCategoryExtendId":"1c10aeb2b0555ce69b5701df431a35e9","teacherHonor":null,"courseSource":"zhongbo","availability":"","categoryId":"8a22ecb5560c52c901562b80c6f00061","courseBkImage":"","shopCategoryExtendName":"CICPA签约通关网络课程","expirationTime":1574143653,"teacherImage":null,"versionId":"8a22ecb5560c52c901563541fac100bb","subjectIndex":"30","courseName":"2019年注会《财务成本管理》全程课","isGive":0},{"categoryIndex":"5","taskTotal":"34","isU":2,"courseGroupId":"ff80808147816dbc01478199b4c70012","courseId":"ff8080814f0b1b74014f158ab55a0e33","outline":"","teacherName":"Alice Liu","lock_date":null,"orderID_item_id":"ff808081509442fc0150a70f86eb4ec3","categoryName":"ACCA","subjectName":"ICFE财务英语","courseIndex":"1","subjectID":"ff808081481f989801482047193f001c","lock_status":0,"shopCategoryExtendId":"00f4ddd10fa0fc8b2ae6d90916b284fd","teacherHonor":"人见人爱，花见花开","courseSource":"zhongbo","availability":"","categoryId":"ff808081473905e701475cd3c2080001","courseBkImage":"/upload/admin/201712/e406e9e198705f8b9a6f1b60a1beb435.jpg","shopCategoryExtendName":"ACCA签约通关网络课程","expirationTime":1573346390,"teacherImage":"/upload/201506/35286bac812747cb8a5c399bf7f87c9d.jpg","versionId":"ff808081481f98980148204d121e001e","subjectIndex":"1","courseName":"ICFE财务英语标准课 ACCA前导","isGive":0},{"categoryIndex":"5","taskTotal":"36","isU":2,"courseGroupId":"ff80808147816dbc01478199b4c70012","courseId":"6781d289b5cb97f6a52b2b94356cb838","outline":"","teacherName":"Rhett Yin","lock_date":null,"orderID_item_id":"ff808081509442fc0150a70f86eb4ec3","categoryName":"ACCA","subjectName":"TX","courseIndex":"50","subjectID":"ff80808147c904170147d2d3d4b60098","lock_status":0,"shopCategoryExtendId":"00f4ddd10fa0fc8b2ae6d90916b284fd","teacherHonor":"尹晓洲","courseSource":"zhongbo","availability":"","categoryId":"ff808081473905e701475cd3c2080001","courseBkImage":"/upload/admin/201806/f2be277f6fbd4258e95436bbb755b04e.jpg","shopCategoryExtendName":"ACCA签约通关网络课程","expirationTime":1567956124,"teacherImage":"","versionId":"ff808081486933e601488982777a058a","subjectIndex":"7","courseName":"复习串讲-ACCA TX*(UK) Taxation(2019年6月考季至2020年3月考季)","isGive":0},{"categoryIndex":"10","taskTotal":"299","isU":2,"courseGroupId":"8a22ecb5559bad0501559f58a95b0007","courseId":"8a22ecb5559bad0501559fe3297e0039","outline":"","teacherName":"Susie Zhang","lock_date":null,"orderID_item_id":"2a39d0a3735379d0f230d87fad0eab0b","categoryName":"CMA","subjectName":"中文P2","courseIndex":"170","subjectID":"ff808081486933e601489c7a1aa20869","lock_status":0,"shopCategoryExtendId":null,"teacherHonor":"八年教龄，ACCA金牌讲师","courseSource":"zhongbo","availability":"","categoryId":"ff808081486933e601489c4662f60851","courseBkImage":"/upload/201712/d1c459fe97264f8d8be1fe6c3409ea76.jpg","shopCategoryExtendName":null,"expirationTime":1574912443,"teacherImage":"/upload/201606/b369525b70a04212923e0a2e761ca664.png","versionId":"ff8080814930fc1001493179306800f0","subjectIndex":"50","courseName":"CMA Part II 中文 基础课","isGive":0},{"categoryIndex":"10","taskTotal":"47","isU":2,"courseGroupId":"8a22ecb5559bad0501559f58a95b0007","courseId":"8a22ecb5574730bc015750946da0001a","outline":"","teacherName":"Susie Zhang","lock_date":null,"orderID_item_id":"2a39d0a3735379d0f230d87fad0eab0b","categoryName":"CMA","subjectName":"中文P2","courseIndex":"180","subjectID":"ff808081486933e601489c7a1aa20869","lock_status":0,"shopCategoryExtendId":null,"teacherHonor":"八年教龄，ACCA金牌讲师","courseSource":"zhongbo","availability":"","categoryId":"ff808081486933e601489c4662f60851","courseBkImage":"/upload/201712/9b9f3dddae7c46f0ac8df3797ede6e1a.jpg","shopCategoryExtendName":null,"expirationTime":1574912443,"teacherImage":"/upload/201606/b369525b70a04212923e0a2e761ca664.png","versionId":"ff8080814c7e36d9014c9d3a034501dc","subjectIndex":"50","courseName":"CMA Part II 中文 串讲课","isGive":0},{"categoryIndex":"10","taskTotal":"13","isU":2,"courseGroupId":"8a22ecb5559bad0501559f58a95b0007","courseId":"8a22ecb5554cfedf015551f32c4a0047","outline":"","teacherName":"Susie Zhang","lock_date":null,"orderID_item_id":"2a39d0a3735379d0f230d87fad0eab0b","categoryName":"CMA","subjectName":"中文P2","courseIndex":"160","subjectID":"ff808081486933e601489c7a1aa20869","lock_status":0,"shopCategoryExtendId":null,"teacherHonor":"八年教龄，ACCA金牌讲师","courseSource":"zhongbo","availability":"","categoryId":"ff808081486933e601489c4662f60851","courseBkImage":"/upload/201712/72471db84b2945918fb42c988ed3035a.jpg","shopCategoryExtendName":null,"expirationTime":1574912443,"teacherImage":"/upload/201606/b369525b70a04212923e0a2e761ca664.png","versionId":"ff808081499d17aa01499dda5dba057b","subjectIndex":"50","courseName":"CMA Part II 中文 前导","isGive":0},{"categoryIndex":"5","taskTotal":"19","isU":2,"courseGroupId":"ff80808147816dbc01478199b4c70012","courseId":"471217531cfdbc44000503d6054b40a5","outline":"","teacherName":null,"lock_date":null,"orderID_item_id":"ff808081509442fc0150a70f86eb4ec3","categoryName":"ACCA","subjectName":"SBR","courseIndex":"50","subjectID":"ff808081473905e701476254ba24007a","lock_status":0,"shopCategoryExtendId":"00f4ddd10fa0fc8b2ae6d90916b284fd","teacherHonor":null,"courseSource":"zhongbo","availability":"","categoryId":"ff808081473905e701475cd3c2080001","courseBkImage":"/upload/admin/201806/bb9a5b1648fcdfbb4c7fda9b90b4af35.jpg","shopCategoryExtendName":"ACCA签约通关网络课程","expirationTime":1571998279,"teacherImage":null,"versionId":"ff808081486933e60148898b479b0594","subjectIndex":"12","courseName":"ACCA SBR 复习串讲","isGive":0},{"categoryIndex":"10","taskTotal":"53","isU":2,"courseGroupId":"8a22ecb5559bad0501559f58a95b0007","courseId":"8a22ecb55581ba34015581cb949c0003","outline":"","teacherName":"QiQi Wu","lock_date":null,"orderID_item_id":"2a39d0a3735379d0f230d87fad0eab0b","categoryName":"CMA","subjectName":"中文P1","courseIndex":"150","subjectID":"ff808081486933e601489c799f0f0868","lock_status":0,"shopCategoryExtendId":null,"teacherHonor":"吴奇奇","courseSource":"zhongbo","availability":"","categoryId":"ff808081486933e601489c4662f60851","courseBkImage":"/upload/201712/de01999887b844deb257fbb8d06421c4.jpg","shopCategoryExtendName":null,"expirationTime":1568361031,"teacherImage":"/upload/201606/09c9342818e24393a970aa93d25b9a4d.png","versionId":"ff8080814997fb360149986602300200","subjectIndex":"50","courseName":"CMA Part I 中文 串讲课","isGive":0},{"categoryIndex":"5","taskTotal":"92","isU":2,"courseGroupId":"ff80808147816dbc01478199b4c70012","courseId":"596d4a654c5203fe24b0ccb57559f2c6","outline":"","teacherName":"Tom Wang","lock_date":null,"orderID_item_id":"ff808081509442fc0150a70f86eb4ec3","categoryName":"ACCA","subjectName":"SBR","courseIndex":"50","subjectID":"ff808081473905e701476254ba24007a","lock_status":0,"shopCategoryExtendId":"00f4ddd10fa0fc8b2ae6d90916b284fd","teacherHonor":"ACCA CPA HKICPA CMA会员","courseSource":"zhongbo","availability":"","categoryId":"ff808081473905e701475cd3c2080001","courseBkImage":"/upload/admin/201806/09f361513cc4cf686a1e57b41f82d204.jpg","shopCategoryExtendName":"ACCA签约通关网络课程","expirationTime":1571998279,"teacherImage":"/upload/201606/1e3e52f2982540478b8477c8881a5708.png","versionId":"ff808081473905e701476bd9b1ae0094","subjectIndex":"12","courseName":"ACCA SBR（INT） Strategic Business Reporting（2019年9月考季至2020年6月考季）","isGive":0},{"categoryIndex":"5","taskTotal":"117","isU":2,"courseGroupId":"ff80808147816dbc01478199b4c70012","courseId":"fd10d718f767014bb2cd961a6d1d0307","outline":"","teacherName":"Rhett Yin","lock_date":null,"orderID_item_id":"ff808081509442fc0150a70f86eb4ec3","categoryName":"ACCA","subjectName":"TX","courseIndex":"50","subjectID":"ff80808147c904170147d2d3d4b60098","lock_status":0,"shopCategoryExtendId":"00f4ddd10fa0fc8b2ae6d90916b284fd","teacherHonor":"尹晓洲","courseSource":"zhongbo","availability":"","categoryId":"ff808081473905e701475cd3c2080001","courseBkImage":"/upload/admin/201806/e45aaa4375bf0eaa90e61ada59d4d818.jpg","shopCategoryExtendName":"ACCA签约通关网络课程","expirationTime":1567956124,"teacherImage":"","versionId":"ff80808147c904170147d2d530c30099","subjectIndex":"7","courseName":"ACCA TX*(UK) Taxation（2019年6月考季至2020年3月考季）","isGive":0},{"categoryIndex":"20","taskTotal":"60","isU":2,"courseGroupId":"8a22ecb5556cd33201557097a0ad0021","courseId":"13ef08675cb6d505745beca74a4a6ea5","outline":"","teacherName":null,"lock_date":null,"orderID_item_id":"af0885352de012cac62196eba3f98033","categoryName":"CFA","subjectName":"Level I","courseIndex":"50","subjectID":"8a22ecb5527d453f01527d4b0e500001","lock_status":0,"shopCategoryExtendId":"2bde48e0a24c67038dc7aae89521710b","teacherHonor":null,"courseSource":"zhongbo","availability":"","categoryId":"ff80808149cc09f70149f3e7b9534654","courseBkImage":"/upload/201712/351f6e0883774c128092d97fa22cbe79.jpg","shopCategoryExtendName":"CFA中文网络课程","expirationTime":1584092049,"teacherImage":null,"versionId":"ff8080814dc1dc4e014e006d4a312c37","subjectIndex":"50","courseName":"CFA L1 前导课","isGive":0},{"categoryIndex":"5","taskTotal":"3","isU":2,"courseGroupId":"ff80808147816dbc01478199b4c70012","courseId":"8a22ecb55e755132015f7c07a76b0a2c","outline":"","teacherName":"Susie Zhang","lock_date":1517829752,"orderID_item_id":"ff808081509442fc0150a70f86eb4ec3","categoryName":"ACCA","subjectName":"FM","courseIndex":"1","subjectID":"ff808081473905e7014762542d940078","lock_status":0,"shopCategoryExtendId":"00f4ddd10fa0fc8b2ae6d90916b284fd","teacherHonor":"八年教龄，ACCA金牌讲师","courseSource":"zhongbo","availability":"","categoryId":"ff808081473905e701475cd3c2080001","courseBkImage":"/upload/admin/201806/09548e2eaacf526ddccc0b641ff95010.jpg","shopCategoryExtendName":"ACCA签约通关网络课程","expirationTime":1568013284,"teacherImage":"/upload/201606/b369525b70a04212923e0a2e761ca664.png","versionId":"8a22ecb55e755132015f7c07a76b0a2c","subjectIndex":"10","courseName":"ACCA FM Financial Management-CBE 样卷","isGive":0},{"categoryIndex":"10","taskTotal":"362","isU":2,"courseGroupId":"8a22ecb5559bad0501559f58a95b0007","courseId":"8a22ecb5545a87e801545af5048c0006","outline":"","teacherName":"QiQi Wu","lock_date":null,"orderID_item_id":"2a39d0a3735379d0f230d87fad0eab0b","categoryName":"CMA","subjectName":"中文P1","courseIndex":"140","subjectID":"ff808081486933e601489c799f0f0868","lock_status":0,"shopCategoryExtendId":null,"teacherHonor":"吴奇奇","courseSource":"zhongbo","availability":"<p>CMA Part I 中文 基础课,讲义有更新，更新内容：第2章 第1节 知识点3、第2章 第2节 知识点3、第3章 第1节 知识点2、第3章 第1节 知识点4、第5章 第2节 知识点3<br/><br/></p>","categoryId":"ff808081486933e601489c4662f60851","courseBkImage":"/upload/201712/a52a8b0e89b64566b5fef0ebe1b063a1.jpg","shopCategoryExtendName":null,"expirationTime":1568361031,"teacherImage":"/upload/201606/09c9342818e24393a970aa93d25b9a4d.png","versionId":"ff808081486933e601489c867448086a","subjectIndex":"50","courseName":"CMA Part I 中文 基础课","isGive":0},{"categoryIndex":"5","taskTotal":"62","isU":2,"courseGroupId":"ff80808147816dbc01478199b4c70012","courseId":"8a22ecb55e755132015e9823689e0158","outline":"","teacherName":"Susie Zhang","lock_date":null,"orderID_item_id":"ff808081509442fc0150a70f86eb4ec3","categoryName":"ACCA","subjectName":"FM","courseIndex":"1","subjectID":"ff808081473905e7014762542d940078","lock_status":0,"shopCategoryExtendId":"00f4ddd10fa0fc8b2ae6d90916b284fd","teacherHonor":"八年教龄，ACCA金牌讲师","courseSource":"zhongbo","availability":"","categoryId":"ff808081473905e701475cd3c2080001","courseBkImage":"/upload/admin/201806/602fdf893df2bf4bc05decb9bd746d1b.jpg","shopCategoryExtendName":"ACCA签约通关网络课程","expirationTime":1568013284,"teacherImage":"/upload/201606/b369525b70a04212923e0a2e761ca664.png","versionId":"ff808081486933e6014889882d9c0590","subjectIndex":"10","courseName":"复习串讲-ACCA FM Financial Management","isGive":0},{"categoryIndex":"5","taskTotal":"10","isU":2,"courseGroupId":"ff80808147816dbc01478199b4c70012","courseId":"8a22ecb55e755132015f7bdfcdc30a28","outline":"","teacherName":"Vivian Doo","lock_date":null,"orderID_item_id":"ff808081509442fc0150a70f86eb4ec3","categoryName":"ACCA","subjectName":"TX","courseIndex":"1","subjectID":"ff80808147c904170147d2d3d4b60098","lock_status":0,"shopCategoryExtendId":"00f4ddd10fa0fc8b2ae6d90916b284fd","teacherHonor":"都薇","courseSource":"zhongbo","availability":"","categoryId":"ff808081473905e701475cd3c2080001","courseBkImage":"/upload/admin/201806/4d3a787f427bfecd66fd61777d19a2f9.jpg","shopCategoryExtendName":"ACCA签约通关网络课程","expirationTime":1567956124,"teacherImage":"/upload/201606/2f4caeffc3324a79b0777af36a9e5900.png","versionId":"8a22ecb55e755132015f7bdfcdc30a28","subjectIndex":"7","courseName":"ACCA TX*（UK）Taxation-CBE 样卷","isGive":0},{"categoryIndex":"5","taskTotal":"101","isU":2,"courseGroupId":"ff80808147816dbc01478199b4c70012","courseId":"8a22ecb55e755132015e97f7b6c00144","outline":"","teacherName":"Susie Zhang","lock_date":null,"orderID_item_id":"ff808081509442fc0150a70f86eb4ec3","categoryName":"ACCA","subjectName":"FM","courseIndex":"1","subjectID":"ff808081473905e7014762542d940078","lock_status":0,"shopCategoryExtendId":"00f4ddd10fa0fc8b2ae6d90916b284fd","teacherHonor":"八年教龄，ACCA金牌讲师","courseSource":"zhongbo","availability":"","categoryId":"ff808081473905e701475cd3c2080001","courseBkImage":"/upload/admin/201806/d4069dd463eae585ab9bcc12977e67c8.jpg","shopCategoryExtendName":"ACCA签约通关网络课程","expirationTime":1568013284,"teacherImage":"/upload/201606/b369525b70a04212923e0a2e761ca664.png","versionId":"ff808081473905e701476bd7aca20090","subjectIndex":"10","courseName":"ACCA FM Financial Management（2019年9月考季至2020年6月考季）","isGive":0}],"pageNo":"1","pageSize":17},"state":"success","msg":""}