{
  "data" : [ {
    "id" : "dc7efe46487f11e89e7f00163e12bba6",
    "createDate" : 1524657463000,
    "modifyDate" : null,
    "courseCategoryId" : "ff808081486933e601489c799f0f0868",
    "courseId" : "675fe73199aa8417ef2a1424ac7d3063",
    "memberStudyPlanId" : "dc7d77a5487f11e89e7f00163e12bba6",
    "studyPlanId" : "1fd6eb32bc760264fad4899821884e4e",
    "studyPlanExtendId" : "1aa78cc57649d890ea14b835602adf27",
    "planTitle" : "第一周计划",
    "startCategoryId" : "00b005483494d596105799f364d0ceb1",
    "endCategoryId" : "18efb8b4e0dd8c01b7e129b7fc51a4cb",
    "startDate" : 1524672000000,
    "endDate" : 1525190400000,
    "taskTime" : null,
    "taskSum" : null,
    "learnTime" : null,
    "learnSum" : null,
    "ingSum" : null,
    "isFinish" : 0,
    "finishTime" : null,
    "testScores" : 0,
    "memberId" : null
  }, {
    "id" : "dc7ff347487f11e89e7f00163e12bba6",
    "createDate" : 1524657463000,
    "modifyDate" : null,
    "courseCategoryId" : "ff808081486933e601489c799f0f0868",
    "courseId" : "675fe73199aa8417ef2a1424ac7d3063",
    "memberStudyPlanId" : "dc7d77a5487f11e89e7f00163e12bba6",
    "studyPlanId" : "1fd6eb32bc760264fad4899821884e4e",
    "studyPlanExtendId" : "7370110e96d40e43a1675a475770e338",
    "planTitle" : "第二周计划",
    "startCategoryId" : "d993173e351fa0932f5d0099c90e89f8",
    "endCategoryId" : "12b0d756341fc0f1c5108dd0f799678c",
    "startDate" : 1525276800000,
    "endDate" : 1525795200000,
    "taskTime" : null,
    "taskSum" : null,
    "learnTime" : null,
    "learnSum" : null,
    "ingSum" : null,
    "isFinish" : 0,
    "finishTime" : null,
    "testScores" : 0,
    "memberId" : null
  }, {
    "id" : "dc80de6a487f11e89e7f00163e12bba6",
    "createDate" : 1524657463000,
    "modifyDate" : null,
    "courseCategoryId" : "ff808081486933e601489c799f0f0868",
    "courseId" : "675fe73199aa8417ef2a1424ac7d3063",
    "memberStudyPlanId" : "dc7d77a5487f11e89e7f00163e12bba6",
    "studyPlanId" : "1fd6eb32bc760264fad4899821884e4e",
    "studyPlanExtendId" : "978e5859194925dd6a5aeec0f142b0d8",
    "planTitle" : "第三周计划",
    "startCategoryId" : "082322d98c2d9e45114e0d662a3c6cf4",
    "endCategoryId" : "6f0db4f3342ef8b6a5852b6a8a40ae31",
    "startDate" : 1525881600000,
    "endDate" : 1526400000000,
    "taskTime" : null,
    "taskSum" : null,
    "learnTime" : null,
    "learnSum" : null,
    "ingSum" : null,
    "isFinish" : 0,
    "finishTime" : null,
    "testScores" : 0,
    "memberId" : null
  }, {
    "id" : "dc81de84487f11e8a34800163e0f5ece",
    "createDate" : 1524657463000,
    "modifyDate" : null,
    "courseCategoryId" : "ff808081486933e601489c799f0f0868",
    "courseId" : "675fe73199aa8417ef2a1424ac7d3063",
    "memberStudyPlanId" : "dc7d77a5487f11e89e7f00163e12bba6",
    "studyPlanId" : "1fd6eb32bc760264fad4899821884e4e",
    "studyPlanExtendId" : "2a881880787e444bea04ee42c43b2389",
    "planTitle" : "第四周计划",
    "startCategoryId" : "5dea4ed79d12e681303a3ed3cbd5a439",
    "endCategoryId" : "8fe2c2d3bda6d87938007fc6d4faeb2b",
    "startDate" : 1526486400000,
    "endDate" : 1527004800000,
    "taskTime" : null,
    "taskSum" : null,
    "learnTime" : null,
    "learnSum" : null,
    "ingSum" : null,
    "isFinish" : 0,
    "finishTime" : null,
    "testScores" : 0,
    "memberId" : null
  }, {
    "id" : "dc82d167487f11e89e7f00163e12bba6",
    "createDate" : 1524657463000,
    "modifyDate" : null,
    "courseCategoryId" : "ff808081486933e601489c799f0f0868",
    "courseId" : "675fe73199aa8417ef2a1424ac7d3063",
    "memberStudyPlanId" : "dc7d77a5487f11e89e7f00163e12bba6",
    "studyPlanId" : "1fd6eb32bc760264fad4899821884e4e",
    "studyPlanExtendId" : "ec2be8754619cc3a4fc22c700a665214",
    "planTitle" : "第五周计划",
    "startCategoryId" : "4e820de7c99f674352e21e50f11e46e0",
    "endCategoryId" : "6e6e91ad44bc089e30b3c87b7ae97fb6",
    "startDate" : 1527091200000,
    "endDate" : 1527609600000,
    "taskTime" : null,
    "taskSum" : null,
    "learnTime" : null,
    "learnSum" : null,
    "ingSum" : null,
    "isFinish" : 0,
    "finishTime" : null,
    "testScores" : 0,
    "memberId" : null
  } ],
  "state" : "success",
  "msg" : ""
}