{"data":[{"courseName":"ACCA F2 Management Accounting","courseId":"ff8080814dad5062014dadd9c70d0053","subjectId":"ff808081473905e7014762524e800072","subjectName":"F2","categoryId":"ff808081473905e701475cd3c2080001","categoryName":"ACCA","chapterNum":"36","taskNum":"70","taskTotal":"70","teacherName":"Amy Liu","teacherImage":"\/upload\/201606\/a9b2f46ff15546bda8b26279cab91707.png","teacherHonor":"\u5341\u5e74\u6559\u9f84\uff0cACCA\u91d1\u724c\u8bb2\u5e08","courseBackgroundImage":"\/upload\/201502\/a31000c03237447eb2bf91a3a3c5a18f.jpg","createTime":1433140840,"lastModifyTime":1433140,"effectiveDay":180,"versionId":"ff808081473905e70147626ef839007f","courseModuleType":"KNOWLEDGE_MODULE","subjectIndex":3,"categoryIndex":5,"courseIndex":3,"availability":"","outline":"","coverPath":"\/upload\/201502\/a31000c03237447eb2bf91a3a3c5a18f.jpg","bigCoverPath":"\/upload\/201607\/3d7f89733a984454adee087d32b19122.png","knowledgePointId":"","isTaskMode":true,"nodeNum":2,"title":"ACCA F2 Management Accounting","id":"ff8080814dad5062014dadd9c70d0053","children":[{"chapterTitle":"INTRODUCTION","chapterId":"ff8080814dad5062014dadd9c7190054","knowledgePointId":null,"isFree":"false","isLeaf":"false","tasks":null,"chapterFiles":null,"chapterExtends":null,"children":[{"chapterTitle":"\u8bfe\u7a0b\u4ecb\u7ecd","chapterId":"ff8080814dad5062014dadd9c7200055","knowledgePointId":null,"isFree":"true","isLeaf":"true","chapterFiles":null,"chapterExtends":null,"children":null,"nodeNum":0,"title":"\u8bfe\u7a0b\u4ecb\u7ecd","id":"ff8080814dad5062014dadd9c7200055","published":true,"isTaskMode":true}],"nodeNum":0,"title":"INTRODUCTION","id":"ff8080814dad5062014dadd9c7190054","published":true,"isTaskMode":true},{"chapterTitle":"PART A BASIC KNOWLEDGE","chapterId":"ff8080814dad5062014dadd9c7350059","knowledgePointId":null,"isFree":"false","isLeaf":"false","tasks":null,"chapterFiles":null,"chapterExtends":null,"children":[{"chapterTitle":"Chapter 1 The Nature, Source and Purpose of Management Accounting","chapterId":"ff8080814dad5062014dadd9c739005a","knowledgePointId":null,"isFree":"true","isLeaf":"true","chapterFiles":null,"chapterExtends":null,"children":null,"nodeNum":"2","note":[{"id":"45cf9f55b4b611e6927800163e022e38","updateTime":1500028004,"contentSummary":"Hahffghjgoiigxgiccigicgigcicgicgigcicgicgicgigccigigcutxfitxixfifiifxxf","memberId":"8a22cc685215de9f01521b37b748020f","clientType":"pc","imgPath":"\/upload\/2016\/11\/27\/4674D0836CA648EFA5E7CE4E419CBB03.jpg,\/upload\/2016\/11\/27\/7F74282D8A1D415FB455027C16D53569.jpg,\/upload\/2016\/11\/27\/1EEC11FD389E432C93A3F3B40125D974.jpg,\/upload\/2016\/11\/27\/4C85BAC49DC744008C4E334FE16419DD.jpg,\/upload\/2016\/11\/27\/B9C4F56F97AF4D36BCC3853609AC3779.jpg","courseId":"ff8080814dad5062014dadd9c70d0053","charpterId":"ff8080814dad5062014dadd9c739005a","taskType":"","taskprogress":"0","taskId":"","soundPath":"","soundlen":"0","coursename":"ACCA F2 Management Accounting","chaptername":"Chapter 1 The Nature, Source and Purpose of Management Accounting","praiseCount":"0","favoriteCount":"0","clickCount":"0","nikeName":"Rainy","headImg":"\/upload\/avatar\/big_8a22cc685215de9f01521b37b748020f.jpg","userlevel":"0"},{"id":"2d178851b4b611e6927800163e022e38","updateTime":1505199477,"contentSummary":"Hahffghjgoiigxgiccigicgigcicgicgigcicgicgicgigccigigc","memberId":"8a22cc685215de9f01521b37b748020f","clientType":"pc","imgPath":"\/upload\/2016\/12\/14\/CB44ECB279EE4A71BCC0999ACB7DE571.jpg,\/upload\/2016\/12\/14\/387BDB48715C447C857396154B2C620B.jpg,\/upload\/2016\/12\/14\/53B03B79D13442958EFD1CF699C0B94F.jpg,\/upload\/2016\/12\/14\/E8EE4C13C7584DA6AFA0D6EFEA227FC8.jpg,\/upload\/2016\/12\/14\/FEE8DD2E52FF4DC88AEF1FAAB2975358.jpg,\/upload\/2016\/12\/14\/8FF8FAC00931443CB3EC24F6BB4FFDE2.jpg,\/upload\/2016\/12\/14\/E85AFA3E7CCB4673BF924DD91648C410.jpg,\/upload\/2016\/11\/27\/4674D0836CA648EFA5E7CE4E419CBB03.jpg,\/upload\/2016\/11\/27\/7F74282D8A1D415FB455027C16D53569.jpg,\/upload\/2016\/11\/27\/1EEC11FD389E432C93A3F3B40125D974.jpg,\/upload\/2016\/11\/27\/4C85BAC49DC744008C4E334FE16419DD.jpg,\/upload\/2016\/11\/27\/B9C4F56F97AF4D36BCC3853609AC3779.jpg","courseId":"ff8080814dad5062014dadd9c70d0053","charpterId":"ff8080814dad5062014dadd9c739005a","taskType":"","taskprogress":"0","taskId":"","soundPath":"","soundlen":"0","coursename":"ACCA F2 Management Accounting","chaptername":"Chapter 1 The Nature, Source and Purpose of Management Accounting","praiseCount":"0","favoriteCount":"0","clickCount":"0","nikeName":"Rainy","headImg":"\/upload\/avatar\/big_8a22cc685215de9f01521b37b748020f.jpg","userlevel":"0"}],"title":"Chapter 1 The Nature, Source and Purpose of Management Accounting","id":"ff8080814dad5062014dadd9c739005a","published":true,"isTaskMode":true},{"chapterTitle":"Chapter 2 Cost Classification","chapterId":"ff8080814dad5062014dadd9c7710065","knowledgePointId":null,"isFree":"false","isLeaf":"true","chapterFiles":null,"chapterExtends":null,"children":null,"nodeNum":0,"title":"Chapter 2 Cost Classification","id":"ff8080814dad5062014dadd9c7710065","published":true,"isTaskMode":true},{"chapterTitle":"Chapter 3 Statistical Techniques","chapterId":"ff8080814dad5062014dadd9c789006a","knowledgePointId":null,"isFree":"false","isLeaf":"true","chapterFiles":null,"chapterExtends":null,"children":null,"nodeNum":0,"title":"Chapter 3 Statistical Techniques","id":"ff8080814dad5062014dadd9c789006a","published":true,"isTaskMode":true}],"nodeNum":2,"title":"PART A BASIC KNOWLEDGE","id":"ff8080814dad5062014dadd9c7350059","published":true,"isTaskMode":true},{"chapterTitle":"PART B COST ACCOUNTING METHODS AND SYSTEMS","chapterId":"ff8080814dad5062014dadd9c7a1006f","knowledgePointId":null,"isFree":"false","isLeaf":"false","tasks":null,"chapterFiles":null,"chapterExtends":null,"children":[{"chapterTitle":"Chapter 4 Accounting for Materials","chapterId":"ff8080814dad5062014dadd9c7a50070","knowledgePointId":null,"isFree":"false","isLeaf":"true","chapterFiles":null,"chapterExtends":null,"children":null,"nodeNum":0,"title":"Chapter 4 Accounting for Materials","id":"ff8080814dad5062014dadd9c7a50070","published":true,"isTaskMode":true},{"chapterTitle":"Chapter 5 Accounting for Labor","chapterId":"ff8080814dad5062014dadd9c7d00079","knowledgePointId":null,"isFree":"false","isLeaf":"true","chapterFiles":null,"chapterExtends":null,"children":null,"nodeNum":0,"title":"Chapter 5 Accounting for Labor","id":"ff8080814dad5062014dadd9c7d00079","published":true,"isTaskMode":true},{"chapterTitle":"Chapter 6 Accounting for Overheads","chapterId":"ff8080814dad5062014dadd9c7dc007c","knowledgePointId":null,"isFree":"false","isLeaf":"true","chapterFiles":null,"chapterExtends":null,"children":null,"nodeNum":0,"title":"Chapter 6 Accounting for Overheads","id":"ff8080814dad5062014dadd9c7dc007c","published":true,"isTaskMode":true},{"chapterTitle":"Chapter 7 Absorption and Marginal Costing","chapterId":"ff8080814dad5062014dadd9c8010083","knowledgePointId":null,"isFree":"false","isLeaf":"true","chapterFiles":null,"chapterExtends":null,"children":null,"nodeNum":0,"title":"Chapter 7 Absorption and Marginal Costing","id":"ff8080814dad5062014dadd9c8010083","published":true,"isTaskMode":true},{"chapterTitle":"Chapter 8 Job, Batch and Process Costing","chapterId":"ff8080814dad5062014dadd9c81b0088","knowledgePointId":null,"isFree":"false","isLeaf":"true","chapterFiles":null,"chapterExtends":null,"children":null,"nodeNum":0,"title":"Chapter 8 Job, Batch and Process Costing","id":"ff8080814dad5062014dadd9c81b0088","published":true,"isTaskMode":true},{"chapterTitle":"Chapter 9 Service and Alternative Costing","chapterId":"ff8080814dad5062014dadd9c85f0092","knowledgePointId":null,"isFree":"false","isLeaf":"true","chapterFiles":null,"chapterExtends":null,"children":null,"nodeNum":0,"title":"Chapter 9 Service and Alternative Costing","id":"ff8080814dad5062014dadd9c85f0092","published":true,"isTaskMode":true}],"nodeNum":0,"title":"PART B COST ACCOUNTING METHODS AND SYSTEMS","id":"ff8080814dad5062014dadd9c7a1006f","published":true,"isTaskMode":true},{"chapterTitle":"PART C BUDGETING","chapterId":"ff8080814dad5062014dadd9c8800098","knowledgePointId":null,"isFree":"false","isLeaf":"false","tasks":null,"chapterFiles":null,"chapterExtends":null,"children":[{"chapterTitle":"Chapter 10 Forecasting","chapterId":"ff8080814dad5062014dadd9c8850099","knowledgePointId":null,"isFree":"false","isLeaf":"true","chapterFiles":null,"chapterExtends":null,"children":null,"nodeNum":0,"title":"Chapter 10 Forecasting","id":"ff8080814dad5062014dadd9c8850099","published":true,"isTaskMode":true},{"chapterTitle":"Chapter 11 Budgeting","chapterId":"ff8080814dad5062014dadd9c89c009d","knowledgePointId":null,"isFree":"false","isLeaf":"true","chapterFiles":null,"chapterExtends":null,"children":null,"nodeNum":0,"title":"Chapter 11 Budgeting","id":"ff8080814dad5062014dadd9c89c009d","published":true,"isTaskMode":true},{"chapterTitle":"Chapter 12 Methods of Project Appraisal","chapterId":"ff8080814dad5062014dadd9c8e100a9","knowledgePointId":null,"isFree":"false","isLeaf":"true","chapterFiles":null,"chapterExtends":null,"children":null,"nodeNum":0,"title":"Chapter 12 Methods of Project Appraisal","id":"ff8080814dad5062014dadd9c8e100a9","published":true,"isTaskMode":true}],"nodeNum":0,"title":"PART C BUDGETING","id":"ff8080814dad5062014dadd9c8800098","published":true,"isTaskMode":true},{"chapterTitle":"PART D STANDARD COSTING","chapterId":"ff8080814dad5062014dadd9c90400af","knowledgePointId":null,"isFree":"false","isLeaf":"false","tasks":null,"chapterFiles":null,"chapterExtends":null,"children":[{"chapterTitle":"Chapter 13 Variance","chapterId":"ff8080814dad5062014dadd9c90900b0","knowledgePointId":null,"isFree":"false","isLeaf":"true","chapterFiles":null,"chapterExtends":null,"children":null,"nodeNum":0,"title":"Chapter 13 Variance","id":"ff8080814dad5062014dadd9c90900b0","published":true,"isTaskMode":true}],"nodeNum":0,"title":"PART D STANDARD COSTING","id":"ff8080814dad5062014dadd9c90400af","published":true,"isTaskMode":true},{"chapterTitle":"PART E PERFORMANCE","chapterId":"ff8080814dad5062014dadd9c94600ba","knowledgePointId":null,"isFree":"false","isLeaf":"false","tasks":null,"chapterFiles":null,"chapterExtends":null,"children":[{"chapterTitle":"Chapter 14 Performance Measurement","chapterId":"ff8080814dad5062014dadd9c94b00bb","knowledgePointId":null,"isFree":"false","isLeaf":"true","chapterFiles":null,"chapterExtends":null,"children":null,"nodeNum":0,"title":"Chapter 14 Performance Measurement","id":"ff8080814dad5062014dadd9c94b00bb","published":true,"isTaskMode":true},{"chapterTitle":"Chapter 15 Applications of Performance Measuremen","chapterId":"ff8080814dad5062014dadd9c96200bf","knowledgePointId":null,"isFree":"false","isLeaf":"true","chapterFiles":null,"chapterExtends":null,"children":null,"nodeNum":0,"title":"Chapter 15 Applications of Performance Measuremen","id":"ff8080814dad5062014dadd9c96200bf","published":true,"isTaskMode":true},{"chapterTitle":"Chapter 16 Cost Management","chapterId":"ff8080814dad5062014dadd9c98600c5","knowledgePointId":null,"isFree":"false","isLeaf":"true","chapterFiles":null,"chapterExtends":null,"children":null,"nodeNum":0,"title":"Chapter 16 Cost Management","id":"ff8080814dad5062014dadd9c98600c5","published":true,"isTaskMode":true}],"nodeNum":0,"title":"PART E PERFORMANCE","id":"ff8080814dad5062014dadd9c94600ba","published":true,"isTaskMode":true},{"chapterTitle":"SECTION-B-\u9898","chapterId":"ff8080814dad5062014dadd9c99f00c9","knowledgePointId":null,"isFree":"false","isLeaf":"false","tasks":null,"chapterFiles":null,"chapterExtends":null,"children":[{"chapterTitle":"sectionB-\u9898","chapterId":"ff8080814dad5062014dadd9c9a400ca","knowledgePointId":null,"isFree":"false","isLeaf":"true","chapterFiles":null,"chapterExtends":null,"children":null,"nodeNum":0,"title":"sectionB-\u9898","id":"ff8080814dad5062014dadd9c9a400ca","published":true,"isTaskMode":true}],"nodeNum":0,"title":"SECTION-B-\u9898","id":"ff8080814dad5062014dadd9c99f00c9","published":true,"isTaskMode":true}]},{"courseName":"ACCA F1 Accountant in Business","courseId":"ff8080814dad5062014db32051b801a2","subjectId":"ff808081473905e701476204cb6c006f","subjectName":"F1","categoryId":"ff808081473905e701475cd3c2080001","categoryName":"ACCA","chapterNum":"70","taskNum":"98","taskTotal":"98","teacherName":"David Xi","teacherImage":"\/upload\/201710\/931686c744eb45d68e2787722ff7f48e.jpg","teacherHonor":"ACCA\u91d1\u724c\u8bb2\u5e08","courseBackgroundImage":"\/upload\/201502\/6096a5abb99846e3b9597f5bbb1a7b61.jpg","createTime":1433229349,"lastModifyTime":1433229,"effectiveDay":180,"versionId":"ff808081473905e701476205d8740070","courseModuleType":"KNOWLEDGE_MODULE","subjectIndex":2,"categoryIndex":5,"courseIndex":1,"availability":"","outline":"","coverPath":"\/upload\/201502\/6096a5abb99846e3b9597f5bbb1a7b61.jpg","bigCoverPath":"\/upload\/201607\/f3acd18335214cddbc98b8788a38f1e1.png","knowledgePointId":"8a22ecb5586635860158703f45220012","isTaskMode":true,"nodeNum":2,"title":"ACCA F1 Accountant in Business","id":"ff8080814dad5062014db32051b801a2","children":[{"chapterTitle":"INTRODUCTION","chapterId":"ff8080814dad5062014db32051bf01a3","knowledgePointId":"","isFree":"true","isLeaf":"false","tasks":null,"chapterFiles":null,"chapterExtends":null,"children":[{"chapterTitle":"F1-\u8bfe\u7a0b\u4ecb\u7ecd","chapterId":"ff8080814dad5062014db32051c601a4","knowledgePointId":"8a22ecb55866358601586ca07f5b0006","isFree":"true","isLeaf":"true","chapterFiles":null,"chapterExtends":null,"children":null,"nodeNum":0,"title":"F1-\u8bfe\u7a0b\u4ecb\u7ecd","id":"ff8080814dad5062014db32051c601a4","published":true,"isTaskMode":true}],"nodeNum":0,"title":"INTRODUCTION","id":"ff8080814dad5062014db32051bf01a3","published":true,"isTaskMode":true},{"chapterTitle":"PART A BUSINESS ORGANISATIONAL STRUCTURE, FUNCTION AND GOVERNANCE","chapterId":"ff8080814dad5062014db32051d101a6","knowledgePointId":null,"isFree":"false","isLeaf":"false","tasks":null,"chapterFiles":null,"chapterExtends":null,"children":[{"chapterTitle":"Chapter 1 Organisation and Types of Organisation","chapterId":"ff8080814dad5062014db32051d501a7","knowledgePointId":null,"isFree":"true","isLeaf":"true","chapterFiles":null,"chapterExtends":null,"children":null,"nodeNum":"1","note":[{"id":"3833f05f5c8f11e6be0a00163e022e38","updateTime":1480260455,"contentSummary":"s\u2006su\u2006t\u2006zuu\u2006t\u2006x\u2006j\u2006xj\u2006g\u2006x\u2006h\u2006f\u2006x\u2006h\u2006x\u2006f","memberId":"8a22cc685215de9f01521b37b748020f","clientType":"iphone","imgPath":"\/upload\/2016\/11\/27\/BA06B9F42C9741B68A0BC02FDFDD913B.jpg","courseId":"ff8080814dad5062014db32051b801a2","charpterId":"ff8080814dad5062014db32051d501a7","taskType":"video","taskprogress":"3257","taskId":"ff8080814dad5062014db32051db01a8","soundPath":"","soundlen":"0","coursename":"ACCA F1 Accountant in Business","chaptername":"Chapter 1 Organisation and Types of Organisation","praiseCount":"0","favoriteCount":"0","clickCount":"0","nikeName":"Rainy","headImg":"\/upload\/avatar\/big_8a22cc685215de9f01521b37b748020f.jpg","userlevel":"0"}],"title":"Chapter 1 Organisation and Types of Organisation","id":"ff8080814dad5062014db32051d501a7","published":true,"isTaskMode":true},{"chapterTitle":"Chapter 2 Types of Business Organisation","chapterId":"ff8080814dad5062014db32051ea01ac","knowledgePointId":null,"isFree":"false","isLeaf":"true","chapterFiles":null,"chapterExtends":null,"children":null,"nodeNum":0,"title":"Chapter 2 Types of Business Organisation","id":"ff8080814dad5062014db32051ea01ac","published":true,"isTaskMode":true},{"chapterTitle":"Chapter 3 Business Models","chapterId":"ff8080814dad5062014db32051fc01b1","knowledgePointId":null,"isFree":"false","isLeaf":"true","chapterFiles":null,"chapterExtends":null,"children":null,"nodeNum":0,"title":"Chapter 3 Business Models","id":"ff8080814dad5062014db32051fc01b1","published":true,"isTaskMode":true},{"chapterTitle":"Chapter 4 Function of Main Departments in Business Organisation","chapterId":"ff8080814dad5062014db320522101b6","knowledgePointId":null,"isFree":"false","isLeaf":"true","chapterFiles":null,"chapterExtends":null,"children":null,"nodeNum":"1","note":[{"id":"80e0a9426b3a11e6a34f00163e022e38","updateTime":1472180969,"contentSummary":"Fixing cigcgiigcchicgigicicgcigxiyfftu","memberId":"8a22cc685215de9f01521b37b748020f","clientType":"iphone","imgPath":"","courseId":"ff8080814dad5062014db32051b801a2","charpterId":"ff8080814dad5062014db320522101b6","taskType":"exam","taskprogress":"7","taskId":"8a22ecb555a050580155a520d50a0263","soundPath":"","soundlen":"0","coursename":"ACCA F1 Accountant in Business","chaptername":"Chapter 4 Function of Main Departments in Business Organisation","praiseCount":"0","favoriteCount":"0","clickCount":"0","nikeName":"Rainy","headImg":"\/upload\/avatar\/big_8a22cc685215de9f01521b37b748020f.jpg","userlevel":"0"}],"title":"Chapter 4 Function of Main Departments in Business Organisation","id":"ff8080814dad5062014db320522101b6","published":true,"isTaskMode":true},{"chapterTitle":"Chapter 5 Informal Business Organisation","chapterId":"ff8080814dad5062014db320523b01bb","knowledgePointId":null,"isFree":"false","isLeaf":"true","chapterFiles":null,"chapterExtends":null,"children":null,"nodeNum":0,"title":"Chapter 5 Informal Business Organisation","id":"ff8080814dad5062014db320523b01bb","published":true,"isTaskMode":true},{"chapterTitle":"Chapter 6 Organisational Culture in Business","chapterId":"ff8080814dad5062014db320524e01c0","knowledgePointId":null,"isFree":"false","isLeaf":"true","chapterFiles":null,"chapterExtends":null,"children":null,"nodeNum":0,"title":"Chapter 6 Organisational Culture in Business","id":"ff8080814dad5062014db320524e01c0","published":true,"isTaskMode":true},{"chapterTitle":"Chapter 7 Stakeholders in Business Organisaition","chapterId":"ff8080814dad5062014db320526b01c7","knowledgePointId":null,"isFree":"false","isLeaf":"true","chapterFiles":null,"chapterExtends":null,"children":null,"nodeNum":0,"title":"Chapter 7 Stakeholders in Business Organisaition","id":"ff8080814dad5062014db320526b01c7","published":true,"isTaskMode":true},{"chapterTitle":"Chapter 8 Information Technology and Information Systems in Business","chapterId":"ff8080814dad5062014db320528001cc","knowledgePointId":null,"isFree":"false","isLeaf":"true","chapterFiles":null,"chapterExtends":null,"children":null,"nodeNum":0,"title":"Chapter 8 Information Technology and Information Systems in Business","id":"ff8080814dad5062014db320528001cc","published":true,"isTaskMode":true},{"chapterTitle":"Chapter 9 Committees in Business Organisation","chapterId":"ff8080814dad5062014db320529401d1","knowledgePointId":null,"isFree":"false","isLeaf":"true","chapterFiles":null,"chapterExtends":null,"children":null,"nodeNum":0,"title":"Chapter 9 Committees in Business Organisation","id":"ff8080814dad5062014db320529401d1","published":true,"isTaskMode":true},{"chapterTitle":"Chapter 10 Governance and Social Responsibility in Business","chapterId":"ff8080814dad5062014db32052a801d6","knowledgePointId":null,"isFree":"false","isLeaf":"true","chapterFiles":null,"chapterExtends":null,"children":null,"nodeNum":0,"title":"Chapter 10 Governance and Social Responsibility in Business","id":"ff8080814dad5062014db32052a801d6","published":true,"isTaskMode":true}],"nodeNum":2,"title":"PART A BUSINESS ORGANISATIONAL STRUCTURE, FUNCTION AND GOVERNANCE","id":"ff8080814dad5062014db32051d101a6","published":true,"isTaskMode":true},{"chapterTitle":"PART B THE BUSINESS ENVIRONMENT","chapterId":"ff8080814dad5062014db32052d701e1","knowledgePointId":null,"isFree":"false","isLeaf":"false","tasks":null,"chapterFiles":null,"chapterExtends":null,"children":[{"chapterTitle":"Chapter 11 External Environment","chapterId":"ff8080814dad5062014db32052db01e2","knowledgePointId":null,"isFree":"false","isLeaf":"true","chapterFiles":null,"chapterExtends":null,"children":null,"nodeNum":0,"title":"Chapter 11 External Environment","id":"ff8080814dad5062014db32052db01e2","published":true,"isTaskMode":true},{"chapterTitle":"Chapter 12 The Political and Legal Factors","chapterId":"ff8080814dad5062014db32052e501e4","knowledgePointId":null,"isFree":"false","isLeaf":"true","chapterFiles":null,"chapterExtends":null,"children":null,"nodeNum":0,"title":"Chapter 12 The Political and Legal Factors","id":"ff8080814dad5062014db32052e501e4","published":true,"isTaskMode":true},{"chapterTitle":"Chapter 13 Macro-economic Factors","chapterId":"ff8080814dad5062014db32052f801e9","knowledgePointId":null,"isFree":"false","isLeaf":"true","chapterFiles":null,"chapterExtends":null,"children":null,"nodeNum":0,"title":"Chapter 13 Macro-economic Factors","id":"ff8080814dad5062014db32052f801e9","published":true,"isTaskMode":true},{"chapterTitle":"Chapter 14 Micro-economic Factors","chapterId":"ff8080814dad5062014db320530b01ee","knowledgePointId":null,"isFree":"false","isLeaf":"true","chapterFiles":null,"chapterExtends":null,"children":null,"nodeNum":0,"title":"Chapter 14 Micro-economic Factors","id":"ff8080814dad5062014db320530b01ee","published":true,"isTaskMode":true},{"chapterTitle":"Chapter 15 Social-cultural, Technological and Environmental Factors","chapterId":"ff8080814dad5062014db320531f01f3","knowledgePointId":null,"isFree":"false","isLeaf":"true","chapterFiles":null,"chapterExtends":null,"children":null,"nodeNum":0,"title":"Chapter 15 Social-cultural, Technological and Environmental Factors","id":"ff8080814dad5062014db320531f01f3","published":true,"isTaskMode":true},{"chapterTitle":"Chapter 16 Business Analysis Models","chapterId":"ff8080814dad5062014db320533301f8","knowledgePointId":null,"isFree":"false","isLeaf":"true","chapterFiles":null,"chapterExtends":null,"children":null,"nodeNum":0,"title":"Chapter 16 Business Analysis Models","id":"ff8080814dad5062014db320533301f8","published":true,"isTaskMode":true}],"nodeNum":0,"title":"PART B THE BUSINESS ENVIRONMENT","id":"ff8080814dad5062014db32052d701e1","published":true,"isTaskMode":true},{"chapterTitle":"PART C ACCOUNTING AND REPORTING SYSTEMS, CONTROLS AND COMPLIANCE","chapterId":"ff8080814dad5062014db320534901fd","knowledgePointId":null,"isFree":"false","isLeaf":"false","tasks":null,"chapterFiles":null,"chapterExtends":null,"children":[{"chapterTitle":"Chapter 17 Function of Accounting in Business","chapterId":"ff8080814dad5062014db320534d01fe","knowledgePointId":null,"isFree":"false","isLeaf":"true","chapterFiles":null,"chapterExtends":null,"children":null,"nodeNum":0,"title":"Chapter 17 Function of Accounting in Business","id":"ff8080814dad5062014db320534d01fe","published":true,"isTaskMode":true},{"chapterTitle":"Chapter 18 Law and Regulation Governing Accounting","chapterId":"ff8080814dad5062014db32053610203","knowledgePointId":null,"isFree":"false","isLeaf":"true","chapterFiles":null,"chapterExtends":null,"children":null,"nodeNum":0,"title":"Chapter 18 Law and Regulation Governing Accounting","id":"ff8080814dad5062014db32053610203","published":true,"isTaskMode":true},{"chapterTitle":"Chapter 19 Financial Systems and Procedures (Financial Control System)","chapterId":"ff8080814dad5062014db320536b0206","knowledgePointId":null,"isFree":"false","isLeaf":"true","chapterFiles":null,"chapterExtends":null,"children":null,"nodeNum":0,"title":"Chapter 19 Financial Systems and Procedures (Financial Control System)","id":"ff8080814dad5062014db320536b0206","published":true,"isTaskMode":true},{"chapterTitle":"Chapter 20 IT Systems Security and Safety","chapterId":"ff8080814dad5062014db3205380020b","knowledgePointId":null,"isFree":"false","isLeaf":"true","chapterFiles":null,"chapterExtends":null,"children":null,"nodeNum":0,"title":"Chapter 20 IT Systems Security and Safety","id":"ff8080814dad5062014db3205380020b","published":true,"isTaskMode":true},{"chapterTitle":"Chapter 21 Fraud and Fraudulent Behaviour and Their Prevention in Business","chapterId":"ff8080814dad5062014db32053960210","knowledgePointId":null,"isFree":"false","isLeaf":"true","chapterFiles":null,"chapterExtends":null,"children":null,"nodeNum":0,"title":"Chapter 21 Fraud and Fraudulent Behaviour and Their Prevention in Business","id":"ff8080814dad5062014db32053960210","published":true,"isTaskMode":true}],"nodeNum":0,"title":"PART C ACCOUNTING AND REPORTING SYSTEMS, CONTROLS AND COMPLIANCE","id":"ff8080814dad5062014db320534901fd","published":true,"isTaskMode":true},{"chapterTitle":"PART D LEADING AND MANAGING INDIVIDUALS AND TEAMS","chapterId":"ff8080814dad5062014db32053ac0215","knowledgePointId":null,"isFree":"false","isLeaf":"false","tasks":null,"chapterFiles":null,"chapterExtends":null,"children":[{"chapterTitle":"Chapter 22 Leadership, Management and Supervision","chapterId":"ff8080814dad5062014db32053b10216","knowledgePointId":null,"isFree":"false","isLeaf":"true","chapterFiles":null,"chapterExtends":null,"children":null,"nodeNum":0,"title":"Chapter 22 Leadership, Management and Supervision","id":"ff8080814dad5062014db32053b10216","published":true,"isTaskMode":true},{"chapterTitle":"Chapter 23 Nature of Management","chapterId":"ff8080814dad5062014db32053c7021b","knowledgePointId":null,"isFree":"false","isLeaf":"true","chapterFiles":null,"chapterExtends":null,"children":null,"nodeNum":0,"title":"Chapter 23 Nature of Management","id":"ff8080814dad5062014db32053c7021b","published":true,"isTaskMode":true},{"chapterTitle":"Chapter 24 Leadership and Styles","chapterId":"ff8080814dad5062014db32053df0220","knowledgePointId":null,"isFree":"false","isLeaf":"true","chapterFiles":null,"chapterExtends":null,"children":null,"nodeNum":0,"title":"Chapter 24 Leadership and Styles","id":"ff8080814dad5062014db32053df0220","published":true,"isTaskMode":true},{"chapterTitle":"Chapter 25 Individual and Group Behaviour in Business Organisation","chapterId":"ff8080814dad5062014db32053f80225","knowledgePointId":null,"isFree":"false","isLeaf":"true","chapterFiles":null,"chapterExtends":null,"children":null,"nodeNum":0,"title":"Chapter 25 Individual and Group Behaviour in Business Organisation","id":"ff8080814dad5062014db32053f80225","published":true,"isTaskMode":true},{"chapterTitle":"Chapter 26 Team Formation, Development and Management","chapterId":"ff8080814dad5062014db32054100229","knowledgePointId":null,"isFree":"false","isLeaf":"true","chapterFiles":null,"chapterExtends":null,"children":null,"nodeNum":0,"title":"Chapter 26 Team Formation, Development and Management","id":"ff8080814dad5062014db32054100229","published":true,"isTaskMode":true},{"chapterTitle":"Chapter 27 Motivating Individuals and Groups","chapterId":"ff8080814dad5062014db3205425022d","knowledgePointId":null,"isFree":"false","isLeaf":"true","chapterFiles":null,"chapterExtends":null,"children":null,"nodeNum":0,"title":"Chapter 27 Motivating Individuals and Groups","id":"ff8080814dad5062014db3205425022d","published":true,"isTaskMode":true}],"nodeNum":0,"title":"PART D LEADING AND MANAGING INDIVIDUALS AND TEAMS","id":"ff8080814dad5062014db32053ac0215","published":true,"isTaskMode":true},{"chapterTitle":"PART E RECRUITING AND DEVELOPING EFFECTIVE EMPLOYEES","chapterId":"ff8080814dad5062014db320543b0231","knowledgePointId":null,"isFree":"false","isLeaf":"false","tasks":null,"chapterFiles":null,"chapterExtends":null,"children":[{"chapterTitle":"Chapter 28 Recruitment and Selection, Equal Opportunity and Managing Diversity","chapterId":"ff8080814dad5062014db32054400232","knowledgePointId":null,"isFree":"false","isLeaf":"true","chapterFiles":null,"chapterExtends":null,"children":null,"nodeNum":0,"title":"Chapter 28 Recruitment and Selection, Equal Opportunity and Managing Diversity","id":"ff8080814dad5062014db32054400232","published":true,"isTaskMode":true},{"chapterTitle":"Chapter 29 Review and Appraisal of Individual Performance","chapterId":"ff8080814dad5062014db32054550236","knowledgePointId":null,"isFree":"false","isLeaf":"true","chapterFiles":null,"chapterExtends":null,"children":null,"nodeNum":0,"title":"Chapter 29 Review and Appraisal of Individual Performance","id":"ff8080814dad5062014db32054550236","published":true,"isTaskMode":true},{"chapterTitle":"Chapter 30 Training, Development and Learning in Business","chapterId":"ff8080814dad5062014db320546c023a","knowledgePointId":null,"isFree":"false","isLeaf":"true","chapterFiles":null,"chapterExtends":null,"children":null,"nodeNum":0,"title":"Chapter 30 Training, Development and Learning in Business","id":"ff8080814dad5062014db320546c023a","published":true,"isTaskMode":true},{"chapterTitle":"Chapter 31 Communication in Business","chapterId":"ff8080814dad5062014db3205484023e","knowledgePointId":null,"isFree":"false","isLeaf":"true","chapterFiles":null,"chapterExtends":null,"children":null,"nodeNum":0,"title":"Chapter 31 Communication in Business","id":"ff8080814dad5062014db3205484023e","published":true,"isTaskMode":true},{"chapterTitle":"Chapter 32 Sources of Conflict and Techniques for Conflict Resolution and Avoidance","chapterId":"ff8080814dad5062014db320549a0242","knowledgePointId":null,"isFree":"false","isLeaf":"true","chapterFiles":null,"chapterExtends":null,"children":null,"nodeNum":0,"title":"Chapter 32 Sources of Conflict and Techniques for Conflict Resolution and Avoidance","id":"ff8080814dad5062014db320549a0242","published":true,"isTaskMode":true},{"chapterTitle":"Chapter 33 Personal Effectiveness at Work and Their Benefits","chapterId":"ff8080814dad5062014db32054a60244","knowledgePointId":null,"isFree":"false","isLeaf":"true","chapterFiles":null,"chapterExtends":null,"children":null,"nodeNum":0,"title":"Chapter 33 Personal Effectiveness at Work and Their Benefits","id":"ff8080814dad5062014db32054a60244","published":true,"isTaskMode":true},{"chapterTitle":"Chapter 34 Ethical Consideration","chapterId":"ff8080814dad5062014db32054be0248","knowledgePointId":null,"isFree":"false","isLeaf":"true","chapterFiles":null,"chapterExtends":null,"children":null,"nodeNum":0,"title":"Chapter 34 Ethical Consideration","id":"ff8080814dad5062014db32054be0248","published":true,"isTaskMode":true}],"nodeNum":0,"title":"PART E RECRUITING AND DEVELOPING EFFECTIVE EMPLOYEES","id":"ff8080814dad5062014db320543b0231","published":true,"isTaskMode":true}]},{"courseName":"CIMA Fundamentals of Business Economics \uff08C04\uff09","courseId":"ff8080814dc1dc4e014dff60fdc52868","subjectId":"ff8080814cd9d8e3014ce95d60e601b8","subjectName":"C04","categoryId":"ff8080814c7e36d9014c9c3219fa01a8","categoryName":"CIMA","chapterNum":"30","taskNum":"42","taskTotal":"42","teacherName":"Jeanne Ouyang","teacherImage":"\/upload\/201606\/8c991d5ce43144618de94dcf54fbaf20.png","teacherHonor":"\u6b27\u9633\u6653\u5a07","courseBackgroundImage":"\/upload\/201504\/0fdeb71e5e154a5fa256a0f8ba0f0c7c.jpg","createTime":1434508656,"lastModifyTime":1434508,"effectiveDay":180,"versionId":"ff8080814cd9d8e3014ce5f3f23001a8","courseModuleType":"KNOWLEDGE_MODULE","subjectIndex":40,"categoryIndex":25,"courseIndex":4,"availability":"","outline":"","coverPath":"\/upload\/201504\/0fdeb71e5e154a5fa256a0f8ba0f0c7c.jpg","bigCoverPath":"\/upload\/201607\/64db63707063480b9bdaeb3305d9bbc3.png","knowledgePointId":null,"isTaskMode":true,"nodeNum":1,"title":"CIMA Fundamentals of Business Economics \uff08C04\uff09","id":"ff8080814dc1dc4e014dff60fdc52868","children":[{"chapterTitle":"introduction","chapterId":"ff8080814dc1dc4e014dff60fdee2872","knowledgePointId":null,"isFree":"false","isLeaf":"false","tasks":null,"chapterFiles":null,"chapterExtends":null,"children":[{"chapterTitle":"introduction","chapterId":"ff8080814dc1dc4e014dff60fdf12873","knowledgePointId":null,"isFree":"true","isLeaf":"true","chapterFiles":null,"chapterExtends":null,"children":null,"nodeNum":0,"title":"introduction","id":"ff8080814dc1dc4e014dff60fdf12873","published":true,"isTaskMode":true}],"nodeNum":0,"title":"introduction","id":"ff8080814dc1dc4e014dff60fdee2872","published":true,"isTaskMode":true},{"chapterTitle":"PART A THE GOALS AND COMPETITIVE ENVIRONMENT ORGANIZATION","chapterId":"ff8080814dc1dc4e014dff60fdcc2869","knowledgePointId":null,"isFree":"false","isLeaf":"false","tasks":null,"chapterFiles":null,"chapterExtends":null,"children":[{"chapterTitle":"Chapter1 Goals of Organization and their Stakeholder","chapterId":"ff8080814dc1dc4e014dff60fdcf286a","knowledgePointId":null,"isFree":"true","isLeaf":"true","chapterFiles":null,"chapterExtends":null,"children":null,"nodeNum":"1","note":[{"id":"b26a9d3a610b11e6a34f00163e022e38","updateTime":1471061354,"contentSummary":"Civic guiding,do.xt.u trey!tx!upyrzrutu!ztux!u!f usfyyx","memberId":"8a22cc685215de9f01521b37b748020f","clientType":"iphone","imgPath":"","courseId":"ff8080814dc1dc4e014dff60fdc52868","charpterId":"ff8080814dc1dc4e014dff60fdcf286a","taskType":"exam","taskprogress":"21","taskId":"8a22ecb5545bfd8801545c3f3ec10038","soundPath":"","soundlen":"0","coursename":"CIMA Fundamentals of Business Economics \uff08C04\uff09","chaptername":"Chapter1 Goals of Organization and their Stakeholder","praiseCount":"0","favoriteCount":"0","clickCount":"0","nikeName":"Rainy","headImg":"\/upload\/avatar\/big_8a22cc685215de9f01521b37b748020f.jpg","userlevel":"0"}],"title":"Chapter1 Goals of Organization and their Stakeholder","id":"ff8080814dc1dc4e014dff60fdcf286a","published":true,"isTaskMode":true},{"chapterTitle":"Chapter 2 Measuring returns to shareholders","chapterId":"ff8080814dc1dc4e014dff60fdde286e","knowledgePointId":null,"isFree":"false","isLeaf":"true","chapterFiles":null,"chapterExtends":null,"children":null,"nodeNum":0,"title":"Chapter 2 Measuring returns to shareholders","id":"ff8080814dc1dc4e014dff60fdde286e","published":true,"isTaskMode":true}],"nodeNum":1,"title":"PART A THE GOALS AND COMPETITIVE ENVIRONMENT ORGANIZATION","id":"ff8080814dc1dc4e014dff60fdcc2869","published":true,"isTaskMode":true},{"chapterTitle":"PART B:THE MARKET SYSTEM AND COMPETITIVE PROCESS","chapterId":"ff8080814dc1dc4e014dff60fdfb2875","knowledgePointId":null,"isFree":"false","isLeaf":"false","tasks":null,"chapterFiles":null,"chapterExtends":null,"children":[{"chapterTitle":"Chapter 3 The market system 1 demand and supply","chapterId":"ff8080814dc1dc4e014dff60fe282876","knowledgePointId":null,"isFree":"false","isLeaf":"true","chapterFiles":null,"chapterExtends":null,"children":null,"nodeNum":0,"title":"Chapter 3 The market system 1 demand and supply","id":"ff8080814dc1dc4e014dff60fe282876","published":true,"isTaskMode":true},{"chapterTitle":"Chapter 4 The market system 2-price elasticity","chapterId":"ff8080814dc1dc4e014dff60fe38287a","knowledgePointId":null,"isFree":"false","isLeaf":"true","chapterFiles":null,"chapterExtends":null,"children":null,"nodeNum":0,"title":"Chapter 4 The market system 2-price elasticity","id":"ff8080814dc1dc4e014dff60fe38287a","published":true,"isTaskMode":true},{"chapterTitle":"Chapter 5 The market system","chapterId":"ff8080814dc1dc4e014dff60fe4c287e","knowledgePointId":null,"isFree":"false","isLeaf":"true","chapterFiles":null,"chapterExtends":null,"children":null,"nodeNum":0,"title":"Chapter 5 The market system","id":"ff8080814dc1dc4e014dff60fe4c287e","published":true,"isTaskMode":true},{"chapterTitle":"Chapter 6 Decision Making 1-cost behavior","chapterId":"ff8080814dc1dc4e014dff60fe5b2882","knowledgePointId":null,"isFree":"false","isLeaf":"true","chapterFiles":null,"chapterExtends":null,"children":null,"nodeNum":0,"title":"Chapter 6 Decision Making 1-cost behavior","id":"ff8080814dc1dc4e014dff60fe5b2882","published":true,"isTaskMode":true},{"chapterTitle":"Chapter 7 Decision Making 2-profit maximisation","chapterId":"ff8080814dc1dc4e014dff60fe6c2886","knowledgePointId":null,"isFree":"false","isLeaf":"true","chapterFiles":null,"chapterExtends":null,"children":null,"nodeNum":0,"title":"Chapter 7 Decision Making 2-profit maximisation","id":"ff8080814dc1dc4e014dff60fe6c2886","published":true,"isTaskMode":true},{"chapterTitle":"Chapter 8 Competiiton, market failures and government intervention","chapterId":"ff8080814dc1dc4e014dff60fe7d288a","knowledgePointId":null,"isFree":"false","isLeaf":"true","chapterFiles":null,"chapterExtends":null,"children":null,"nodeNum":0,"title":"Chapter 8 Competiiton, market failures and government intervention","id":"ff8080814dc1dc4e014dff60fe7d288a","published":true,"isTaskMode":true}],"nodeNum":0,"title":"PART B:THE MARKET SYSTEM AND COMPETITIVE PROCESS","id":"ff8080814dc1dc4e014dff60fdfb2875","published":true,"isTaskMode":true},{"chapterTitle":"PART C THE GOALS AND DECISIONS OF ORGAIZATION","chapterId":"ff8080814dc1dc4e014dff60fe972890","knowledgePointId":null,"isFree":"false","isLeaf":"false","tasks":null,"chapterFiles":null,"chapterExtends":null,"children":[{"chapterTitle":"Chapter 10 Financial system 2-domestic institutions and markets","chapterId":"ff8080814dc1dc4e014dff60fea92895","knowledgePointId":null,"isFree":"false","isLeaf":"true","chapterFiles":null,"chapterExtends":null,"children":null,"nodeNum":0,"title":"Chapter 10 Financial system 2-domestic institutions and markets","id":"ff8080814dc1dc4e014dff60fea92895","published":true,"isTaskMode":true},{"chapterTitle":"Chapter 11 Financial system 3-foreign exchange market","chapterId":"ff8080814dc1dc4e014dff60feb92899","knowledgePointId":null,"isFree":"false","isLeaf":"true","chapterFiles":null,"chapterExtends":null,"children":null,"nodeNum":0,"title":"Chapter 11 Financial system 3-foreign exchange market","id":"ff8080814dc1dc4e014dff60feb92899","published":true,"isTaskMode":true},{"chapterTitle":"Chapter 9 Financial system 1-functions of the financial system","chapterId":"ff8080814dc1dc4e014dff60fe9a2891","knowledgePointId":null,"isFree":"false","isLeaf":"true","chapterFiles":null,"chapterExtends":null,"children":null,"nodeNum":0,"title":"Chapter 9 Financial system 1-functions of the financial system","id":"ff8080814dc1dc4e014dff60fe9a2891","published":true,"isTaskMode":true}],"nodeNum":0,"title":"PART C THE GOALS AND DECISIONS OF ORGAIZATION","id":"ff8080814dc1dc4e014dff60fe972890","published":true,"isTaskMode":true},{"chapterTitle":"PART D THE MACROECONOMIC CONTEXT OF ORGANIZATION ","chapterId":"ff8080814dc1dc4e014dff60fec1289b","knowledgePointId":null,"isFree":"false","isLeaf":"false","tasks":null,"chapterFiles":null,"chapterExtends":null,"children":[{"chapterTitle":"Chapter 12 the macroeconomic context 1-the trade cycle","chapterId":"ff8080814dc1dc4e014dff60fec4289c","knowledgePointId":null,"isFree":"false","isLeaf":"true","chapterFiles":null,"chapterExtends":null,"children":null,"nodeNum":0,"title":"Chapter 12 the macroeconomic context 1-the trade cycle","id":"ff8080814dc1dc4e014dff60fec4289c","published":true,"isTaskMode":true},{"chapterTitle":"Chapter 13 the macroeconomic context 2-the role of government","chapterId":"ff8080814dc1dc4e014dff60fedf28a2","knowledgePointId":null,"isFree":"false","isLeaf":"true","chapterFiles":null,"chapterExtends":null,"children":null,"nodeNum":0,"title":"Chapter 13 the macroeconomic context 2-the role of government","id":"ff8080814dc1dc4e014dff60fedf28a2","published":true,"isTaskMode":true},{"chapterTitle":"Chapter 14 the international context","chapterId":"ff8080814dc1dc4e014dff60feef28a6","knowledgePointId":null,"isFree":"false","isLeaf":"true","chapterFiles":null,"chapterExtends":null,"children":null,"nodeNum":0,"title":"Chapter 14 the international context","id":"ff8080814dc1dc4e014dff60feef28a6","published":true,"isTaskMode":true}],"nodeNum":0,"title":"PART D THE MACROECONOMIC CONTEXT OF ORGANIZATION ","id":"ff8080814dc1dc4e014dff60fec1289b","published":true,"isTaskMode":true}]},{"courseName":"FRM Part I \u57fa\u7840\u8bfe","courseId":"8a22ecb5537864ee0153791d2014000c","subjectId":"8a22ecb5537864ee01537901cba30002","subjectName":"FRM Part I","categoryId":"8a22ecb5537864ee015378fa05a10001","categoryName":"FRM","chapterNum":"142","taskNum":"221","taskTotal":"221","teacherName":"FRM \u660e\u661f\u8bb2\u5e08\u56e2","teacherImage":"\/upload\/201412\/e5b55ad1a15448d5bf5f5d1d3ae8f59a.png","teacherHonor":"\u7a0b\u9ec4\u7ef4 \u6c6a\u5e86\u4e9a Jacky","courseBackgroundImage":"\/upload\/201705\/2b33e3992fb049b6a9ca71962a83d154.jpg","createTime":1458025865,"lastModifyTime":1458025,"effectiveDay":270,"versionId":"8a22ecb5537864ee0153791d2014000c","courseModuleType":"KNOWLEDGE_MODULE","subjectIndex":10,"categoryIndex":23,"courseIndex":2,"availability":"<p>\r\n\t2017\u5e74FRM P1\u8003\u7eb2\u53d8\u52a8\r\n<\/p>\r\n<p>\r\n\t\u98ce\u9669\u7ba1\u7406\u57fa\u7840 Foundations of Risk Management 20%\r\n<\/p>\r\n\u65b0\u589e\uff1a<br \/>\r\nMarkus K. Brunnermeier, 2009. \u201cDeciphering the Liquidity and Credit Crunch 2007\u20142008,\u201dGary Gorton and Andrew Metrick, 2012. \u201cGetting Up to Speed on the Financial Crisis: A One-Weekend- Reader\u2019s Guide,\u201d<br \/>\r\n\u5220\u9664\uff1a<br \/>\r\nThe Credit Crisis of 2007 <br \/>\r\nInformation Risk and Data Quality Management \uff08\u79fb\u52a8\u5230\u4e8c\u7ea7\u64cd\u4f5c\u98ce\u9669\uff09<br \/>\r\n\u5b9a\u91cf\u5206\u6790 Quantitative Analysis 20%<br \/>\r\n\u65b0\u589e\uff1a<br \/>\r\nModeling and Forecasting trend\uff0cSeasonality\uff0ccycles<br \/>\r\n\u9884\u6d4b\u4e09\u79cd\u65f6\u95f4\u65f6\u95f4\u5e8f\u5217\u6570\u636e\uff1a\u8d8b\u52bf\u6570\u636e\u3001\u5b63\u8282\u6027\u6570\u636e\u3001\u5468\u671f\u6027\u6570\u636e<br \/>\r\n\u53c2\u8003\u4e66\uff1aFrancis X. Diebold, Elements of Forecasting, 4th Edition (Mason, Ohio: Cengage Learning, 2006).<br \/>\r\nEstimating Volatilities \u4f30\u8ba1\u6ce2\u52a8\u7387<br \/>\r\n\u53c2\u8003\u4e66\u53d8\u52a8\uff0c\u6838\u5fc3\u77e5\u8bc6\u70b9\u5e76\u672a\u53d8\u52a8<br \/>\r\n\u53c2\u8003\u4e66\u53d8\u4e3a\uff1aJohn C. Hull, Risk Management and Financial Institutions, 4th Edition (Hoboken,NJ: John Wiley &amp; Sons, 2015).<br \/>\r\n\u91d1\u878d\u5e02\u573a\u4e0e\u4ea7\u54c1 Financial Markets and Products 30%<br \/>\r\n\u65b0\u589e\uff1a<br \/>\r\nChapter 2. Banks<br \/>\r\nChapter 3. Insurance Companies and Pension Plans<br \/>\r\nChapter 4. Mutual Funds and Hedge Funds<br \/>\r\n\u53c2\u8003\u4e66\uff1aJohn C. Hull, Risk Management and Financial Institutions, 4th Edition (Hoboken, NJ:John Wiley &amp; Sons, 2015)<br \/>\r\n\u5220\u9664\uff1a<br \/>\r\nIntroductions of CCP<br \/>\r\nThe Rating Agencies \u8bc4\u7ea7\u673a\u6784<br \/>\r\n\u4f30\u503c\u4e0e\u98ce\u9669\u6a21\u578b Valuation and Risk Models 30%<br \/>\r\nStress Testing \u538b\u529b\u6d4b\u8bd5<br \/>\r\n\u53c2\u8003\u4e66\u53d8\u52a8\uff0c\u77e5\u8bc6\u70b9\u6108\u52a0\u7cfb\u7edf\u8be6\u7ec6\u3002\u6838\u5fc3\u77e5\u8bc6\u70b9\u5e76\u672a\u53d8\u52a8<br \/>\r\n\u53c2\u8003\u4e66\u53d8\u4e3a\uff1aStress Testing: Approaches, Methods, and Applications, Edited by Akhtar Siddique and Iftekhar Hasan (London: Risk Books, 2013).<br \/>","outline":"","coverPath":"\/upload\/201705\/2b33e3992fb049b6a9ca71962a83d154.jpg","bigCoverPath":"\/upload\/201705\/85751c1b130d4b16957ca0699c73302a.png","knowledgePointId":"","isTaskMode":true,"nodeNum":1,"title":"FRM Part I \u57fa\u7840\u8bfe","id":"8a22ecb5537864ee0153791d2014000c","children":[{"chapterTitle":"Book 1: Foundations of Risk Management","chapterId":"8a22ecb5537864ee0153792a7319000d","knowledgePointId":null,"isFree":"false","isLeaf":"false","tasks":null,"chapterFiles":null,"chapterExtends":null,"children":[{"chapterTitle":"Topic 1 Risk Management: A Helicopter View","chapterId":"8a22ecb5537864ee01537959c1970017","knowledgePointId":null,"isFree":"true","isLeaf":"true","chapterFiles":null,"chapterExtends":null,"children":null,"nodeNum":"1","note":[{"id":"4ca9111a495611e6b04700163e022e38","updateTime":1468454568,"contentSummary":"Seeded cddsss","memberId":"8a22cc685215de9f01521b37b748020f","clientType":"iphone","imgPath":"","courseId":"8a22ecb5537864ee0153791d2014000c","charpterId":"8a22ecb5537864ee01537959c1970017","taskType":"video","taskprogress":"554","taskId":"8a22ecb553c543220153ca6675d70020","soundPath":"","soundlen":"0","coursename":"FRM Part I \u57fa\u7840\u8bfe","chaptername":"Topic 1 Risk Management: A Helicopter View","praiseCount":"0","favoriteCount":"0","clickCount":"0","nikeName":"Rainy","headImg":"\/upload\/avatar\/big_8a22cc685215de9f01521b37b748020f.jpg","userlevel":"0"}],"title":"Topic 1 Risk Management: A Helicopter View","id":"8a22ecb5537864ee01537959c1970017","published":true,"isTaskMode":true},{"chapterTitle":"Topic 2 Corporate Risk Management: A Primer","chapterId":"8a22ecb5537864ee0153795ad0490018","knowledgePointId":null,"isFree":"false","isLeaf":"true","chapterFiles":null,"chapterExtends":null,"children":null,"nodeNum":0,"title":"Topic 2 Corporate Risk Management: A Primer","id":"8a22ecb5537864ee0153795ad0490018","published":true,"isTaskMode":true},{"chapterTitle":"Topic 3 Corporate Governance and Risk Management","chapterId":"8a22ecb5537864ee0153795b0de90019","knowledgePointId":null,"isFree":"false","isLeaf":"true","chapterFiles":null,"chapterExtends":null,"children":null,"nodeNum":0,"title":"Topic 3 Corporate Governance and Risk Management","id":"8a22ecb5537864ee0153795b0de90019","published":true,"isTaskMode":true},{"chapterTitle":"Topic 4 What is ERM?","chapterId":"8a22ecb5537864ee0153795b5288001a","knowledgePointId":null,"isFree":"false","isLeaf":"true","chapterFiles":null,"chapterExtends":null,"children":null,"nodeNum":0,"title":"Topic 4 What is ERM?","id":"8a22ecb5537864ee0153795b5288001a","published":true,"isTaskMode":true},{"chapterTitle":"Topic 5 Risk-Taking and Risk Management by Banks","chapterId":"8a22ecb5537864ee0153795bce96001b","knowledgePointId":null,"isFree":"false","isLeaf":"true","chapterFiles":null,"chapterExtends":null,"children":null,"nodeNum":0,"title":"Topic 5 Risk-Taking and Risk Management by Banks","id":"8a22ecb5537864ee0153795bce96001b","published":true,"isTaskMode":true},{"chapterTitle":"Topic 6 Financial Disasters","chapterId":"8a22ecb5537864ee0153795c1ef2001c","knowledgePointId":null,"isFree":"false","isLeaf":"true","chapterFiles":null,"chapterExtends":null,"children":null,"nodeNum":0,"title":"Topic 6 Financial Disasters","id":"8a22ecb5537864ee0153795c1ef2001c","published":true,"isTaskMode":true},{"chapterTitle":"Topic 7 The Credit Crisis of 2007","chapterId":"8a22ecb5537864ee0153795ca766001d","knowledgePointId":null,"isFree":"false","isLeaf":"true","chapterFiles":null,"chapterExtends":null,"children":null,"nodeNum":0,"title":"Topic 7 The Credit Crisis of 2007","id":"8a22ecb5537864ee0153795ca766001d","published":true,"isTaskMode":true},{"chapterTitle":"Topic 8 Risk Management Failures: What Are They and When Do They Happen? Delineating Efficient Portfolios","chapterId":"8a22ecb5537864ee0153795cfb16001e","knowledgePointId":null,"isFree":"false","isLeaf":"true","chapterFiles":null,"chapterExtends":null,"children":null,"nodeNum":0,"title":"Topic 8 Risk Management Failures: What Are They and When Do They Happen? Delineating Efficient Portfolios","id":"8a22ecb5537864ee0153795cfb16001e","published":true,"isTaskMode":true},{"chapterTitle":"Topic 9 The Standard Capital Asset Pricing Model","chapterId":"8a22ecb5537864ee0153795d433d001f","knowledgePointId":null,"isFree":"false","isLeaf":"true","chapterFiles":null,"chapterExtends":null,"children":null,"nodeNum":0,"title":"Topic 9 The Standard Capital Asset Pricing Model","id":"8a22ecb5537864ee0153795d433d001f","published":true,"isTaskMode":true},{"chapterTitle":"Topic 10 Applying the CAPM to Performance Measurement: Single-Index Performance Measurement Indicators","chapterId":"8a22ecb5537864ee0153795d8a630020","knowledgePointId":null,"isFree":"false","isLeaf":"true","chapterFiles":null,"chapterExtends":null,"children":null,"nodeNum":0,"title":"Topic 10 Applying the CAPM to Performance Measurement: Single-Index Performance Measurement Indicators","id":"8a22ecb5537864ee0153795d8a630020","published":true,"isTaskMode":true},{"chapterTitle":"Topic 11 Arbitrage Pricing Theory and Multifactor Models of Risk and Return","chapterId":"8a22ecb5537864ee0153795dd6120021","knowledgePointId":null,"isFree":"false","isLeaf":"true","chapterFiles":null,"chapterExtends":null,"children":null,"nodeNum":0,"title":"Topic 11 Arbitrage Pricing Theory and Multifactor Models of Risk and Return","id":"8a22ecb5537864ee0153795dd6120021","published":true,"isTaskMode":true},{"chapterTitle":"Topic 12 Information Risk and Data Quality Management","chapterId":"8a22ecb5537864ee0153795e14ad0022","knowledgePointId":null,"isFree":"false","isLeaf":"true","chapterFiles":null,"chapterExtends":null,"children":null,"nodeNum":0,"title":"Topic 12 Information Risk and Data Quality Management","id":"8a22ecb5537864ee0153795e14ad0022","published":true,"isTaskMode":true},{"chapterTitle":"Topic 13 Principles for Effective Data Aggregation and Risk Reporting Data Aggregation and Risk Reporting","chapterId":"8a22ecb5537864ee0153795e59fc0023","knowledgePointId":null,"isFree":"false","isLeaf":"true","chapterFiles":null,"chapterExtends":null,"children":null,"nodeNum":0,"title":"Topic 13 Principles for Effective Data Aggregation and Risk Reporting Data Aggregation and Risk Reporting","id":"8a22ecb5537864ee0153795e59fc0023","published":true,"isTaskMode":true},{"chapterTitle":"Topic 14 GARP Code of Conduct","chapterId":"8a22ecb5537864ee0153795e99420024","knowledgePointId":null,"isFree":"false","isLeaf":"true","chapterFiles":null,"chapterExtends":null,"children":null,"nodeNum":0,"title":"Topic 14 GARP Code of Conduct","id":"8a22ecb5537864ee0153795e99420024","published":true,"isTaskMode":true}],"nodeNum":1,"title":"Book 1: Foundations of Risk Management","id":"8a22ecb5537864ee0153792a7319000d","published":true,"isTaskMode":true},{"chapterTitle":"BOOK 2:Quantitative Analysis","chapterId":"8a22ecb5537864ee0153792abec6000e","knowledgePointId":null,"isFree":"false","isLeaf":"false","tasks":null,"chapterFiles":null,"chapterExtends":null,"children":[{"chapterTitle":"Topic 1 Probabilities","chapterId":"8a22ecb5537864ee0153796098e30027","knowledgePointId":null,"isFree":"true","isLeaf":"true","chapterFiles":null,"chapterExtends":null,"children":null,"nodeNum":0,"title":"Topic 1 Probabilities","id":"8a22ecb5537864ee0153796098e30027","published":true,"isTaskMode":true},{"chapterTitle":"Topic 2 Basic Statistics","chapterId":"8a22ecb5537864ee0153796104a70028","knowledgePointId":null,"isFree":"false","isLeaf":"true","chapterFiles":null,"chapterExtends":null,"children":null,"nodeNum":0,"title":"Topic 2 Basic Statistics","id":"8a22ecb5537864ee0153796104a70028","published":true,"isTaskMode":true},{"chapterTitle":"Topic 3 Distributions","chapterId":"8a22ecb5537864ee01537965362b002b","knowledgePointId":null,"isFree":"false","isLeaf":"true","chapterFiles":null,"chapterExtends":null,"children":null,"nodeNum":0,"title":"Topic 3 Distributions","id":"8a22ecb5537864ee01537965362b002b","published":true,"isTaskMode":true},{"chapterTitle":"Topic 4 Bayesian Analysis","chapterId":"8a22ecb5537864ee01537965c538002c","knowledgePointId":null,"isFree":"false","isLeaf":"true","chapterFiles":null,"chapterExtends":null,"children":null,"nodeNum":0,"title":"Topic 4 Bayesian Analysis","id":"8a22ecb5537864ee01537965c538002c","published":true,"isTaskMode":true},{"chapterTitle":"Topic 5 Hypothesis Testing and Confidence Intervals","chapterId":"8a22ecb5537864ee01537966210d002d","knowledgePointId":null,"isFree":"false","isLeaf":"true","chapterFiles":null,"chapterExtends":null,"children":null,"nodeNum":0,"title":"Topic 5 Hypothesis Testing and Confidence Intervals","id":"8a22ecb5537864ee01537966210d002d","published":true,"isTaskMode":true},{"chapterTitle":"Topic 6 Correlations and Copulas","chapterId":"8a22ecb5537864ee01537966695f002e","knowledgePointId":null,"isFree":"false","isLeaf":"true","chapterFiles":null,"chapterExtends":null,"children":null,"nodeNum":0,"title":"Topic 6 Correlations and Copulas","id":"8a22ecb5537864ee01537966695f002e","published":true,"isTaskMode":true},{"chapterTitle":"Topic 7 Linear Regression with One Regressor","chapterId":"8a22ecb5537864ee01537966d0fc002f","knowledgePointId":null,"isFree":"false","isLeaf":"true","chapterFiles":null,"chapterExtends":null,"children":null,"nodeNum":0,"title":"Topic 7 Linear Regression with One Regressor","id":"8a22ecb5537864ee01537966d0fc002f","published":true,"isTaskMode":true},{"chapterTitle":"Topic 8 Regression with a Single Regressor: Hypothesis Tests and Confidence Intervals","chapterId":"8a22ecb5537864ee0153796804000030","knowledgePointId":null,"isFree":"false","isLeaf":"true","chapterFiles":null,"chapterExtends":null,"children":null,"nodeNum":0,"title":"Topic 8 Regression with a Single Regressor: Hypothesis Tests and Confidence Intervals","id":"8a22ecb5537864ee0153796804000030","published":true,"isTaskMode":true},{"chapterTitle":"Topic 9 Linear Regression with Multiple Regressors","chapterId":"8a22ecb5537864ee0153796851270031","knowledgePointId":null,"isFree":"false","isLeaf":"true","chapterFiles":null,"chapterExtends":null,"children":null,"nodeNum":0,"title":"Topic 9 Linear Regression with Multiple Regressors","id":"8a22ecb5537864ee0153796851270031","published":true,"isTaskMode":true},{"chapterTitle":"Topic 10 Hypothesis Tests and Confidence Intervals in Multiple Regression","chapterId":"8a22ecb5537864ee01537968b6d60032","knowledgePointId":null,"isFree":"false","isLeaf":"true","chapterFiles":null,"chapterExtends":null,"children":null,"nodeNum":0,"title":"Topic 10 Hypothesis Tests and Confidence Intervals in Multiple Regression","id":"8a22ecb5537864ee01537968b6d60032","published":true,"isTaskMode":true},{"chapterTitle":"Topic 11 Modeling and Forecasting Trend","chapterId":"8a22ecb5537864ee015379690c0c0033","knowledgePointId":null,"isFree":"false","isLeaf":"true","chapterFiles":null,"chapterExtends":null,"children":null,"nodeNum":0,"title":"Topic 11 Modeling and Forecasting Trend","id":"8a22ecb5537864ee015379690c0c0033","published":true,"isTaskMode":true},{"chapterTitle":"Topic 12 Characterizing Cycles","chapterId":"8a22ecb5537864ee015379699bf00034","knowledgePointId":null,"isFree":"false","isLeaf":"true","chapterFiles":null,"chapterExtends":null,"children":null,"nodeNum":0,"title":"Topic 12 Characterizing Cycles","id":"8a22ecb5537864ee015379699bf00034","published":true,"isTaskMode":true},{"chapterTitle":"Topic 13 Modeling Cycles: MA, AR, and ARMA Models","chapterId":"8a22ecb5537864ee01537969eeb70035","knowledgePointId":null,"isFree":"false","isLeaf":"true","chapterFiles":null,"chapterExtends":null,"children":null,"nodeNum":0,"title":"Topic 13 Modeling Cycles: MA, AR, and ARMA Models","id":"8a22ecb5537864ee01537969eeb70035","published":true,"isTaskMode":true},{"chapterTitle":"Topic 14 Estimating Volatilities and Correlations for Risk Management","chapterId":"8a22ecb5537864ee0153796a5f4f0036","knowledgePointId":null,"isFree":"false","isLeaf":"true","chapterFiles":null,"chapterExtends":null,"children":null,"nodeNum":0,"title":"Topic 14 Estimating Volatilities and Correlations for Risk Management","id":"8a22ecb5537864ee0153796a5f4f0036","published":true,"isTaskMode":true},{"chapterTitle":"Topic 15 Simulation Methods","chapterId":"8a22ecb5537864ee0153796b56d90037","knowledgePointId":null,"isFree":"false","isLeaf":"true","chapterFiles":null,"chapterExtends":null,"children":null,"nodeNum":0,"title":"Topic 15 Simulation Methods","id":"8a22ecb5537864ee0153796b56d90037","published":true,"isTaskMode":true}],"nodeNum":0,"title":"BOOK 2:Quantitative Analysis","id":"8a22ecb5537864ee0153792abec6000e","published":true,"isTaskMode":true},{"chapterTitle":"Book 3: Financial Markets and Products","chapterId":"8a22ecb5537864ee0153792ae9a6000f","knowledgePointId":null,"isFree":"false","isLeaf":"false","tasks":null,"chapterFiles":null,"chapterExtends":null,"children":[{"chapterTitle":"1. Overview","chapterId":"8a22ecb55aa7aa10015aca71dc8b0bee","knowledgePointId":"","isFree":"false","isLeaf":"true","chapterFiles":null,"chapterExtends":null,"children":null,"nodeNum":0,"title":"1. Overview","id":"8a22ecb55aa7aa10015aca71dc8b0bee","published":true,"isTaskMode":true},{"chapterTitle":"2. Derivative introduction","chapterId":"8a22ecb55aa7aa10015aca7232c50bef","knowledgePointId":"","isFree":"false","isLeaf":"true","chapterFiles":null,"chapterExtends":null,"children":null,"nodeNum":0,"title":"2. Derivative introduction","id":"8a22ecb55aa7aa10015aca7232c50bef","published":true,"isTaskMode":true},{"chapterTitle":"3. Mechanism of futures contract ","chapterId":"8a22ecb55aa7aa10015aca7275830bf0","knowledgePointId":"","isFree":"false","isLeaf":"true","chapterFiles":null,"chapterExtends":null,"children":null,"nodeNum":0,"title":"3. Mechanism of futures contract ","id":"8a22ecb55aa7aa10015aca7275830bf0","published":true,"isTaskMode":true},{"chapterTitle":"4. Hedging strategy using futures contract  ","chapterId":"8a22ecb55aa7aa10015aca754f5e0bf1","knowledgePointId":"","isFree":"false","isLeaf":"true","chapterFiles":null,"chapterExtends":null,"children":null,"nodeNum":0,"title":"4. Hedging strategy using futures contract  ","id":"8a22ecb55aa7aa10015aca754f5e0bf1","published":true,"isTaskMode":true},{"chapterTitle":"5. Interest rate","chapterId":"8a22ecb55aa7aa10015aca757b920bf2","knowledgePointId":"","isFree":"false","isLeaf":"true","chapterFiles":null,"chapterExtends":null,"children":null,"nodeNum":0,"title":"5. Interest rate","id":"8a22ecb55aa7aa10015aca757b920bf2","published":true,"isTaskMode":true},{"chapterTitle":"6. Determination od forward and futures price","chapterId":"8a22ecb55aa7aa10015aca75b7e70bf3","knowledgePointId":"","isFree":"false","isLeaf":"true","chapterFiles":null,"chapterExtends":null,"children":null,"nodeNum":0,"title":"6. Determination od forward and futures price","id":"8a22ecb55aa7aa10015aca75b7e70bf3","published":true,"isTaskMode":true},{"chapterTitle":"7. Interest rate futures","chapterId":"8a22ecb55aa7aa10015aca75fa590bf4","knowledgePointId":"","isFree":"false","isLeaf":"true","chapterFiles":null,"chapterExtends":null,"children":null,"nodeNum":0,"title":"7. Interest rate futures","id":"8a22ecb55aa7aa10015aca75fa590bf4","published":true,"isTaskMode":true},{"chapterTitle":"8. Swap","chapterId":"8a22ecb55aa7aa10015aca763f5f0bf5","knowledgePointId":"","isFree":"false","isLeaf":"true","chapterFiles":null,"chapterExtends":null,"children":null,"nodeNum":0,"title":"8. Swap","id":"8a22ecb55aa7aa10015aca763f5f0bf5","published":true,"isTaskMode":true},{"chapterTitle":"9. Mechanism of Option market","chapterId":"8a22ecb55aa7aa10015aca7671cf0bf6","knowledgePointId":"","isFree":"false","isLeaf":"true","chapterFiles":null,"chapterExtends":null,"children":null,"nodeNum":0,"title":"9. Mechanism of Option market","id":"8a22ecb55aa7aa10015aca7671cf0bf6","published":true,"isTaskMode":true},{"chapterTitle":"10. Property of stock option","chapterId":"8a22ecb55aa7aa10015aca76a89d0bf7","knowledgePointId":"","isFree":"false","isLeaf":"true","chapterFiles":null,"chapterExtends":null,"children":null,"nodeNum":0,"title":"10. Property of stock option","id":"8a22ecb55aa7aa10015aca76a89d0bf7","published":true,"isTaskMode":true},{"chapterTitle":"11. Trading strategy for Option","chapterId":"8a22ecb55aa7aa10015aca76dbda0bf8","knowledgePointId":"","isFree":"false","isLeaf":"true","chapterFiles":null,"chapterExtends":null,"children":null,"nodeNum":0,"title":"11. Trading strategy for Option","id":"8a22ecb55aa7aa10015aca76dbda0bf8","published":true,"isTaskMode":true},{"chapterTitle":"12. Exotic option","chapterId":"8a22ecb55aa7aa10015aca7718a50bf9","knowledgePointId":"","isFree":"false","isLeaf":"true","chapterFiles":null,"chapterExtends":null,"children":null,"nodeNum":0,"title":"12. Exotic option","id":"8a22ecb55aa7aa10015aca7718a50bf9","published":true,"isTaskMode":true},{"chapterTitle":"13. Commodity forward and futures ","chapterId":"8a22ecb55aa7aa10015aca7748300bfa","knowledgePointId":"","isFree":"false","isLeaf":"true","chapterFiles":null,"chapterExtends":null,"children":null,"nodeNum":0,"title":"13. Commodity forward and futures ","id":"8a22ecb55aa7aa10015aca7748300bfa","published":true,"isTaskMode":true},{"chapterTitle":"14. Foreign exchange risk","chapterId":"8a22ecb55aa7aa10015aca7773bb0bfb","knowledgePointId":"","isFree":"false","isLeaf":"true","chapterFiles":null,"chapterExtends":null,"children":null,"nodeNum":0,"title":"14. Foreign exchange risk","id":"8a22ecb55aa7aa10015aca7773bb0bfb","published":true,"isTaskMode":true},{"chapterTitle":"15. bond introduction","chapterId":"8a22ecb55aa7aa10015aca77a1770bfc","knowledgePointId":"","isFree":"false","isLeaf":"true","chapterFiles":null,"chapterExtends":null,"children":null,"nodeNum":0,"title":"15. bond introduction","id":"8a22ecb55aa7aa10015aca77a1770bfc","published":true,"isTaskMode":true},{"chapterTitle":"16. Mortage and MBS","chapterId":"8a22ecb55aa7aa10015aca77d29a0bfd","knowledgePointId":"","isFree":"false","isLeaf":"true","chapterFiles":null,"chapterExtends":null,"children":null,"nodeNum":0,"title":"16. Mortage and MBS","id":"8a22ecb55aa7aa10015aca77d29a0bfd","published":true,"isTaskMode":true},{"chapterTitle":"17. Credit risk","chapterId":"8a22ecb55aa7aa10015aca7818e00bfe","knowledgePointId":"","isFree":"false","isLeaf":"true","chapterFiles":null,"chapterExtends":null,"children":null,"nodeNum":0,"title":"17. Credit risk","id":"8a22ecb55aa7aa10015aca7818e00bfe","published":true,"isTaskMode":true},{"chapterTitle":"18. CCP Introduction","chapterId":"8a22ecb55aa7aa10015aca7880be0bff","knowledgePointId":"","isFree":"false","isLeaf":"true","chapterFiles":null,"chapterExtends":null,"children":null,"nodeNum":0,"title":"18. CCP Introduction","id":"8a22ecb55aa7aa10015aca7880be0bff","published":true,"isTaskMode":true},{"chapterTitle":"19. Exchange, OTC, DPC and SPV","chapterId":"8a22ecb55aa7aa10015aca78bce60c00","knowledgePointId":"","isFree":"false","isLeaf":"true","chapterFiles":null,"chapterExtends":null,"children":null,"nodeNum":0,"title":"19. Exchange, OTC, DPC and SPV","id":"8a22ecb55aa7aa10015aca78bce60c00","published":true,"isTaskMode":true},{"chapterTitle":"20. Principle of central clearing","chapterId":"8a22ecb55aa7aa10015aca7901070c01","knowledgePointId":"","isFree":"false","isLeaf":"true","chapterFiles":null,"chapterExtends":null,"children":null,"nodeNum":0,"title":"20. Principle of central clearing","id":"8a22ecb55aa7aa10015aca7901070c01","published":true,"isTaskMode":true},{"chapterTitle":"2017\u5927\u7eb2\u65b0\u589e\u5185\u5bb9BOOK 3","chapterId":"8a22ecb55bd1ca3e015bf611bfc500f2","knowledgePointId":"","isFree":"false","isLeaf":"true","chapterFiles":null,"chapterExtends":null,"children":null,"nodeNum":0,"title":"2017\u5927\u7eb2\u65b0\u589e\u5185\u5bb9BOOK 3","id":"8a22ecb55bd1ca3e015bf611bfc500f2","published":true,"isTaskMode":true}],"nodeNum":0,"title":"Book 3: Financial Markets and Products","id":"8a22ecb5537864ee0153792ae9a6000f","published":true,"isTaskMode":true},{"chapterTitle":"Book 4:Valuation and Risk Models","chapterId":"8a22ecb5537864ee0153792b1a030010","knowledgePointId":null,"isFree":"false","isLeaf":"false","tasks":null,"chapterFiles":null,"chapterExtends":null,"children":[{"chapterTitle":"1. Introduction","chapterId":"8a22ecb55aeff242015afe56bc0001a0","knowledgePointId":"","isFree":"true","isLeaf":"true","chapterFiles":null,"chapterExtends":null,"children":null,"nodeNum":0,"title":"1. Introduction","id":"8a22ecb55aeff242015afe56bc0001a0","published":true,"isTaskMode":true},{"chapterTitle":"2. Price\uff0cdiscounts and arbitrage","chapterId":"8a22ecb55aeff242015afe570f9f01a1","knowledgePointId":"","isFree":"false","isLeaf":"true","chapterFiles":null,"chapterExtends":null,"children":null,"nodeNum":0,"title":"2. Price\uff0cdiscounts and arbitrage","id":"8a22ecb55aeff242015afe570f9f01a1","published":true,"isTaskMode":true},{"chapterTitle":"3. Spot, Forward and par values","chapterId":"8a22ecb55aeff242015afe5744b601a2","knowledgePointId":"","isFree":"false","isLeaf":"true","chapterFiles":null,"chapterExtends":null,"children":null,"nodeNum":0,"title":"3. Spot, Forward and par values","id":"8a22ecb55aeff242015afe5744b601a2","published":true,"isTaskMode":true},{"chapterTitle":"4. Returns, spreads,yields","chapterId":"8a22ecb55aeff242015afe57794301a3","knowledgePointId":"","isFree":"false","isLeaf":"true","chapterFiles":null,"chapterExtends":null,"children":null,"nodeNum":0,"title":"4. Returns, spreads,yields","id":"8a22ecb55aeff242015afe57794301a3","published":true,"isTaskMode":true},{"chapterTitle":"5. One factor risk metrics and hedge","chapterId":"8a22ecb55aeff242015afe57b5cf01a4","knowledgePointId":"","isFree":"false","isLeaf":"true","chapterFiles":null,"chapterExtends":null,"children":null,"nodeNum":0,"title":"5. One factor risk metrics and hedge","id":"8a22ecb55aeff242015afe57b5cf01a4","published":true,"isTaskMode":true},{"chapterTitle":"6. Multi factor risk metrics and hedge","chapterId":"8a22ecb55aeff242015afe57e9aa01a5","knowledgePointId":"","isFree":"false","isLeaf":"true","chapterFiles":null,"chapterExtends":null,"children":null,"nodeNum":0,"title":"6. Multi factor risk metrics and hedge","id":"8a22ecb55aeff242015afe57e9aa01a5","published":true,"isTaskMode":true},{"chapterTitle":"7. Derivative introduction","chapterId":"8a22ecb55aeff242015afe58221701a6","knowledgePointId":"","isFree":"false","isLeaf":"true","chapterFiles":null,"chapterExtends":null,"children":null,"nodeNum":0,"title":"7. Derivative introduction","id":"8a22ecb55aeff242015afe58221701a6","published":true,"isTaskMode":true},{"chapterTitle":"8. Option Basics  ","chapterId":"8a22ecb55aeff242015afe585b0501a7","knowledgePointId":"","isFree":"false","isLeaf":"true","chapterFiles":null,"chapterExtends":null,"children":null,"nodeNum":0,"title":"8. Option Basics  ","id":"8a22ecb55aeff242015afe585b0501a7","published":true,"isTaskMode":true},{"chapterTitle":"9. Binomial model","chapterId":"8a22ecb55aeff242015afe5887ed01a8","knowledgePointId":"","isFree":"false","isLeaf":"true","chapterFiles":null,"chapterExtends":null,"children":null,"nodeNum":0,"title":"9. Binomial model","id":"8a22ecb55aeff242015afe5887ed01a8","published":true,"isTaskMode":true},{"chapterTitle":"10. BSM model","chapterId":"8a22ecb55aeff242015afe58c25001a9","knowledgePointId":"","isFree":"false","isLeaf":"true","chapterFiles":null,"chapterExtends":null,"children":null,"nodeNum":0,"title":"10. BSM model","id":"8a22ecb55aeff242015afe58c25001a9","published":true,"isTaskMode":true},{"chapterTitle":"11.Greek letter","chapterId":"8a22ecb55aeff242015afe59038601aa","knowledgePointId":"","isFree":"false","isLeaf":"true","chapterFiles":null,"chapterExtends":null,"children":null,"nodeNum":0,"title":"11.Greek letter","id":"8a22ecb55aeff242015afe59038601aa","published":true,"isTaskMode":true},{"chapterTitle":"12 VAR method","chapterId":"8a22ecb55aeff242015afe593f2901ab","knowledgePointId":"","isFree":"false","isLeaf":"true","chapterFiles":null,"chapterExtends":null,"children":null,"nodeNum":0,"title":"12 VAR method","id":"8a22ecb55aeff242015afe593f2901ab","published":true,"isTaskMode":true},{"chapterTitle":"13 Measures of financial risk ","chapterId":"8a22ecb55aeff242015afe5989d501ac","knowledgePointId":"","isFree":"false","isLeaf":"true","chapterFiles":null,"chapterExtends":null,"children":null,"nodeNum":0,"title":"13 Measures of financial risk ","id":"8a22ecb55aeff242015afe5989d501ac","published":true,"isTaskMode":true},{"chapterTitle":"14. Put VAR to work","chapterId":"8a22ecb55aeff242015afe59b40801ad","knowledgePointId":"","isFree":"false","isLeaf":"true","chapterFiles":null,"chapterExtends":null,"children":null,"nodeNum":0,"title":"14. Put VAR to work","id":"8a22ecb55aeff242015afe59b40801ad","published":true,"isTaskMode":true},{"chapterTitle":"15 Quantify volatility in VAR model","chapterId":"8a22ecb55aeff242015afe59e92c01ae","knowledgePointId":"","isFree":"false","isLeaf":"true","chapterFiles":null,"chapterExtends":null,"children":null,"nodeNum":0,"title":"15 Quantify volatility in VAR model","id":"8a22ecb55aeff242015afe59e92c01ae","published":true,"isTaskMode":true},{"chapterTitle":"16. Internal and external rating","chapterId":"8a22ecb55aeff242015afe5a219001af","knowledgePointId":"","isFree":"false","isLeaf":"true","chapterFiles":null,"chapterExtends":null,"children":null,"nodeNum":0,"title":"16. Internal and external rating","id":"8a22ecb55aeff242015afe5a219001af","published":true,"isTaskMode":true},{"chapterTitle":"17 Capital structure in bank","chapterId":"8a22ecb55aeff242015afe5a4a6401b0","knowledgePointId":"","isFree":"false","isLeaf":"true","chapterFiles":null,"chapterExtends":null,"children":null,"nodeNum":0,"title":"17 Capital structure in bank","id":"8a22ecb55aeff242015afe5a4a6401b0","published":true,"isTaskMode":true},{"chapterTitle":"18 Country risk","chapterId":"8a22ecb55aeff242015afe5a803b01b1","knowledgePointId":"","isFree":"false","isLeaf":"true","chapterFiles":null,"chapterExtends":null,"children":null,"nodeNum":0,"title":"18 Country risk","id":"8a22ecb55aeff242015afe5a803b01b1","published":true,"isTaskMode":true},{"chapterTitle":"19 Operational risk","chapterId":"8a22ecb5537864ee015379782bdd0050","knowledgePointId":"","isFree":"false","isLeaf":"true","chapterFiles":null,"chapterExtends":null,"children":null,"nodeNum":0,"title":"19 Operational risk","id":"8a22ecb5537864ee015379782bdd0050","published":true,"isTaskMode":true},{"chapterTitle":"20. Stress testing","chapterId":"8a22ecb55aeff242015afe5aceae01b2","knowledgePointId":"","isFree":"false","isLeaf":"true","chapterFiles":null,"chapterExtends":null,"children":null,"nodeNum":0,"title":"20. Stress testing","id":"8a22ecb55aeff242015afe5aceae01b2","published":true,"isTaskMode":true},{"chapterTitle":"2017\u5927\u7eb2\u65b0\u589e\u5185\u5bb9BOOK 4","chapterId":"8a22ecb55bd1ca3e015bf612696e00f3","knowledgePointId":"","isFree":"false","isLeaf":"true","chapterFiles":null,"chapterExtends":null,"children":null,"nodeNum":0,"title":"2017\u5927\u7eb2\u65b0\u589e\u5185\u5bb9BOOK 4","id":"8a22ecb55bd1ca3e015bf612696e00f3","published":true,"isTaskMode":true}],"nodeNum":0,"title":"Book 4:Valuation and Risk Models","id":"8a22ecb5537864ee0153792b1a030010","published":true,"isTaskMode":true}]}],"state":"success","msg":""}