{"data":{"total":33,"courselist":[{"categoryIndex":"5","taskTotal":"36","isU":3,"courseGroupId":"4cd566674e49cf9fd5f7d3d323e5a6f3","courseId":"8a22ecb55e755132015ec0efad31024d","outline":"","teacherName":"Amy Liu","lock_date":null,"orderID_item_id":"2d112dbe2d022d183500d9b5ff194c84","categoryName":"ACCA","actimode":0,"subjectName":"FA","courseIndex":"1","subjectID":"ff808081473905e701476252b4390073","lock_status":0,"shopCategoryExtendId":"27df71bfc55ad79e3dc89d47b0223c4c","teacherHonor":"十年教龄，ACCA金牌讲师","courseSource":"zhongbo","availability":"","expirationDate":365,"categoryId":"ff808081473905e701475cd3c2080001","courseBkImage":"/upload/admin/201901/0a381e8dabb5c3936124fb0334520b75.jpg","shopCategoryExtendName":"ACCA EZ课程","expirationTime":null,"teacherImage":"/upload/201711/f094970bd9da4b4e88126dd75bfa41f3.jpg","versionId":"ff808081486933e60148897bb8480584","subjectIndex":"4","courseName":"复习串讲-ACCA F3 Financial Accounting","isGive":0},{"categoryIndex":"150","taskTotal":"15","isU":2,"courseGroupId":"8a22cc685c3379ab015c48b1070c0227","courseId":"8a22ecb55dc01606015dcee7634f003b","outline":"","teacherName":"黄新元","lock_date":null,"orderID_item_id":"335e92532f4d163690e8c4ad9281b8a3","categoryName":"CICPA","actimode":0,"subjectName":"经济法","courseIndex":"1","subjectID":"8a22cc685c3379ab015c39484d8b0008","lock_status":0,"shopCategoryExtendId":"1c10aeb2b0555ce69b5701df431a35e9","teacherHonor":"CPA高级讲师","courseSource":"zhongbo","availability":"","expirationDate":370,"categoryId":"8a22ecb5560c52c901562b80c6f00061","courseBkImage":"/upload/admin/201712/066113504c18693ca2cd9c3389784e9b.jpg","shopCategoryExtendName":"CICPA签约通关网络课程","expirationTime":null,"teacherImage":"/upload/201705/29d4f9d0383b4d2487eb40ef6fdf4016.jpg","versionId":"8a22ecb55dc01606015dcee7634f003b","subjectIndex":"70","courseName":"CPA 经济法 习题课","isGive":0},{"categoryIndex":"150","taskTotal":"48","isU":2,"courseGroupId":"8a22ecb556b580ba0156daa6d7fe0227","courseId":"8a22ecb5576add0201577409025c0046","outline":"","teacherName":"孙孝群","lock_date":null,"orderID_item_id":"acbf65c692314245cf9ce84c55ac7ca5","categoryName":"CICPA","actimode":0,"subjectName":"税法","courseIndex":"2","subjectID":"8a22ecb5560c52c901562b83332e0063","lock_status":0,"shopCategoryExtendId":"1c10aeb2b0555ce69b5701df431a35e9","teacherHonor":"CPA高级讲师","courseSource":"zhongbo","availability":"","expirationDate":370,"categoryId":"8a22ecb5560c52c901562b80c6f00061","courseBkImage":"/upload/admin/201712/9bc74c6497b9a1c7f6c0684195c3de80.jpg","shopCategoryExtendName":"CICPA签约通关网络课程","expirationTime":null,"teacherImage":"/upload/201607/0efe9018a47244ad9f2c521e831a67dd.png","versionId":"8a22ecb5576add0201577409025c0046","subjectIndex":"40","courseName":"CPA 税法 串讲课","isGive":0},{"categoryIndex":"5","taskTotal":"70","isU":3,"courseGroupId":"968afad6ce9ecde4740b4fda3e2d1046","courseId":"8a22ecb55e755132015e8323942a00a8","outline":"","teacherName":"Anthony Tao","lock_date":null,"orderID_item_id":"92807b3ea0b9f52a58529bab3872634a","categoryName":"ACCA","actimode":0,"subjectName":"LW","courseIndex":"1","subjectID":"ff808081473905e70147625307e90074","lock_status":0,"shopCategoryExtendId":"27df71bfc55ad79e3dc89d47b0223c4c","teacherHonor":"六年教龄，ACCA金牌讲师","courseSource":"zhongbo","availability":"","expirationDate":365,"categoryId":"ff808081473905e701475cd3c2080001","courseBkImage":"/upload/admin/201901/243e3200d192b204534c61f379dfec48.jpg","shopCategoryExtendName":"ACCA EZ课程","expirationTime":null,"teacherImage":"/upload/201606/6e88fecb3e544a61a1e796f112dec1a1.png","versionId":"ff808081486933e60148897e6bf90586","subjectIndex":"5","courseName":"复习串讲-ACCA F4 Corporate and Business Law","isGive":0},{"categoryIndex":"150","taskTotal":"15","isU":2,"courseGroupId":"8a22ecb556b580ba0156daa6d7fe0227","courseId":"8a22ecb5576add0201577405ecab0045","outline":"","teacherName":"孙孝群","lock_date":null,"orderID_item_id":"acbf65c692314245cf9ce84c55ac7ca5","categoryName":"CICPA","actimode":0,"subjectName":"税法","courseIndex":"3","subjectID":"8a22ecb5560c52c901562b83332e0063","lock_status":0,"shopCategoryExtendId":"1c10aeb2b0555ce69b5701df431a35e9","teacherHonor":"CPA高级讲师","courseSource":"zhongbo","availability":"","expirationDate":370,"categoryId":"8a22ecb5560c52c901562b80c6f00061","courseBkImage":"/upload/admin/201712/03ae2831e6428907ca7a6766925438c0.jpg","shopCategoryExtendName":"CICPA签约通关网络课程","expirationTime":null,"teacherImage":"/upload/201607/0efe9018a47244ad9f2c521e831a67dd.png","versionId":"8a22ecb5576add0201577405ecab0045","subjectIndex":"40","courseName":"CPA 税法 习题课","isGive":0},{"categoryIndex":"150","taskTotal":"43","isU":2,"courseGroupId":"8a22ecb556b580ba0156daa8d91f0228","courseId":"8a22ecb5576add02015773fd91430043","outline":"","teacherName":"柳豆豆","lock_date":null,"orderID_item_id":"b6da0009bb444e54514d79cf4e947d3a","categoryName":"CICPA","actimode":0,"subjectName":"财务成本管理","courseIndex":"3","subjectID":"8a22ecb5560c52c901562b8467dd0064","lock_status":0,"shopCategoryExtendId":"1c10aeb2b0555ce69b5701df431a35e9","teacherHonor":"CPA高级讲师","courseSource":"zhongbo","availability":"","expirationDate":370,"categoryId":"8a22ecb5560c52c901562b80c6f00061","courseBkImage":"/upload/admin/201712/f8913aaf93f8b5a760077d3b12f5abb2.jpg","shopCategoryExtendName":"CICPA签约通关网络课程","expirationTime":null,"teacherImage":"/upload/201607/95032916d79146928118cc61cfb9f417.png","versionId":"8a22ecb5576add02015773fd91430043","subjectIndex":"30","courseName":"CPA 财务成本管理 习题课","isGive":0},{"categoryIndex":"150","taskTotal":"16","isU":2,"courseGroupId":"8a22ecb556b580ba0156daaa1b2a0229","courseId":"8a22ecb5576add02015773edfacb0041","outline":"","teacherName":"张亮","lock_date":null,"orderID_item_id":"4dba83590859f4a7dad9a9bb3e632350","categoryName":"CICPA","actimode":0,"subjectName":"会计","courseIndex":"3","subjectID":"8a22ecb5560c52c901562b82b91b0062","lock_status":0,"shopCategoryExtendId":"1c10aeb2b0555ce69b5701df431a35e9","teacherHonor":"CPA高级讲师","courseSource":"zhongbo","availability":"","expirationDate":370,"categoryId":"8a22ecb5560c52c901562b80c6f00061","courseBkImage":"/upload/admin/201712/fc9894774d64b8972eb052284a0b26ca.jpg","shopCategoryExtendName":"CICPA签约通关网络课程","expirationTime":null,"teacherImage":"/upload/201607/c4bd3669e96a4466bb039b92967fc576.png","versionId":"8a22ecb5576add02015773edfacb0041","subjectIndex":"10","courseName":"CPA 会计 习题课","isGive":0},{"categoryIndex":"20","taskTotal":"643","isU":2,"courseGroupId":"8a22ecb5556cd33201557097a0ad0021","courseId":"8a22ecb55aa7aa10015ac678caff0a7a","outline":"","teacherName":"CFA明星讲师团","lock_date":null,"orderID_item_id":"af0885352de012cac62196eba3f98033","categoryName":"CFA","actimode":0,"subjectName":"Level I","courseIndex":"1","subjectID":"8a22ecb5527d453f01527d4b0e500001","lock_status":0,"shopCategoryExtendId":"2bde48e0a24c67038dc7aae89521710b","teacherHonor":"","courseSource":"zhongbo","availability":"","expirationDate":365,"categoryId":"ff80808149cc09f70149f3e7b9534654","courseBkImage":"/upload/201712/cc90247f683a4e578992f078a668b9ee.jpg","shopCategoryExtendName":"CFA中文网络课程","expirationTime":null,"teacherImage":"/upload/201412/e5b55ad1a15448d5bf5f5d1d3ae8f59a.png","versionId":"ff8080814a04df96014a3d8e4f6a067a","subjectIndex":"50","courseName":"CFA Level 1","isGive":0},{"categoryIndex":"20","taskTotal":"56","isU":2,"courseGroupId":"8a22ecb5556cd33201557097a0ad0021","courseId":"8a22ecb554f07f7101550106b6c90014","outline":"","teacherName":"CFA明星讲师团","lock_date":null,"orderID_item_id":"af0885352de012cac62196eba3f98033","categoryName":"CFA","actimode":0,"subjectName":"Level Ⅱ","courseIndex":"10","subjectID":"8a22ecb554f07f710155010615cb0013","lock_status":0,"shopCategoryExtendId":"2bde48e0a24c67038dc7aae89521710b","teacherHonor":"","courseSource":"zhongbo","availability":"","expirationDate":365,"categoryId":"ff80808149cc09f70149f3e7b9534654","courseBkImage":"/upload/201712/3866b59cc7804deda2a648bc7935d202.jpg","shopCategoryExtendName":"CFA中文网络课程","expirationTime":null,"teacherImage":"/upload/201412/e5b55ad1a15448d5bf5f5d1d3ae8f59a.png","versionId":"8a22ecb554f07f7101550106b6c90014","subjectIndex":"50","courseName":"CFA L2 前导课","isGive":0},{"categoryIndex":"20","taskTotal":"714","isU":2,"courseGroupId":"8a22ecb5556cd33201557097a0ad0021","courseId":"8a22ecb55902cff6015971982248047f","outline":"","teacherName":"CFA明星讲师团","lock_date":null,"orderID_item_id":"af0885352de012cac62196eba3f98033","categoryName":"CFA","actimode":0,"subjectName":"Level Ⅱ","courseIndex":"1","subjectID":"8a22ecb554f07f710155010615cb0013","lock_status":0,"shopCategoryExtendId":"2bde48e0a24c67038dc7aae89521710b","teacherHonor":"","courseSource":"zhongbo","availability":"","expirationDate":365,"categoryId":"ff80808149cc09f70149f3e7b9534654","courseBkImage":"/upload/201712/3d3313e2ecf34f08a471aee12bb99259.jpg","shopCategoryExtendName":"CFA中文网络课程","expirationTime":null,"teacherImage":"/upload/201412/e5b55ad1a15448d5bf5f5d1d3ae8f59a.png","versionId":"8a22ecb5566c7aea015673e339a300cd","subjectIndex":"50","courseName":"2016 CFA L2 基础课","isGive":0},{"categoryIndex":"150","taskTotal":"27","isU":2,"courseGroupId":"8a22cc685c3379ab015c427b73c800d4","courseId":"e51c7563046b1c2cd7b59f67ea49cb5f","outline":"","teacherName":"孙孝群","lock_date":null,"orderID_item_id":"2a02b67e88c8cf531134ebecc08d271b","categoryName":"CICPA","actimode":0,"subjectName":"公司战略与风险管理","courseIndex":"3","subjectID":"8a22cc685c3379ab015c39480ee80007","lock_status":0,"shopCategoryExtendId":"1c10aeb2b0555ce69b5701df431a35e9","teacherHonor":"CPA高级讲师","courseSource":"zhongbo","availability":"","expirationDate":370,"categoryId":"8a22ecb5560c52c901562b80c6f00061","courseBkImage":"/upload/admin/201712/3ae6aaad9e607627506b3c6ad12a1cc4.jpg","shopCategoryExtendName":"CICPA签约通关网络课程","expirationTime":null,"teacherImage":"/upload/201607/0efe9018a47244ad9f2c521e831a67dd.png","versionId":"e51c7563046b1c2cd7b59f67ea49cb5f","subjectIndex":"60","courseName":"CPA 公司战略与风险管理  习题课","isGive":0},{"categoryIndex":"5","taskTotal":"145","isU":3,"courseGroupId":"968afad6ce9ecde4740b4fda3e2d1046","courseId":"8a22ecb55e755132015e93eb92a20127","outline":"","teacherName":"Anthony Tao","lock_date":null,"orderID_item_id":"92807b3ea0b9f52a58529bab3872634a","categoryName":"ACCA","actimode":0,"subjectName":"LW","courseIndex":"1","subjectID":"ff808081473905e70147625307e90074","lock_status":0,"shopCategoryExtendId":"27df71bfc55ad79e3dc89d47b0223c4c","teacherHonor":"六年教龄，ACCA金牌讲师","courseSource":"zhongbo","availability":"","expirationDate":365,"categoryId":"ff808081473905e701475cd3c2080001","courseBkImage":"/upload/admin/201901/96e76e4d0ce2f2fb624e89af90990a3f.jpg","shopCategoryExtendName":"ACCA EZ课程","expirationTime":null,"teacherImage":"/upload/201606/6e88fecb3e544a61a1e796f112dec1a1.png","versionId":"ff808081473905e701476271a6fc0083","subjectIndex":"5","courseName":"ACCA F4 Corporate and Business Law","isGive":0},{"categoryIndex":"150","taskTotal":"59","isU":2,"courseGroupId":"8a22cc685c3379ab015c48b1070c0227","courseId":"5859e1a3d769186d1ba7bec6fb34c818","outline":"","teacherName":"黄新元","lock_date":null,"orderID_item_id":"335e92532f4d163690e8c4ad9281b8a3","categoryName":"CICPA","actimode":0,"subjectName":"经济法","courseIndex":"2","subjectID":"8a22cc685c3379ab015c39484d8b0008","lock_status":0,"shopCategoryExtendId":"1c10aeb2b0555ce69b5701df431a35e9","teacherHonor":"CPA高级讲师","courseSource":"zhongbo","availability":"","expirationDate":370,"categoryId":"8a22ecb5560c52c901562b80c6f00061","courseBkImage":"/upload/admin/201712/c35b10537d78935632423a15dc701e04.jpg","shopCategoryExtendName":"CICPA签约通关网络课程","expirationTime":null,"teacherImage":"/upload/201705/29d4f9d0383b4d2487eb40ef6fdf4016.jpg","versionId":"5859e1a3d769186d1ba7bec6fb34c818","subjectIndex":"70","courseName":"CPA 经济法 串讲课","isGive":0},{"categoryIndex":"150","taskTotal":"42","isU":2,"courseGroupId":"8a22cc685c3379ab015c427b73c800d4","courseId":"8e6bec0d5079ef5863a5ba04fd67770f","outline":"","teacherName":"孙孝群","lock_date":null,"orderID_item_id":"2a02b67e88c8cf531134ebecc08d271b","categoryName":"CICPA","actimode":0,"subjectName":"公司战略与风险管理","courseIndex":"2","subjectID":"8a22cc685c3379ab015c39480ee80007","lock_status":0,"shopCategoryExtendId":"1c10aeb2b0555ce69b5701df431a35e9","teacherHonor":"CPA高级讲师","courseSource":"zhongbo","availability":"","expirationDate":370,"categoryId":"8a22ecb5560c52c901562b80c6f00061","courseBkImage":"/upload/admin/201712/709ee355286482adf4ac0b54e818c8e6.jpg","shopCategoryExtendName":"CICPA签约通关网络课程","expirationTime":null,"teacherImage":"/upload/201607/0efe9018a47244ad9f2c521e831a67dd.png","versionId":"8e6bec0d5079ef5863a5ba04fd67770f","subjectIndex":"60","courseName":"CPA 公司战略与风险管理  串讲课","isGive":0},{"categoryIndex":"5","taskTotal":"196","isU":3,"courseGroupId":"74eb827bdc5a7fd621eeb5298fab1a3b","courseId":"8a22ecb55e755132015e98ecf4dc0188","outline":"","teacherName":"Elena Shi","lock_date":null,"orderID_item_id":"78fb1054a511d2d2513a9ee63e06939c","categoryName":"ACCA","actimode":0,"subjectName":"MA","courseIndex":"1","subjectID":"ff808081473905e7014762524e800072","lock_status":0,"shopCategoryExtendId":"27df71bfc55ad79e3dc89d47b0223c4c","teacherHonor":"时晓燕","courseSource":"zhongbo","availability":"","expirationDate":365,"categoryId":"ff808081473905e701475cd3c2080001","courseBkImage":"/upload/admin/201806/0961cd195b191c46bb834fbd6eb61ac0.jpg","shopCategoryExtendName":"ACCA EZ课程","expirationTime":null,"teacherImage":"/upload/201606/7a5e783df2cf44b581cb7477cf357332.png","versionId":"ff808081473905e70147626ef839007f","subjectIndex":"3","courseName":"ACCA F2 Management Accounting","isGive":0},{"categoryIndex":"150","taskTotal":"190","isU":2,"courseGroupId":"8a22ecb559b51562015a26c28e6602ec","courseId":"8a22ecb5576add0201576f5f95c0001e","outline":"","teacherName":"宋洁","lock_date":null,"orderID_item_id":"a8d50537598eaf0b56c679df8846e158","categoryName":"CICPA","actimode":0,"subjectName":"审计","courseIndex":"1","subjectID":"8a22ecb5576add0201576f55e3c9001d","lock_status":0,"shopCategoryExtendId":"1c10aeb2b0555ce69b5701df431a35e9","teacherHonor":"CPA 高级讲师","courseSource":"zhongbo","availability":"","expirationDate":370,"categoryId":"8a22ecb5560c52c901562b80c6f00061","courseBkImage":"/upload/admin/201712/7a68dced6fafd6eced0111904b196bde.jpg","shopCategoryExtendName":"CICPA签约通关网络课程","expirationTime":null,"teacherImage":"/upload/201610/b8b203ed69c341f0beb93b00675d3fcc.png","versionId":"8a22ecb5576add0201576f5f95c0001e","subjectIndex":"50","courseName":"CPA 审计 基础课","isGive":0},{"categoryIndex":"150","taskTotal":"145","isU":2,"courseGroupId":"8a22cc685c3379ab015c427b73c800d4","courseId":"8a22cc685c3379ab015c395007a30009","outline":"","teacherName":"孙孝群","lock_date":null,"orderID_item_id":"2a02b67e88c8cf531134ebecc08d271b","categoryName":"CICPA","actimode":0,"subjectName":"公司战略与风险管理","courseIndex":"1","subjectID":"8a22cc685c3379ab015c39480ee80007","lock_status":0,"shopCategoryExtendId":"1c10aeb2b0555ce69b5701df431a35e9","teacherHonor":"CPA高级讲师","courseSource":"zhongbo","availability":"","expirationDate":370,"categoryId":"8a22ecb5560c52c901562b80c6f00061","courseBkImage":"/upload/admin/201712/bc3aaf2bb9935dda2e9a55fd58cd771b.jpg","shopCategoryExtendName":"CICPA签约通关网络课程","expirationTime":null,"teacherImage":"/upload/201607/0efe9018a47244ad9f2c521e831a67dd.png","versionId":"8a22cc685c3379ab015c395007a30009","subjectIndex":"60","courseName":"CPA 公司战略与风险管理 基础课","isGive":0},{"categoryIndex":"20","taskTotal":"281","isU":2,"courseGroupId":"8a22ecb5556cd33201557097a0ad0021","courseId":"8a22ecb55b602977015b60f63b7e0001","outline":"","teacherName":"CFA明星讲师团","lock_date":null,"orderID_item_id":"af0885352de012cac62196eba3f98033","categoryName":"CFA","actimode":0,"subjectName":"Level I","courseIndex":"1","subjectID":"8a22ecb5527d453f01527d4b0e500001","lock_status":0,"shopCategoryExtendId":"2bde48e0a24c67038dc7aae89521710b","teacherHonor":"","courseSource":"zhongbo","availability":"","expirationDate":365,"categoryId":"ff80808149cc09f70149f3e7b9534654","courseBkImage":"/upload/201712/2a8a12b1bbca40599873cbdf0ed6bf11.jpg","shopCategoryExtendName":"CFA中文网络课程","expirationTime":null,"teacherImage":"/upload/201412/e5b55ad1a15448d5bf5f5d1d3ae8f59a.png","versionId":"ff8080814e9056e4014e911137490330","subjectIndex":"50","courseName":"2015 CFA Ethic and Professional Standards and Quantitative Methods ","isGive":0},{"categoryIndex":"150","taskTotal":"35","isU":2,"courseGroupId":"8a22ecb556b580ba0156daaa1b2a0229","courseId":"8a22ecb5576add02015773f1fee60042","outline":"","teacherName":"张亮","lock_date":null,"orderID_item_id":"4dba83590859f4a7dad9a9bb3e632350","categoryName":"CICPA","actimode":0,"subjectName":"会计","courseIndex":"2","subjectID":"8a22ecb5560c52c901562b82b91b0062","lock_status":0,"shopCategoryExtendId":"1c10aeb2b0555ce69b5701df431a35e9","teacherHonor":"CPA高级讲师","courseSource":"zhongbo","availability":"","expirationDate":370,"categoryId":"8a22ecb5560c52c901562b80c6f00061","courseBkImage":"/upload/admin/201712/6ca792d11d12de9bf74ad67e864325f6.jpg","shopCategoryExtendName":"CICPA签约通关网络课程","expirationTime":null,"teacherImage":"/upload/201607/c4bd3669e96a4466bb039b92967fc576.png","versionId":"8a22ecb5576add02015773f1fee60042","subjectIndex":"10","courseName":"CPA 会计 串讲课","isGive":0},{"categoryIndex":"20","taskTotal":"412","isU":2,"courseGroupId":"8a22ecb5556cd33201557097a0ad0021","courseId":"8a22ecb558b34daf0158dd0311db0030","outline":"","teacherName":"CFA明星讲师团","lock_date":null,"orderID_item_id":"af0885352de012cac62196eba3f98033","categoryName":"CFA","actimode":0,"subjectName":"Level Ⅱ","courseIndex":"1","subjectID":"8a22ecb554f07f710155010615cb0013","lock_status":0,"shopCategoryExtendId":"2bde48e0a24c67038dc7aae89521710b","teacherHonor":"","courseSource":"zhongbo","availability":"","expirationDate":365,"categoryId":"ff80808149cc09f70149f3e7b9534654","courseBkImage":"/upload/201712/4a40442ac05641a280903ff2e7938656.jpg","shopCategoryExtendName":"CFA中文网络课程","expirationTime":null,"teacherImage":"/upload/201412/e5b55ad1a15448d5bf5f5d1d3ae8f59a.png","versionId":"8a22ecb558b34daf0158dd0311db0030","subjectIndex":"50","courseName":"2017 CFA L2 强化课","isGive":0},{"categoryIndex":"5","taskTotal":"128","isU":3,"courseGroupId":"4cd566674e49cf9fd5f7d3d323e5a6f3","courseId":"8a22ecb55e755132015ec0f0ae70024e","outline":"","teacherName":"Amy Liu","lock_date":null,"orderID_item_id":"2d112dbe2d022d183500d9b5ff194c84","categoryName":"ACCA","actimode":0,"subjectName":"FA","courseIndex":"1","subjectID":"ff808081473905e701476252b4390073","lock_status":0,"shopCategoryExtendId":"27df71bfc55ad79e3dc89d47b0223c4c","teacherHonor":"十年教龄，ACCA金牌讲师","courseSource":"zhongbo","availability":"","expirationDate":365,"categoryId":"ff808081473905e701475cd3c2080001","courseBkImage":"/upload/admin/201901/07a666e67623fe5ea02d5f4783196ae8.jpg","shopCategoryExtendName":"ACCA EZ课程","expirationTime":null,"teacherImage":"/upload/201711/f094970bd9da4b4e88126dd75bfa41f3.jpg","versionId":"ff808081473905e7014762700dfa0081","subjectIndex":"4","courseName":"ACCA F3 Financial Accounting","isGive":0},{"categoryIndex":"20","taskTotal":"232","isU":2,"courseGroupId":"8a22ecb5556cd33201557097a0ad0021","courseId":"8a22ecb55b85b881015b8ae3b959034b","outline":"","teacherName":"CFA明星讲师团","lock_date":null,"orderID_item_id":"af0885352de012cac62196eba3f98033","categoryName":"CFA","actimode":0,"subjectName":"Level Ⅱ","courseIndex":"1","subjectID":"8a22ecb554f07f710155010615cb0013","lock_status":0,"shopCategoryExtendId":"2bde48e0a24c67038dc7aae89521710b","teacherHonor":"","courseSource":"zhongbo","availability":"","expirationDate":365,"categoryId":"ff80808149cc09f70149f3e7b9534654","courseBkImage":"/upload/201712/139ab2760b194133962daed1531b9073.jpg","shopCategoryExtendName":"CFA中文网络课程","expirationTime":null,"teacherImage":"/upload/201412/e5b55ad1a15448d5bf5f5d1d3ae8f59a.png","versionId":"8a22ecb55b85b881015b8ae3b959034b","subjectIndex":"50","courseName":"2017 CFA L2 串讲课","isGive":0},{"categoryIndex":"20","taskTotal":"91","isU":2,"courseGroupId":"8a22ecb5556cd33201557097a0ad0021","courseId":"8a22ecb55bd1ca3e015bf08650a90081","outline":"","teacherName":"CFA明星讲师团","lock_date":null,"orderID_item_id":"af0885352de012cac62196eba3f98033","categoryName":"CFA","actimode":0,"subjectName":"Level Ⅱ","courseIndex":"1","subjectID":"8a22ecb554f07f710155010615cb0013","lock_status":0,"shopCategoryExtendId":"2bde48e0a24c67038dc7aae89521710b","teacherHonor":"","courseSource":"zhongbo","availability":"","expirationDate":365,"categoryId":"ff80808149cc09f70149f3e7b9534654","courseBkImage":"/upload/admin/201712/4c9c276a21f9487a8d06aee718753b15.jpg","shopCategoryExtendName":"CFA中文网络课程","expirationTime":null,"teacherImage":"/upload/201412/e5b55ad1a15448d5bf5f5d1d3ae8f59a.png","versionId":"8a22ecb55bd1ca3e015bf08650a90081","subjectIndex":"50","courseName":"CFA L2 模考课","isGive":0},{"categoryIndex":"20","taskTotal":"64","isU":2,"courseGroupId":"8a22ecb5556cd33201557097a0ad0021","courseId":"8a22ecb5526cc38e01527855d555000e","outline":"","teacherName":"CFA明星讲师团","lock_date":null,"orderID_item_id":"af0885352de012cac62196eba3f98033","categoryName":"CFA","actimode":0,"subjectName":"Level I","courseIndex":"7","subjectID":"8a22ecb5527d453f01527d4b0e500001","lock_status":0,"shopCategoryExtendId":"2bde48e0a24c67038dc7aae89521710b","teacherHonor":"","courseSource":"zhongbo","availability":"","expirationDate":365,"categoryId":"ff80808149cc09f70149f3e7b9534654","courseBkImage":"/upload/201712/e901307bf81e4914907eae1fcdad5910.jpg","shopCategoryExtendName":"CFA中文网络课程","expirationTime":null,"teacherImage":"/upload/201412/e5b55ad1a15448d5bf5f5d1d3ae8f59a.png","versionId":"8a22ecb551572cf80151576dbddc011a","subjectIndex":"50","courseName":"2015 CFA L1 模考题 ","isGive":0},{"categoryIndex":"150","taskTotal":"23","isU":2,"courseGroupId":"8a22ecb556b580ba0156daa8d91f0228","courseId":"8a22ecb5576add0201577400e04a0044","outline":"","teacherName":"柳豆豆","lock_date":null,"orderID_item_id":"b6da0009bb444e54514d79cf4e947d3a","categoryName":"CICPA","actimode":0,"subjectName":"财务成本管理","courseIndex":"2","subjectID":"8a22ecb5560c52c901562b8467dd0064","lock_status":0,"shopCategoryExtendId":"1c10aeb2b0555ce69b5701df431a35e9","teacherHonor":"CPA高级讲师","courseSource":"zhongbo","availability":"","expirationDate":370,"categoryId":"8a22ecb5560c52c901562b80c6f00061","courseBkImage":"/upload/admin/201712/10fc7910c899df8ca18d9bf1e4163054.jpg","shopCategoryExtendName":"CICPA签约通关网络课程","expirationTime":null,"teacherImage":"/upload/201607/95032916d79146928118cc61cfb9f417.png","versionId":"8a22ecb5576add0201577400e04a0044","subjectIndex":"30","courseName":"CPA 财务成本管理 串讲课","isGive":0},{"categoryIndex":"5","taskTotal":"36","isU":3,"courseGroupId":"74eb827bdc5a7fd621eeb5298fab1a3b","courseId":"8a22ecb55e755132015e9937cafb01a2","outline":"","teacherName":"Elena Shi","lock_date":null,"orderID_item_id":"78fb1054a511d2d2513a9ee63e06939c","categoryName":"ACCA","actimode":0,"subjectName":"MA","courseIndex":"1","subjectID":"ff808081473905e7014762524e800072","lock_status":0,"shopCategoryExtendId":"27df71bfc55ad79e3dc89d47b0223c4c","teacherHonor":"时晓燕","courseSource":"zhongbo","availability":"","expirationDate":365,"categoryId":"ff808081473905e701475cd3c2080001","courseBkImage":"/upload/admin/201806/27e77f3b33b0572eec5d584e941a4f74.jpg","shopCategoryExtendName":"ACCA EZ课程","expirationTime":null,"teacherImage":"/upload/201606/7a5e783df2cf44b581cb7477cf357332.png","versionId":"ff808081486933e6014889793b7a0582","subjectIndex":"3","courseName":"复习串讲-ACCA F2 Management Accounting","isGive":0},{"categoryIndex":"20","taskTotal":"131","isU":2,"courseGroupId":"8a22ecb5556cd33201557097a0ad0021","courseId":"8a22ecb55b7fb00e015b8015620b0004","outline":"","teacherName":"CFA明星讲师团","lock_date":null,"orderID_item_id":"af0885352de012cac62196eba3f98033","categoryName":"CFA","actimode":0,"subjectName":"Level I","courseIndex":"1","subjectID":"8a22ecb5527d453f01527d4b0e500001","lock_status":0,"shopCategoryExtendId":"2bde48e0a24c67038dc7aae89521710b","teacherHonor":"","courseSource":"zhongbo","availability":"","expirationDate":365,"categoryId":"ff80808149cc09f70149f3e7b9534654","courseBkImage":"/upload/201712/b795a10cbb3e4c75a9be91975985258f.jpg","shopCategoryExtendName":"CFA中文网络课程","expirationTime":null,"teacherImage":"/upload/201412/e5b55ad1a15448d5bf5f5d1d3ae8f59a.png","versionId":"8a22ecb5526cc38e015278544f3f000d","subjectIndex":"50","courseName":"2016 CFA L1 串讲课","isGive":0},{"categoryIndex":"150","taskTotal":"149","isU":2,"courseGroupId":"8a22ecb556b580ba0156daa6d7fe0227","courseId":"8a22ecb5560c52c90156353dedaa00ba","outline":"","teacherName":"孙孝群","lock_date":null,"orderID_item_id":"acbf65c692314245cf9ce84c55ac7ca5","categoryName":"CICPA","actimode":0,"subjectName":"税法","courseIndex":"1","subjectID":"8a22ecb5560c52c901562b83332e0063","lock_status":0,"shopCategoryExtendId":"1c10aeb2b0555ce69b5701df431a35e9","teacherHonor":"CPA高级讲师","courseSource":"zhongbo","availability":"","expirationDate":370,"categoryId":"8a22ecb5560c52c901562b80c6f00061","courseBkImage":"/upload/admin/201712/42fb53165a80482ee5561b666dfc1cce.jpg","shopCategoryExtendName":"CICPA签约通关网络课程","expirationTime":null,"teacherImage":"/upload/201607/0efe9018a47244ad9f2c521e831a67dd.png","versionId":"8a22ecb5560c52c90156353dedaa00ba","subjectIndex":"40","courseName":"CPA 税法 基础课","isGive":0},{"categoryIndex":"150","taskTotal":"57","isU":2,"courseGroupId":"8a22ecb559b51562015a26c28e6602ec","courseId":"8a22ecb559b51562015a0cd6451a006a","outline":"","teacherName":"宋洁","lock_date":null,"orderID_item_id":"a8d50537598eaf0b56c679df8846e158","categoryName":"CICPA","actimode":0,"subjectName":"审计","courseIndex":"3","subjectID":"8a22ecb5576add0201576f55e3c9001d","lock_status":0,"shopCategoryExtendId":"1c10aeb2b0555ce69b5701df431a35e9","teacherHonor":"CPA 高级讲师","courseSource":"zhongbo","availability":"","expirationDate":370,"categoryId":"8a22ecb5560c52c901562b80c6f00061","courseBkImage":"/upload/admin/201712/1d89a93e0e5e3b69210a066673b594e0.jpg","shopCategoryExtendName":"CICPA签约通关网络课程","expirationTime":null,"teacherImage":"/upload/201610/b8b203ed69c341f0beb93b00675d3fcc.png","versionId":"8a22ecb559b51562015a0cd6451a006a","subjectIndex":"50","courseName":"CPA 审计 习题课","isGive":0},{"categoryIndex":"150","taskTotal":"189","isU":2,"courseGroupId":"8a22cc685c3379ab015c48b1070c0227","courseId":"8a22cc685c3379ab015c4353355600e0","outline":"","teacherName":"黄新元","lock_date":null,"orderID_item_id":"335e92532f4d163690e8c4ad9281b8a3","categoryName":"CICPA","actimode":0,"subjectName":"经济法","courseIndex":"1","subjectID":"8a22cc685c3379ab015c39484d8b0008","lock_status":0,"shopCategoryExtendId":"1c10aeb2b0555ce69b5701df431a35e9","teacherHonor":"CPA高级讲师","courseSource":"zhongbo","availability":"","expirationDate":370,"categoryId":"8a22ecb5560c52c901562b80c6f00061","courseBkImage":"/upload/admin/201712/dccfbf827caf37b2a03192a04e6ff1df.jpg","shopCategoryExtendName":"CICPA签约通关网络课程","expirationTime":null,"teacherImage":"/upload/201705/29d4f9d0383b4d2487eb40ef6fdf4016.jpg","versionId":"8a22cc685c3379ab015c4353355600e0","subjectIndex":"70","courseName":"CPA 经济法 基础课","isGive":0},{"categoryIndex":"150","taskTotal":"142","isU":2,"courseGroupId":"8a22ecb556b580ba0156daaa1b2a0229","courseId":"8a22ecb5560c52c901563543acf100bc","outline":"","teacherName":"张亮","lock_date":null,"orderID_item_id":"4dba83590859f4a7dad9a9bb3e632350","categoryName":"CICPA","actimode":0,"subjectName":"会计","courseIndex":"1","subjectID":"8a22ecb5560c52c901562b82b91b0062","lock_status":0,"shopCategoryExtendId":"1c10aeb2b0555ce69b5701df431a35e9","teacherHonor":"CPA高级讲师","courseSource":"zhongbo","availability":"","expirationDate":370,"categoryId":"8a22ecb5560c52c901562b80c6f00061","courseBkImage":"/upload/admin/201712/dfcb4f2421ce535c0cc4194a0ccb5ac4.jpg","shopCategoryExtendName":"CICPA签约通关网络课程","expirationTime":null,"teacherImage":"/upload/201607/c4bd3669e96a4466bb039b92967fc576.png","versionId":"8a22ecb5560c52c901563543acf100bc","subjectIndex":"10","courseName":"CPA 会计 基础课","isGive":0},{"categoryIndex":"15","taskTotal":"61","isU":2,"courseGroupId":"8a22ecb5559bad0501559f58a95b0007","courseId":"ff8080814eaf7474014eb44df2160843","outline":"","teacherName":"财务英语明星讲师团","lock_date":null,"orderID_item_id":"2a39d0a3735379d0f230d87fad0eab0b","categoryName":"CMA 英文","actimode":1,"subjectName":"CMA财务英语","courseIndex":"10","subjectID":"ff8080814f3eb9ed014f48f2a7461389","lock_status":0,"shopCategoryExtendId":null,"teacherHonor":"","courseSource":"zhongbo","availability":"","expirationDate":280,"categoryId":"ff8080814997fb36014998b6ca0804ef","courseBkImage":"/upload/201712/0bb47f52210b4160b1731b858d14a5e9.jpg","shopCategoryExtendName":null,"expirationTime":null,"teacherImage":"/upload/201507/3bfaf8b86cb14985a194c01d9e9fbbb1.png","versionId":"ff8080814eaf7474014eb44df2160843","subjectIndex":"0","courseName":"CMA 财务英语基础课","isGive":0},{"categoryIndex":"150","taskTotal":"34","isU":2,"courseGroupId":"8a22ecb559b51562015a26c28e6602ec","courseId":"8a22ecb559b51562015a0cca680e0069","outline":"","teacherName":"宋洁","lock_date":null,"orderID_item_id":"a8d50537598eaf0b56c679df8846e158","categoryName":"CICPA","actimode":0,"subjectName":"审计","courseIndex":"2","subjectID":"8a22ecb5576add0201576f55e3c9001d","lock_status":0,"shopCategoryExtendId":"1c10aeb2b0555ce69b5701df431a35e9","teacherHonor":"CPA 高级讲师","courseSource":"zhongbo","availability":"","expirationDate":370,"categoryId":"8a22ecb5560c52c901562b80c6f00061","courseBkImage":"/upload/admin/201712/5faa9105441475a1f7dc851a19ccc801.jpg","shopCategoryExtendName":"CICPA签约通关网络课程","expirationTime":null,"teacherImage":"/upload/201610/b8b203ed69c341f0beb93b00675d3fcc.png","versionId":"8a22ecb559b51562015a0cca680e0069","subjectIndex":"50","courseName":"CPA 审计 串讲课","isGive":0}],"pageNo":"0","pageSize":33},"state":"success","msg":""}