{
	"data": {
		"total": 5,
		"courselist": [{
			"categoryIndex": "23",
			"taskTotal": "164",
			"isU": 2,
			"courseGroupId": "8a22ecb55581ba3401558ff8e324000d",
			"courseId": "c64c347acafb38703e9ca478fc190620",
			"outline": "",
			"teacherName": null,
			"lock_date": null,
			"orderID_item_id": "06F8BDB9323349159DFB807A1D901C75",
			"categoryName": "FRM",
			"actimode": 0,
			"subjectName": "FRM Part I",
			"courseIndex": "50",
			"subjectID": "8a22ecb5537864ee01537901cba30002",
			"lock_status": 0,
			"shopCategoryExtendId": "ee7142d72995a7c29e88ca7238d26ac5",
			"teacherHonor": null,
			"courseSource": "zhongbo",
			"availability": "",
			"expirationDate": 365,
			"categoryId": "8a22ecb5537864ee015378fa05a10001",
			"courseBkImage": "/upload/admin/201712/a4ea4a3bdfe3f009cf6f6f6f776c7cd6.jpg",
			"shopCategoryExtendName": "FRM签约通关网络课程",
			"teacherImage": null,
			"versionId": "8a22ecb557d16e020157f586a7421f95",
			"subjectIndex": "10",
			"courseName": "2018 FRM Part I 强化课",
			"isBuy": true
		}, {
			"categoryIndex": "23",
			"taskTotal": "104",
			"isU": 2,
			"courseGroupId": "8a22ecb55581ba3401558ff8e324000d",
			"courseId": "a5397eebbc5b2e9fb00a06ad9a66c56c",
			"outline": "",
			"teacherName": "FRM 明星讲师团",
			"lock_date": null,
			"orderID_item_id": "06F8BDB9323349159DFB807A1D901C75",
			"categoryName": "FRM",
			"actimode": 0,
			"subjectName": "FRM Part I",
			"courseIndex": "50",
			"subjectID": "8a22ecb5537864ee01537901cba30002",
			"lock_status": 0,
			"shopCategoryExtendId": "ee7142d72995a7c29e88ca7238d26ac5",
			"teacherHonor": "程黄维 汪庆亚 Jacky",
			"courseSource": "zhongbo",
			"availability": "",
			"expirationDate": 365,
			"categoryId": "8a22ecb5537864ee015378fa05a10001",
			"courseBkImage": "/upload/admin/201712/2fbe76999dd73f4715dd79ed17141c7f.jpg",
			"shopCategoryExtendName": "FRM签约通关网络课程",
			"teacherImage": "/upload/201412/e5b55ad1a15448d5bf5f5d1d3ae8f59a.png",
			"versionId": "8a22ecb557d16e020157f58c46211f96",
			"subjectIndex": "10",
			"courseName": "2018 FRM Part I 串讲课",
			"isBuy": false
		}, {
			"categoryIndex": "23",
			"taskTotal": "53",
			"isU": 2,
			"courseGroupId": "8a22ecb55581ba3401558ff8e324000d",
			"courseId": "8a22ecb557d16e020157f58de9211f97",
			"outline": "",
			"teacherName": "FRM 明星讲师团",
			"lock_date": null,
			"orderID_item_id": "06F8BDB9323349159DFB807A1D901C75",
			"categoryName": "FRM",
			"actimode": 0,
			"subjectName": "FRM Part I",
			"courseIndex": "5",
			"subjectID": "8a22ecb5537864ee01537901cba30002",
			"lock_status": 0,
			"shopCategoryExtendId": "ee7142d72995a7c29e88ca7238d26ac5",
			"teacherHonor": "程黄维 汪庆亚 Jacky",
			"courseSource": "zhongbo",
			"availability": "",
			"expirationDate": 365,
			"categoryId": "8a22ecb5537864ee015378fa05a10001",
			"courseBkImage": "/upload/admin/201712/1e31a0e9d1e2791e0773820773a699b3.jpg",
			"shopCategoryExtendName": "FRM签约通关网络课程",
			"teacherImage": "/upload/201412/e5b55ad1a15448d5bf5f5d1d3ae8f59a.png",
			"versionId": "8a22ecb557d16e020157f58de9211f97",
			"subjectIndex": "10",
			"courseName": "FRM Part I 模考课",
			"isBuy": false
		}, {
			"categoryIndex": "23",
			"taskTotal": "39",
			"isU": 2,
			"courseGroupId": "8a22ecb55581ba3401558ff8e324000d",
			"courseId": "8a22ecb5537864ee01537957a34f0016",
			"outline": "",
			"teacherName": "FRM 明星讲师团",
			"lock_date": null,
			"orderID_item_id": "06F8BDB9323349159DFB807A1D901C75",
			"categoryName": "FRM",
			"actimode": 0,
			"subjectName": "FRM Part I",
			"courseIndex": "1",
			"subjectID": "8a22ecb5537864ee01537901cba30002",
			"lock_status": 0,
			"shopCategoryExtendId": "ee7142d72995a7c29e88ca7238d26ac5",
			"teacherHonor": "程黄维 汪庆亚 Jacky",
			"courseSource": "zhongbo",
			"availability": "",
			"expirationDate": 365,
			"categoryId": "8a22ecb5537864ee015378fa05a10001",
			"courseBkImage": "/upload/admin/201712/fb3c5c18b25de8844ebfe0070fb2559c.jpg",
			"shopCategoryExtendName": "FRM签约通关网络课程",
			"teacherImage": "/upload/201412/e5b55ad1a15448d5bf5f5d1d3ae8f59a.png",
			"versionId": "8a22ecb5537864ee01537957a34f0016",
			"subjectIndex": "10",
			"courseName": "FRM Part I 前导课",
			"isBuy": false
		}, {
			"categoryIndex": null,
			"taskTotal": "139",
			"isU": 0,
			"courseGroupId": "202b833df02f7031f399e1a67f854d1e",
			"courseId": "8161f4f35abf4e0262c343895e4c0c5a",
			"outline": "",
			"teacherName": "Jacky",
			"lock_date": null,
			"orderID_item_id": "A4EE3F6084AE4A22A1D81263519AE553",
			"categoryName": null,
			"actimode": 0,
			"subjectName": "证券从业",
			"courseIndex": "50",
			"subjectID": "a0029c1b64c43ed3edaeae44d158c51c",
			"lock_status": 0,
			"shopCategoryExtendId": "5664bc58269f3f235cba31beb07dba2a",
			"teacherHonor": "施煜",
			"courseSource": "zhongbo",
			"availability": "",
			"expirationDate": 360,
			"categoryId": null,
			"courseBkImage": "",
			"shopCategoryExtendName": "证券从业课程",
			"teacherImage": "/upload/admin/201712/76a9dfed74cf6bf91baae83a6d0f2121.jpg",
			"versionId": "8161f4f35abf4e0262c343895e4c0c5a",
			"subjectIndex": "160",
			"courseName": "基金从业",
			"isBuy": false
		}],
		"pageNo": 0,
		"pageSize": 999
	},
	"state": "success",
	"msg": ""
}