{
	"data": {
		"total": 6,
		"courselist": [{
			"categoryIndex": "5",
			"taskTotal": "190",
			"isU": 3,
			"courseGroupId": "cb327eac914beaead00184b1140ff9ea",
			"courseId": "8a22ecb55e755132015e98ecf4dc0188",
			"outline": "",
			"teacherName": "Elena Shi",
			"lock_date": null,
			"orderID_item_id": "5231393E9B0355C779841D4572DB78C5",
			"categoryName": "ACCA",
			"actimode": 1,
			"subjectName": "MA",
			"courseIndex": "1",
			"subjectID": "ff808081473905e7014762524e800072",
			"lock_status": 0,
			"shopCategoryExtendId": "6da2be522a3f75d6994edf754f0c94a2",
			"teacherHonor": "时晓燕",
			"courseSource": "zhongbo",
			"availability": "",
			"expirationDate": 365,
			"categoryId": "ff808081473905e701475cd3c2080001",
			"courseBkImage": "/upload/admin/201806/0961cd195b191c46bb834fbd6eb61ac0.jpg",
			"shopCategoryExtendName": "ACCA一步通关课程",
			"teacherImage": "/upload/201606/7a5e783df2cf44b581cb7477cf357332.png",
			"versionId": "ff808081473905e70147626ef839007f",
			"subjectIndex": "3",
			"courseName": "2018 ACCA MA Management Accounting",
			"isBuy": false
		}, {
			"categoryIndex": "5",
			"taskTotal": "145",
			"isU": 3,
			"courseGroupId": "cb327eac914beaead00184b1140ff9ea",
			"courseId": "8a22ecb55e755132015e8361703400c6",
			"outline": "",
			"teacherName": "Ara Shen",
			"lock_date": null,
			"orderID_item_id": "5231393E9B0355C779841D4572DB78C5",
			"categoryName": "ACCA",
			"actimode": 1,
			"subjectName": "AB",
			"courseIndex": "1",
			"subjectID": "ff808081473905e701476204cb6c006f",
			"lock_status": 0,
			"shopCategoryExtendId": "6da2be522a3f75d6994edf754f0c94a2",
			"teacherHonor": "沈璐萍",
			"courseSource": "zhongbo",
			"availability": "",
			"expirationDate": 365,
			"categoryId": "ff808081473905e701475cd3c2080001",
			"courseBkImage": "/upload/admin/201806/07bffd951d5c79bc26d0890c06531246.jpg",
			"shopCategoryExtendName": "ACCA一步通关课程",
			"teacherImage": "/upload/201711/a919b05482d04f5ea5353596d4c0d055.png",
			"versionId": "ff808081473905e701476205d8740070",
			"subjectIndex": "2",
			"courseName": "2018 ACCA AB Accountant in Business",
			"isBuy": true
		}, {
			"categoryIndex": "5",
			"taskTotal": "36",
			"isU": 3,
			"courseGroupId": "cb327eac914beaead00184b1140ff9ea",
			"courseId": "8a22ecb55e755132015e9937cafb01a2",
			"outline": "",
			"teacherName": "Elena Shi",
			"lock_date": null,
			"orderID_item_id": "5231393E9B0355C779841D4572DB78C5",
			"categoryName": "ACCA",
			"actimode": 1,
			"subjectName": "MA",
			"courseIndex": "1",
			"subjectID": "ff808081473905e7014762524e800072",
			"lock_status": 0,
			"shopCategoryExtendId": "6da2be522a3f75d6994edf754f0c94a2",
			"teacherHonor": "时晓燕",
			"courseSource": "zhongbo",
			"availability": "",
			"expirationDate": 365,
			"categoryId": "ff808081473905e701475cd3c2080001",
			"courseBkImage": "/upload/admin/201806/27e77f3b33b0572eec5d584e941a4f74.jpg",
			"shopCategoryExtendName": "ACCA一步通关课程",
			"teacherImage": "/upload/201606/7a5e783df2cf44b581cb7477cf357332.png",
			"versionId": "ff808081486933e6014889793b7a0582",
			"subjectIndex": "3",
			"courseName": "2018 复习串讲-ACCA MA Management Accounting",
			"isBuy": false
		}, {
			"categoryIndex": "5",
			"taskTotal": "128",
			"isU": 3,
			"courseGroupId": "cb327eac914beaead00184b1140ff9ea",
			"courseId": "8a22ecb55e755132015ec0f0ae70024e",
			"outline": "",
			"teacherName": "Amy Liu",
			"lock_date": null,
			"orderID_item_id": "5231393E9B0355C779841D4572DB78C5",
			"categoryName": "ACCA",
			"actimode": 1,
			"subjectName": "FA（INT）",
			"courseIndex": "1",
			"subjectID": "ff808081473905e701476252b4390073",
			"lock_status": 0,
			"shopCategoryExtendId": "6da2be522a3f75d6994edf754f0c94a2",
			"teacherHonor": "十年教龄，ACCA金牌讲师",
			"courseSource": "zhongbo",
			"availability": "",
			"expirationDate": 365,
			"categoryId": "ff808081473905e701475cd3c2080001",
			"courseBkImage": "/upload/admin/201806/0c41e7df4b05916e4597d237672fb215.jpg",
			"shopCategoryExtendName": "ACCA一步通关课程",
			"teacherImage": "/upload/201711/f094970bd9da4b4e88126dd75bfa41f3.jpg",
			"versionId": "ff808081473905e7014762700dfa0081",
			"subjectIndex": "4",
			"courseName": "2018 ACCA FA Financial Accounting",
			"isBuy": false
		}, {
			"categoryIndex": "5",
			"taskTotal": "36",
			"isU": 3,
			"courseGroupId": "cb327eac914beaead00184b1140ff9ea",
			"courseId": "8a22ecb55e755132015ec0efad31024d",
			"outline": "",
			"teacherName": "Amy Liu",
			"lock_date": null,
			"orderID_item_id": "5231393E9B0355C779841D4572DB78C5",
			"categoryName": "ACCA",
			"actimode": 1,
			"subjectName": "FA（INT）",
			"courseIndex": "1",
			"subjectID": "ff808081473905e701476252b4390073",
			"lock_status": 0,
			"shopCategoryExtendId": "6da2be522a3f75d6994edf754f0c94a2",
			"teacherHonor": "十年教龄，ACCA金牌讲师",
			"courseSource": "zhongbo",
			"availability": "",
			"expirationDate": 365,
			"categoryId": "ff808081473905e701475cd3c2080001",
			"courseBkImage": "/upload/admin/201806/70c2f2ee2bb0c864cfff9af0b72b5f48.jpg",
			"shopCategoryExtendName": "ACCA一步通关课程",
			"teacherImage": "/upload/201711/f094970bd9da4b4e88126dd75bfa41f3.jpg",
			"versionId": "ff808081486933e60148897bb8480584",
			"subjectIndex": "4",
			"courseName": "2018 复习串讲-ACCA FA Financial Accounting",
			"isBuy": false
		}, {
			"categoryIndex": "5",
			"taskTotal": "54",
			"isU": 3,
			"courseGroupId": "cb327eac914beaead00184b1140ff9ea",
			"courseId": "8a22ecb55e755132015e98c8f8c30178",
			"outline": "",
			"teacherName": "Ara Shen",
			"lock_date": null,
			"orderID_item_id": "5231393E9B0355C779841D4572DB78C5",
			"categoryName": "ACCA",
			"actimode": 1,
			"subjectName": "AB",
			"courseIndex": "1",
			"subjectID": "ff808081473905e701476204cb6c006f",
			"lock_status": 0,
			"shopCategoryExtendId": "6da2be522a3f75d6994edf754f0c94a2",
			"teacherHonor": "沈璐萍",
			"courseSource": "zhongbo",
			"availability": "",
			"expirationDate": 365,
			"categoryId": "ff808081473905e701475cd3c2080001",
			"courseBkImage": "/upload/admin/201806/2d331bd23be9222bbb693876a99db443.jpg",
			"shopCategoryExtendName": "ACCA一步通关课程",
			"teacherImage": "/upload/201711/a919b05482d04f5ea5353596d4c0d055.png",
			"versionId": "ff808081486933e6014888fb011e057b",
			"subjectIndex": "2",
			"courseName": "2018 复习串讲-ACCA AB Accountant in Business",
			"isBuy": true
		}],
		"pageNo": 0,
		"pageSize": 999
	},
	"state": "success",
	"msg": ""
}