{"state":"success","count":"2","msg":"","data":[{"nid":"139951","create_date":"2017-09-08 18:15:47","modify_date":null,"subject_id":null,"category_id":null,"course_id":null,"chapter_id":null,"member_id":"8a22cc685215de9f01521b37b748020f","examenNum":"0","cache_knowledge_level1_id":"ff8080814a04df96014a13026db7243b","cache_knowledge_level2_id":"ff8080814a04df96014a13037c3c243d","cache_knowledge_path":"ff8080814a04df96014a13026db7243b,ff8080814a04df96014a13037c3c243d","exercise_id":"ff8080814b0bf92b014b1f4784623b07","context":"&#39;[{&quot;title&quot;:&quot;A separate legal personality&quot;,&quot;isChecked&quot;:false,&quot;myChecked&quot;:false},{&quot;title&quot;:&quot;Limited liability&quot;,&quot;isChecked&quot;:false,&quot;myChecked&quot;:false},{&quot;title&quot;:&quot;Shareholders are always not the directors&quot;,&quot;isChecked&quot;:true,&quot;myChecked&quot;:true}]&#39;","sort":"1","status":"1","create_date_tmp":1504865747,"modify_date_tmp":0},{"nid":"139948","create_date":"2017-09-08 18:15:25","modify_date":"2017-10-19 18:06:03","subject_id":"ff8080814a04df96014a13037c3c243d","category_id":"ff8080814c7e36d9014c9c3219fa01a8","course_id":"ff8080814e53385c014e6c98a25f0642","chapter_id":null,"member_id":"8a22cc685215de9f01521b37b748020f","examenNum":"0","cache_knowledge_level1_id":"ff8080814a04df96014a13026db7243b","cache_knowledge_level2_id":"ff8080814a04df96014a13037c3c243d","cache_knowledge_path":"ff8080814a04df96014a13026db7243b,ff8080814a04df96014a13037c3c243d","exercise_id":"ff8080814b0bf92b014b1f1fc118394d","context":"&#39;[{&quot;title&quot;:&quot;Ability to raise finance&quot;,&quot;isChecked&quot;:false,&quot;myChecked&quot;:false},{&quot;title&quot;:&quot;Succession&quot;,&quot;isChecked&quot;:false,&quot;myChecked&quot;:true},{&quot;title&quot;:&quot;Limited liability&quot;,&quot;isChecked&quot;:true,&quot;myChecked&quot;:false},{&quot;title&quot;:&quot;Statutory audit&quot;,&quot;isChecked&quot;:false,&quot;myChecked&quot;:false}]&#39;","sort":"0","status":"2","create_date_tmp":1504865725,"modify_date_tmp":1508407563}]}