{"state":"success","count":"26","msg":"","data":[{"nid":"527969","create_date":"2018-05-09 18:09:03","modify_date":null,"subject_id":"ff808081486933e601489c799f0f0868","category_id":"","course_id":"ac41351690cf1313b80c1313ecba5417","chapter_id":"6055c8f56fc91108a99204b19c81ed88","member_id":"5cd3890346a711e8a34800163e0f5ece","examenNum":"0","cache_knowledge_level1_id":"ac41351690cf1313b80c1313ecba5417","cache_knowledge_level2_id":"77278029920df0fd0981db69b16c994a","cache_knowledge_path":"ac41351690cf1313b80c1313ecba5417,77278029920df0fd0981db69b16c994a","exercise_id":"9c73a2eb8137060ad650e463348bf560","context":"&#39;[{&quot;title&quot;:&quot;\u5171\u540c\u6210\u672c\u5fc5\u987b\u4f7f\u7528\u589e\u91cf\u6210\u672c\u5206\u914d\u65b9\u6cd5\u8fdb\u884c\u5206\u914d\u3002&quot;,&quot;isChecked&quot;:false,&quot;myChecked&quot;:false},{&quot;title&quot;:&quot;\u5171\u540c\u6210\u672c\u4e0d\u80fd\u4f7f\u7528\u8d21\u732e\u6cd5\u8fdb\u884c\u5206\u914d\u3002&quot;,&quot;isChecked&quot;:false,&quot;myChecked&quot;:false},{&quot;title&quot;:&quot;\u5f53\u62ab\u9732\u76c8\u5229\u80fd\u529b\u65f6\uff0c\u5171\u540c\u6210\u672c\u964d\u4f4e\u4e86\u5206\u90e8\u7684\u5229\u6da6\u503c\u3002&quot;,&quot;isChecked&quot;:true,&quot;myChecked&quot;:true},{&quot;title&quot;:&quot;\u5171\u540c\u6210\u672c\u6263\u9664\u4e86\u5206\u90e8\u6240\u6709\u7684\u53ef\u8ffd\u6eaf\u56fa\u5b9a\u6210\u672c\u3002&quot;,&quot;isChecked&quot;:false,&quot;myChecked&quot;:false}]&#39;","sort":"49","status":"1","create_date_tmp":1525860543,"modify_date_tmp":0},{"nid":"527967","create_date":"2018-05-09 18:08:38","modify_date":null,"subject_id":"ff808081486933e601489c799f0f0868","category_id":"","course_id":"ac41351690cf1313b80c1313ecba5417","chapter_id":"6055c8f56fc91108a99204b19c81ed88","member_id":"5cd3890346a711e8a34800163e0f5ece","examenNum":"0","cache_knowledge_level1_id":"ac41351690cf1313b80c1313ecba5417","cache_knowledge_level2_id":"77278029920df0fd0981db69b16c994a","cache_knowledge_path":"ac41351690cf1313b80c1313ecba5417,77278029920df0fd0981db69b16c994a","exercise_id":"8a22ecb55dc01606015dcc02b2a70036","context":"&#39;[{&quot;title&quot;:&quot;22000\u7f8e\u5143\uff0c\u6709\u5229\u3002&quot;,&quot;isChecked&quot;:true,&quot;myChecked&quot;:false},{&quot;title&quot;:&quot;4000\u7f8e\u5143\uff0c\u6709\u5229\u3002&quot;,&quot;isChecked&quot;:false,&quot;myChecked&quot;:false},{&quot;title&quot;:&quot;24000\u7f8e\u5143\uff0c\u4e0d\u5229\u3002&quot;,&quot;isChecked&quot;:false,&quot;myChecked&quot;:true},{&quot;title&quot;:&quot;2000\u7f8e\u5143\uff0c\u4e0d\u5229\u3002&quot;,&quot;isChecked&quot;:false,&quot;myChecked&quot;:false}]&#39;","sort":"24","status":"2","create_date_tmp":1525860518,"modify_date_tmp":0},{"nid":"527965","create_date":"2018-05-09 18:08:28","modify_date":null,"subject_id":"ff808081486933e601489c799f0f0868","category_id":"","course_id":"ac41351690cf1313b80c1313ecba5417","chapter_id":"6055c8f56fc91108a99204b19c81ed88","member_id":"5cd3890346a711e8a34800163e0f5ece","examenNum":"0","cache_knowledge_level1_id":"ac41351690cf1313b80c1313ecba5417","cache_knowledge_level2_id":"77278029920df0fd0981db69b16c994a","cache_knowledge_path":"ac41351690cf1313b80c1313ecba5417,77278029920df0fd0981db69b16c994a","exercise_id":"8a22ecb55dc01606015dcbeb0adf0032","context":"&#39;[{&quot;title&quot;:&quot;\u65e2\u4e0d\u662f\u6750\u6599\u5dee\u5f02\u53c8\u4e0d\u662f\u4eba\u5de5\u5dee\u5f02\u3002&quot;,&quot;isChecked&quot;:false,&quot;myChecked&quot;:true},{&quot;title&quot;:&quot;\u4eba\u5de5\u5dee\u5f02\u3002&quot;,&quot;isChecked&quot;:false,&quot;myChecked&quot;:false},{&quot;title&quot;:&quot;\u6750\u6599\u5dee\u5f02\u548c\u4eba\u5de5\u5dee\u5f02\u3002&quot;,&quot;isChecked&quot;:false,&quot;myChecked&quot;:false},{&quot;title&quot;:&quot;\u6750\u6599\u5dee\u5f02\u3002&quot;,&quot;isChecked&quot;:true,&quot;myChecked&quot;:false}]&#39;","sort":"23","status":"2","create_date_tmp":1525860508,"modify_date_tmp":0},{"nid":"527964","create_date":"2018-05-09 18:08:24","modify_date":null,"subject_id":"ff808081486933e601489c799f0f0868","category_id":"","course_id":"ac41351690cf1313b80c1313ecba5417","chapter_id":"6055c8f56fc91108a99204b19c81ed88","member_id":"5cd3890346a711e8a34800163e0f5ece","examenNum":"0","cache_knowledge_level1_id":"ac41351690cf1313b80c1313ecba5417","cache_knowledge_level2_id":"77278029920df0fd0981db69b16c994a","cache_knowledge_path":"ac41351690cf1313b80c1313ecba5417,77278029920df0fd0981db69b16c994a","exercise_id":"ff8080814f1c162a014f200e6bc1257f","context":"&#39;[{&quot;title&quot;:&quot;\u53ef\u63a7\u6210\u672c\u3002&quot;,&quot;isChecked&quot;:false,&quot;myChecked&quot;:false},{&quot;title&quot;:&quot;\u8425\u4e1a\u5229\u6da6\u3002&quot;,&quot;isChecked&quot;:false,&quot;myChecked&quot;:true},{&quot;title&quot;:&quot;\u51c0\u5229\u6da6\u3002&quot;,&quot;isChecked&quot;:false,&quot;myChecked&quot;:false},{&quot;title&quot;:&quot;\u5206\u90e8\u6bdb\u5229\u3002&quot;,&quot;isChecked&quot;:true,&quot;myChecked&quot;:false}]&#39;","sort":"22","status":"2","create_date_tmp":1525860504,"modify_date_tmp":0},{"nid":"527961","create_date":"2018-05-09 18:06:44","modify_date":"2018-05-09 18:08:11","subject_id":"ff808081486933e601489c799f0f0868","category_id":"","course_id":"ac41351690cf1313b80c1313ecba5417","chapter_id":"6055c8f56fc91108a99204b19c81ed88","member_id":"5cd3890346a711e8a34800163e0f5ece","examenNum":"0","cache_knowledge_level1_id":"ac41351690cf1313b80c1313ecba5417","cache_knowledge_level2_id":"77278029920df0fd0981db69b16c994a","cache_knowledge_path":"ac41351690cf1313b80c1313ecba5417,77278029920df0fd0981db69b16c994a","exercise_id":"ff8080814f1c162a014f200e6a5a24e0","context":"&#39;[{&quot;title&quot;:&quot;\u5e93\u5b58\u7ba1\u7406\u4e3b\u7ba1\u3002&quot;,&quot;isChecked&quot;:false,&quot;myChecked&quot;:false},{&quot;title&quot;:&quot;\u751f\u4ea7\u90e8\u7ecf\u7406\u3002&quot;,&quot;isChecked&quot;:false,&quot;myChecked&quot;:false},{&quot;title&quot;:&quot;\u751f\u4ea7\u90e8\u95e8\u526f\u603b\u88c1\u3002&quot;,&quot;isChecked&quot;:true,&quot;myChecked&quot;:true},{&quot;title&quot;:&quot;\u5de5\u7a0b\u7ecf\u7406\u3002&quot;,&quot;isChecked&quot;:false,&quot;myChecked&quot;:false}]&#39;","sort":"21","status":"1","create_date_tmp":1525860404,"modify_date_tmp":1525860491},{"nid":"527960","create_date":"2018-05-09 18:06:35","modify_date":null,"subject_id":"ff808081486933e601489c799f0f0868","category_id":"","course_id":"ac41351690cf1313b80c1313ecba5417","chapter_id":"6055c8f56fc91108a99204b19c81ed88","member_id":"5cd3890346a711e8a34800163e0f5ece","examenNum":"0","cache_knowledge_level1_id":"ac41351690cf1313b80c1313ecba5417","cache_knowledge_level2_id":"77278029920df0fd0981db69b16c994a","cache_knowledge_path":"ac41351690cf1313b80c1313ecba5417,77278029920df0fd0981db69b16c994a","exercise_id":"ff8080814f1c162a014f200e6a7224ed","context":"&#39;[{&quot;title&quot;:&quot;6000\u7f8e\u5143\u6709\u5229\u3002&quot;,&quot;isChecked&quot;:true,&quot;myChecked&quot;:false},{&quot;title&quot;:&quot;17400\u7f8e\u5143\u6709\u5229\u3002&quot;,&quot;isChecked&quot;:false,&quot;myChecked&quot;:false},{&quot;title&quot;:&quot;17400\u7f8e\u5143\u4e0d\u5229\u3002&quot;,&quot;isChecked&quot;:false,&quot;myChecked&quot;:false},{&quot;title&quot;:&quot;6000\u7f8e\u5143\u4e0d\u5229\u3002&quot;,&quot;isChecked&quot;:false,&quot;myChecked&quot;:true}]&#39;","sort":"20","status":"2","create_date_tmp":1525860395,"modify_date_tmp":0},{"nid":"527959","create_date":"2018-05-09 18:06:17","modify_date":null,"subject_id":"ff808081486933e601489c799f0f0868","category_id":"","course_id":"ac41351690cf1313b80c1313ecba5417","chapter_id":"6055c8f56fc91108a99204b19c81ed88","member_id":"5cd3890346a711e8a34800163e0f5ece","examenNum":"0","cache_knowledge_level1_id":"ac41351690cf1313b80c1313ecba5417","cache_knowledge_level2_id":"77278029920df0fd0981db69b16c994a","cache_knowledge_path":"ac41351690cf1313b80c1313ecba5417,77278029920df0fd0981db69b16c994a","exercise_id":"ff8080814f1c162a014f200e6d602625","context":"&#39;[{&quot;title&quot;:&quot;\u5141\u8bb8\u7f16\u5236\u5f39\u6027\u9884\u7b97\u3002&quot;,&quot;isChecked&quot;:false,&quot;myChecked&quot;:false},{&quot;title&quot;:&quot;\u5141\u8bb8\u5458\u5de5\u66f4\u597d\u7684\u4e86\u89e3\u5bf9\u4ed6\u4eec\u7684\u671f\u671b\u662f\u4ec0\u4e48\u3002&quot;,&quot;isChecked&quot;:false,&quot;myChecked&quot;:false},{&quot;title&quot;:&quot;\u5f3a\u8c03\u5b9a\u6027\u7279\u5f81\u3002&quot;,&quot;isChecked&quot;:true,&quot;myChecked&quot;:true},{&quot;title&quot;:&quot;\u534f\u52a9\u7ee9\u6548\u8bc4\u4f30\u3002&quot;,&quot;isChecked&quot;:false,&quot;myChecked&quot;:false}]&#39;","sort":"19","status":"1","create_date_tmp":1525860377,"modify_date_tmp":0},{"nid":"527957","create_date":"2018-05-09 18:06:14","modify_date":null,"subject_id":"ff808081486933e601489c799f0f0868","category_id":"","course_id":"ac41351690cf1313b80c1313ecba5417","chapter_id":"6055c8f56fc91108a99204b19c81ed88","member_id":"5cd3890346a711e8a34800163e0f5ece","examenNum":"0","cache_knowledge_level1_id":"ac41351690cf1313b80c1313ecba5417","cache_knowledge_level2_id":"77278029920df0fd0981db69b16c994a","cache_knowledge_path":"ac41351690cf1313b80c1313ecba5417,77278029920df0fd0981db69b16c994a","exercise_id":"ff8080814f1c162a014f200e6a1624b8","context":"&#39;[{&quot;title&quot;:&quot;\u804c\u80fd\u4f1a\u8ba1\u3002&quot;,&quot;isChecked&quot;:false,&quot;myChecked&quot;:false},{&quot;title&quot;:&quot;\u5229\u6da6\u4e2d\u5fc3\u4f1a\u8ba1\u3002&quot;,&quot;isChecked&quot;:true,&quot;myChecked&quot;:false},{&quot;title&quot;:&quot;\u5956\u91d1\u96c6\u4e2d\u6838\u7b97\u3002&quot;,&quot;isChecked&quot;:false,&quot;myChecked&quot;:true},{&quot;title&quot;:&quot;\u53cd\u9988\u5f0f\u4f1a\u8ba1\u3002&quot;,&quot;isChecked&quot;:false,&quot;myChecked&quot;:false}]&#39;","sort":"18","status":"2","create_date_tmp":1525860374,"modify_date_tmp":0},{"nid":"527956","create_date":"2018-05-09 18:06:06","modify_date":null,"subject_id":"ff808081486933e601489c799f0f0868","category_id":"","course_id":"ac41351690cf1313b80c1313ecba5417","chapter_id":"6055c8f56fc91108a99204b19c81ed88","member_id":"5cd3890346a711e8a34800163e0f5ece","examenNum":"0","cache_knowledge_level1_id":"ac41351690cf1313b80c1313ecba5417","cache_knowledge_level2_id":"77278029920df0fd0981db69b16c994a","cache_knowledge_path":"ac41351690cf1313b80c1313ecba5417,77278029920df0fd0981db69b16c994a","exercise_id":"ff8080814f1c162a014f200e69fb24a5","context":"&#39;[{&quot;title&quot;:&quot;\u4f7f\u7528\u9500\u552e\u90e8\u9884\u7b97\u6765\u652f\u4ed8\u52a0\u73ed\u8d39\u7528\u3002&quot;,&quot;isChecked&quot;:true,&quot;myChecked&quot;:false},{&quot;title&quot;:&quot;\u63a5\u53d7\u8ba2\u5355\uff0c\u8d85\u989d\u4f7f\u7528\u751f\u4ea7\u7ecf\u7406\u7684\u9884\u7b97\u3002&quot;,&quot;isChecked&quot;:false,&quot;myChecked&quot;:false},{&quot;title&quot;:&quot;\u62d2\u7edd\u52a0\u73ed\uff0c\u53ea\u751f\u4ea7\u90e8\u95e8\u6709\u80fd\u529b\u751f\u4ea7\u7684\u9884\u7b97\u5185\u7684\u4ea7\u54c1\u3002&quot;,&quot;isChecked&quot;:false,&quot;myChecked&quot;:false},{&quot;title&quot;:&quot;\u63a5\u53d7\u8ba2\u5355\uff0c\u5e76\u5728\u8fdb\u884c\u4e1a\u7ee9\u5ba1\u6838\u65f6\u5ffd\u7565\u5176\u5bf9\u751f\u4ea7\u90e8\u9884\u7b97\u7684\u5f71\u54cd\u3002&quot;,&quot;isChecked&quot;:false,&quot;myChecked&quot;:true}]&#39;","sort":"17","status":"2","create_date_tmp":1525860366,"modify_date_tmp":0},{"nid":"527955","create_date":"2018-05-09 18:06:00","modify_date":null,"subject_id":"ff808081486933e601489c799f0f0868","category_id":"","course_id":"ac41351690cf1313b80c1313ecba5417","chapter_id":"6055c8f56fc91108a99204b19c81ed88","member_id":"5cd3890346a711e8a34800163e0f5ece","examenNum":"0","cache_knowledge_level1_id":"ac41351690cf1313b80c1313ecba5417","cache_knowledge_level2_id":"77278029920df0fd0981db69b16c994a","cache_knowledge_path":"ac41351690cf1313b80c1313ecba5417,77278029920df0fd0981db69b16c994a","exercise_id":"ff8080814f1c162a014f200e6c3025b0","context":"&#39;[{&quot;title&quot;:&quot;\u4f7f\u7528\u9884\u7b97\u91d1\u989d\u7684\u6210\u672c\u8f6c\u79fb\u4ef7\u683c\u3002&quot;,&quot;isChecked&quot;:false,&quot;myChecked&quot;:true},{&quot;title&quot;:&quot;\u4f7f\u7528\u5b9e\u9645\u91d1\u989d\u7684\u53ef\u53d8\u6210\u672c\u8f6c\u79fb\u4ef7\u683c\u3002&quot;,&quot;isChecked&quot;:false,&quot;myChecked&quot;:false},{&quot;title&quot;:&quot;\u5e02\u573a\u8f6c\u79fb\u4ef7\u683c\u3002&quot;,&quot;isChecked&quot;:true,&quot;myChecked&quot;:false},{&quot;title&quot;:&quot;\u4f7f\u7528\u5b9e\u9645\u91d1\u989d\u7684\u6210\u672c\u8f6c\u79fb\u4ef7\u683c\u3002&quot;,&quot;isChecked&quot;:false,&quot;myChecked&quot;:false}]&#39;","sort":"16","status":"2","create_date_tmp":1525860360,"modify_date_tmp":0},{"nid":"527954","create_date":"2018-05-09 18:05:56","modify_date":null,"subject_id":"ff808081486933e601489c799f0f0868","category_id":"","course_id":"ac41351690cf1313b80c1313ecba5417","chapter_id":"6055c8f56fc91108a99204b19c81ed88","member_id":"5cd3890346a711e8a34800163e0f5ece","examenNum":"0","cache_knowledge_level1_id":"ac41351690cf1313b80c1313ecba5417","cache_knowledge_level2_id":"77278029920df0fd0981db69b16c994a","cache_knowledge_path":"ac41351690cf1313b80c1313ecba5417,77278029920df0fd0981db69b16c994a","exercise_id":"ff8080814f1c162a014f200e69d12485","context":"&#39;[{&quot;title&quot;:&quot;\u5229\u6da6\u4e2d\u5fc3\u3002&quot;,&quot;isChecked&quot;:false,&quot;myChecked&quot;:false},{&quot;title&quot;:&quot;\u6210\u672c\u4e2d\u5fc3\u3002&quot;,&quot;isChecked&quot;:false,&quot;myChecked&quot;:false},{&quot;title&quot;:&quot;\u6536\u5165\u4e2d\u5fc3\u3002&quot;,&quot;isChecked&quot;:false,&quot;myChecked&quot;:true},{&quot;title&quot;:&quot;\u6295\u8d44\u4e2d\u5fc3\u3002&quot;,&quot;isChecked&quot;:true,&quot;myChecked&quot;:false}]&#39;","sort":"15","status":"2","create_date_tmp":1525860356,"modify_date_tmp":0},{"nid":"527953","create_date":"2018-05-09 18:05:52","modify_date":null,"subject_id":"ff808081486933e601489c799f0f0868","category_id":"","course_id":"ac41351690cf1313b80c1313ecba5417","chapter_id":"6055c8f56fc91108a99204b19c81ed88","member_id":"5cd3890346a711e8a34800163e0f5ece","examenNum":"0","cache_knowledge_level1_id":"ac41351690cf1313b80c1313ecba5417","cache_knowledge_level2_id":"77278029920df0fd0981db69b16c994a","cache_knowledge_path":"ac41351690cf1313b80c1313ecba5417,77278029920df0fd0981db69b16c994a","exercise_id":"ff8080814f1c162a014f200e69c4247b","context":"&#39;[{&quot;title&quot;:&quot;57,600\u7f8e\u5143\u3002&quot;,&quot;isChecked&quot;:false,&quot;myChecked&quot;:true},{&quot;title&quot;:&quot;60,000\u7f8e\u5143\u3002&quot;,&quot;isChecked&quot;:true,&quot;myChecked&quot;:false},{&quot;title&quot;:&quot;62,500\u7f8e\u5143\u3002&quot;,&quot;isChecked&quot;:false,&quot;myChecked&quot;:false},{&quot;title&quot;:&quot;48,000\u7f8e\u5143\u3002&quot;,&quot;isChecked&quot;:false,&quot;myChecked&quot;:false}]&#39;","sort":"14","status":"2","create_date_tmp":1525860352,"modify_date_tmp":0},{"nid":"527952","create_date":"2018-05-09 18:05:46","modify_date":null,"subject_id":"ff808081486933e601489c799f0f0868","category_id":"","course_id":"ac41351690cf1313b80c1313ecba5417","chapter_id":"6055c8f56fc91108a99204b19c81ed88","member_id":"5cd3890346a711e8a34800163e0f5ece","examenNum":"0","cache_knowledge_level1_id":"ac41351690cf1313b80c1313ecba5417","cache_knowledge_level2_id":"77278029920df0fd0981db69b16c994a","cache_knowledge_path":"ac41351690cf1313b80c1313ecba5417,77278029920df0fd0981db69b16c994a","exercise_id":"ff8080814f1c162a014f200e6c7625ce","context":"&#39;[{&quot;title&quot;:&quot;\u6750\u6599\u4ef7\u683c\u5dee\u5f02\u548c\u53d8\u52a8\u5236\u9020\u8d39\u7528\u6548\u7387\u5dee\u5f02\u3002&quot;,&quot;isChecked&quot;:false,&quot;myChecked&quot;:true},{&quot;title&quot;:&quot;\u6750\u6599\u4f7f\u7528\u5dee\u5f02\u548c\u4eba\u5de5\u6548\u7387\u5dee\u5f02\u3002&quot;,&quot;isChecked&quot;:true,&quot;myChecked&quot;:false},{&quot;title&quot;:&quot;\u4eba\u5de5\u7387\u5dee\u5f02\u548c\u53d8\u52a8\u5236\u9020\u8d39\u7528\u6548\u7387\u5dee\u5f02\u3002&quot;,&quot;isChecked&quot;:false,&quot;myChecked&quot;:false},{&quot;title&quot;:&quot;\u4eba\u5de5\u6548\u7387\u5dee\u5f02\u548c\u56fa\u5b9a\u5236\u9020\u8d39\u7528\u4ea7\u91cf\u5dee\u5f02\u3002&quot;,&quot;isChecked&quot;:false,&quot;myChecked&quot;:false}]&#39;","sort":"13","status":"2","create_date_tmp":1525860346,"modify_date_tmp":0},{"nid":"527951","create_date":"2018-05-09 18:05:41","modify_date":null,"subject_id":"ff808081486933e601489c799f0f0868","category_id":"","course_id":"ac41351690cf1313b80c1313ecba5417","chapter_id":"6055c8f56fc91108a99204b19c81ed88","member_id":"5cd3890346a711e8a34800163e0f5ece","examenNum":"0","cache_knowledge_level1_id":"ac41351690cf1313b80c1313ecba5417","cache_knowledge_level2_id":"77278029920df0fd0981db69b16c994a","cache_knowledge_path":"ac41351690cf1313b80c1313ecba5417,77278029920df0fd0981db69b16c994a","exercise_id":"ff8080814f1c162a014f200e6ca625e0","context":"&#39;[{&quot;title&quot;:&quot;\u63d0\u9192\u5229\u6da6\u4e2d\u5fc3\u7ecf\u7406\u5229\u6da6\u5fc5\u987b\u8db3\u4ee5\u62b5\u9500\u76f8\u5173\u7684\u95f4\u63a5\u6210\u672c\u3002&quot;,&quot;isChecked&quot;:false,&quot;myChecked&quot;:false},{&quot;title&quot;:&quot;\u523a\u6fc0\u5229\u6da6\u4e2d\u5fc3\u7ecf\u7406\u7ed9\u4e2d\u592e\u7ba1\u7406\u8005\u65bd\u52a0\u538b\u529b\u6765\u63a7\u5236\u670d\u52a1\u6210\u672c\u3002&quot;,&quot;isChecked&quot;:true,&quot;myChecked&quot;:false},{&quot;title&quot;:&quot;\u6fc0\u8d77\u90e8\u95e8\u548c\u7ecf\u7406\u4e4b\u95f4\u7684\u7ade\u4e89\u3002&quot;,&quot;isChecked&quot;:false,&quot;myChecked&quot;:true},{&quot;title&quot;:&quot;\u5de9\u56fa\u95ee\u8d23\u5236\u548c\u8bc4\u4f30\u5229\u6da6\u4e2d\u5fc3\u3002&quot;,&quot;isChecked&quot;:false,&quot;myChecked&quot;:false}]&#39;","sort":"12","status":"2","create_date_tmp":1525860341,"modify_date_tmp":0},{"nid":"527950","create_date":"2018-05-09 18:05:37","modify_date":null,"subject_id":"ff808081486933e601489c799f0f0868","category_id":"","course_id":"ac41351690cf1313b80c1313ecba5417","chapter_id":"6055c8f56fc91108a99204b19c81ed88","member_id":"5cd3890346a711e8a34800163e0f5ece","examenNum":"0","cache_knowledge_level1_id":"ac41351690cf1313b80c1313ecba5417","cache_knowledge_level2_id":"77278029920df0fd0981db69b16c994a","cache_knowledge_path":"ac41351690cf1313b80c1313ecba5417,77278029920df0fd0981db69b16c994a","exercise_id":"ff8080814f1c162a014f200e6cd125f1","context":"&#39;[{&quot;title&quot;:&quot;\u907f\u514d\u4e86\u65e5\u5e38\u9500\u552e\u4f63\u91d1\u4ee5\u53ca\u6536\u96c6\u6210\u672c\u3002&quot;,&quot;isChecked&quot;:true,&quot;myChecked&quot;:false},{&quot;title&quot;:&quot;\u9500\u552e\u5355\u4f4d\u6ca1\u6709\u591a\u4f59\u4ea7\u80fd\u3002&quot;,&quot;isChecked&quot;:false,&quot;myChecked&quot;:false},{&quot;title&quot;:&quot;\u4ee5\u5355\u4f4d\u8425\u4e1a\u5229\u6da6\u8bc4\u4f30\u5229\u6da6\u4e2d\u5fc3\u7ecf\u7406\u7684\u4e1a\u7ee9\u3002&quot;,&quot;isChecked&quot;:false,&quot;myChecked&quot;:true},{&quot;title&quot;:&quot;\u8d2d\u4e70\u5355\u4f4d\u4ea7\u80fd\u8fc7\u5269\u3002&quot;,&quot;isChecked&quot;:false,&quot;myChecked&quot;:false}]&#39;","sort":"11","status":"2","create_date_tmp":1525860337,"modify_date_tmp":0},{"nid":"527949","create_date":"2018-05-09 18:05:33","modify_date":null,"subject_id":"ff808081486933e601489c799f0f0868","category_id":"","course_id":"ac41351690cf1313b80c1313ecba5417","chapter_id":"6055c8f56fc91108a99204b19c81ed88","member_id":"5cd3890346a711e8a34800163e0f5ece","examenNum":"0","cache_knowledge_level1_id":"ac41351690cf1313b80c1313ecba5417","cache_knowledge_level2_id":"77278029920df0fd0981db69b16c994a","cache_knowledge_path":"ac41351690cf1313b80c1313ecba5417,77278029920df0fd0981db69b16c994a","exercise_id":"ff8080814f1c162a014f200e6cd925f4","context":"&#39;[{&quot;title&quot;:&quot;\u51fa\u552e12000\u5355\u4f4d\uff1b370000\u7f8e\u5143\u7684\u53ef\u53d8\u6210\u672c\uff1b120000\u7f8e\u5143\u7684\u8425\u4e1a\u5229\u6da6\u3002&quot;,&quot;isChecked&quot;:false,&quot;myChecked&quot;:false},{&quot;title&quot;:&quot;\u51fa\u552e12000\u5355\u4f4d\uff1b355000\u7f8e\u5143\u7684\u53ef\u53d8\u6210\u672c\uff1b90000\u7f8e\u5143\u7684\u8425\u4e1a\u5229\u6da6\u3002&quot;,&quot;isChecked&quot;:true,&quot;myChecked&quot;:true},{&quot;title&quot;:&quot;\u51fa\u552e9000\u5355\u4f4d\uff1b290000\u7f8e\u5143\u7684\u53ef\u53d8\u6210\u672c\uff1b90000\u7f8e\u5143\u7684\u8425\u4e1a\u5229\u6da6\u3002&quot;,&quot;isChecked&quot;:false,&quot;myChecked&quot;:false},{&quot;title&quot;:&quot;\u51fa\u552e8000\u5355\u4f4d\uff1b280000\u7f8e\u5143\u7684\u53ef\u53d8\u6210\u672c\uff1b120000\u7f8e\u5143\u7684\u8425\u4e1a\u5229\u6da6\u3002&quot;,&quot;isChecked&quot;:false,&quot;myChecked&quot;:false}]&#39;","sort":"10","status":"1","create_date_tmp":1525860333,"modify_date_tmp":0},{"nid":"527948","create_date":"2018-05-09 18:05:30","modify_date":null,"subject_id":"ff808081486933e601489c799f0f0868","category_id":"","course_id":"ac41351690cf1313b80c1313ecba5417","chapter_id":"6055c8f56fc91108a99204b19c81ed88","member_id":"5cd3890346a711e8a34800163e0f5ece","examenNum":"0","cache_knowledge_level1_id":"ac41351690cf1313b80c1313ecba5417","cache_knowledge_level2_id":"77278029920df0fd0981db69b16c994a","cache_knowledge_path":"ac41351690cf1313b80c1313ecba5417,77278029920df0fd0981db69b16c994a","exercise_id":"ff8080814f1c162a014f200e6cea25fb","context":"&#39;[{&quot;title&quot;:&quot;\u5b83\u53ef\u4ee5\u8861\u91cf\u516c\u53f8\u548c\u5916\u90e8\u5ba2\u6237\u4e4b\u95f4\u7684\u4ea4\u6613\u3002&quot;,&quot;isChecked&quot;:true,&quot;myChecked&quot;:false},{&quot;title&quot;:&quot;\u5b83\u8861\u91cf\u516c\u53f8\u5185\u7531\u5229\u6da6\u4e2d\u5fc3\u5411\u5176\u4ed6\u8d23\u4efb\u4e2d\u5fc3\u63d0\u4f9b\u7684\u8d27\u7269\u6216\u670d\u52a1\u7684\u4ef7\u503c\u3002&quot;,&quot;isChecked&quot;:false,&quot;myChecked&quot;:false},{&quot;title&quot;:&quot;\u5982\u679c\u6ca1\u6709\u5e02\u573a\u4ef7\u683c\u5b58\u5728\uff0c\u8f6c\u79fb\u4ef7\u683c\u53ef\u4ee5\u662f\u57fa\u4e8e\u6210\u672c\u7684\u3002&quot;,&quot;isChecked&quot;:false,&quot;myChecked&quot;:false},{&quot;title&quot;:&quot;\u5982\u679c\u5e02\u573a\u4ef7\u683c\u5b58\u5728\uff0c\u90a3\u4e48\u8fd9\u4e2a\u4ef7\u683c\u53ef\u4ee5\u4f5c\u4e3a\u8f6c\u79fb\u4ef7\u683c\u3002&quot;,&quot;isChecked&quot;:false,&quot;myChecked&quot;:true}]&#39;","sort":"9","status":"2","create_date_tmp":1525860330,"modify_date_tmp":0},{"nid":"527947","create_date":"2018-05-09 18:05:27","modify_date":null,"subject_id":"ff808081486933e601489c799f0f0868","category_id":"","course_id":"ac41351690cf1313b80c1313ecba5417","chapter_id":"6055c8f56fc91108a99204b19c81ed88","member_id":"5cd3890346a711e8a34800163e0f5ece","examenNum":"0","cache_knowledge_level1_id":"ac41351690cf1313b80c1313ecba5417","cache_knowledge_level2_id":"77278029920df0fd0981db69b16c994a","cache_knowledge_path":"ac41351690cf1313b80c1313ecba5417,77278029920df0fd0981db69b16c994a","exercise_id":"ff8080814f1c162a014f200e6d17260d","context":"&#39;[{&quot;title&quot;:&quot;\u5e02\u573a\u4ef7\u683c\u3002&quot;,&quot;isChecked&quot;:true,&quot;myChecked&quot;:false},{&quot;title&quot;:&quot;\u5b8c\u5168\u6210\u672c\u3002&quot;,&quot;isChecked&quot;:false,&quot;myChecked&quot;:true},{&quot;title&quot;:&quot;\u53d8\u52a8\u6210\u672c \u3002&quot;,&quot;isChecked&quot;:false,&quot;myChecked&quot;:false},{&quot;title&quot;:&quot;\u534f\u8bae\u4ef7\u683c\u3002&quot;,&quot;isChecked&quot;:false,&quot;myChecked&quot;:false}]&#39;","sort":"8","status":"2","create_date_tmp":1525860327,"modify_date_tmp":0},{"nid":"527946","create_date":"2018-05-09 18:05:24","modify_date":null,"subject_id":"ff808081486933e601489c799f0f0868","category_id":"","course_id":"ac41351690cf1313b80c1313ecba5417","chapter_id":"6055c8f56fc91108a99204b19c81ed88","member_id":"5cd3890346a711e8a34800163e0f5ece","examenNum":"0","cache_knowledge_level1_id":"ac41351690cf1313b80c1313ecba5417","cache_knowledge_level2_id":"77278029920df0fd0981db69b16c994a","cache_knowledge_path":"ac41351690cf1313b80c1313ecba5417,77278029920df0fd0981db69b16c994a","exercise_id":"ff8080814f1c162a014f200e6aff2537","context":"&#39;[{&quot;title&quot;:&quot;\u603b\u9884\u7b97\u3002&quot;,&quot;isChecked&quot;:false,&quot;myChecked&quot;:false},{&quot;title&quot;:&quot;\u6708\u5ea6\u9884\u7b97\u3002&quot;,&quot;isChecked&quot;:false,&quot;myChecked&quot;:false},{&quot;title&quot;:&quot;\u6eda\u52a8\u9884\u7b97\u3002&quot;,&quot;isChecked&quot;:false,&quot;myChecked&quot;:false},{&quot;title&quot;:&quot;\u5f39\u6027\u9884\u7b97\u3002&quot;,&quot;isChecked&quot;:true,&quot;myChecked&quot;:true}]&#39;","sort":"7","status":"1","create_date_tmp":1525860324,"modify_date_tmp":0},{"nid":"527945","create_date":"2018-05-09 18:05:19","modify_date":null,"subject_id":"ff808081486933e601489c799f0f0868","category_id":"","course_id":"ac41351690cf1313b80c1313ecba5417","chapter_id":"6055c8f56fc91108a99204b19c81ed88","member_id":"5cd3890346a711e8a34800163e0f5ece","examenNum":"0","cache_knowledge_level1_id":"ac41351690cf1313b80c1313ecba5417","cache_knowledge_level2_id":"77278029920df0fd0981db69b16c994a","cache_knowledge_path":"ac41351690cf1313b80c1313ecba5417,77278029920df0fd0981db69b16c994a","exercise_id":"ff8080814f1c162a014f200e6afa2535","context":"&#39;[{&quot;title&quot;:&quot;\u4fc3\u8fdb\u4f01\u4e1a\u5356\u65b9\u53ca\u4e70\u65b9\u5206\u90e8\u76ee\u6807\u4e00\u81f4\u3002&quot;,&quot;isChecked&quot;:true,&quot;myChecked&quot;:false},{&quot;title&quot;:&quot;\u7ed9\u5356\u65b9\u5206\u90e8\u63a7\u5236\u6210\u672c\u63d0\u4f9b\u6fc0\u52b1\u3002&quot;,&quot;isChecked&quot;:false,&quot;myChecked&quot;:false},{&quot;title&quot;:&quot;\u4f7f\u5356\u65b9\u5206\u90e8\u4e86\u89e3\u5e02\u573a\u4ef7\u683c\u89c4\u5219\u3002&quot;,&quot;isChecked&quot;:false,&quot;myChecked&quot;:false},{&quot;title&quot;:&quot;\u5f53\u5356\u65b9\u53ca\u4e70\u65b9\u5206\u90e8\u5904\u4e8e\u4e0d\u540c\u7a0e\u52a1\u7ba1\u8f96\u533a\u65f6\uff0c\u7b80\u5316\u7a0e\u6536\u8ba1\u7b97\u3002&quot;,&quot;isChecked&quot;:false,&quot;myChecked&quot;:true}]&#39;","sort":"6","status":"2","create_date_tmp":1525860319,"modify_date_tmp":0},{"nid":"527944","create_date":"2018-05-09 18:05:15","modify_date":null,"subject_id":"ff808081486933e601489c799f0f0868","category_id":"","course_id":"ac41351690cf1313b80c1313ecba5417","chapter_id":"6055c8f56fc91108a99204b19c81ed88","member_id":"5cd3890346a711e8a34800163e0f5ece","examenNum":"0","cache_knowledge_level1_id":"ac41351690cf1313b80c1313ecba5417","cache_knowledge_level2_id":"77278029920df0fd0981db69b16c994a","cache_knowledge_path":"ac41351690cf1313b80c1313ecba5417,77278029920df0fd0981db69b16c994a","exercise_id":"ff8080814f1c162a014f200e6de22653","context":"&#39;[{&quot;title&quot;:&quot;$40,000\u3002&quot;,&quot;isChecked&quot;:false,&quot;myChecked&quot;:false},{&quot;title&quot;:&quot;$80,000\u3002&quot;,&quot;isChecked&quot;:false,&quot;myChecked&quot;:true},{&quot;title&quot;:&quot;$66,667\u3002&quot;,&quot;isChecked&quot;:false,&quot;myChecked&quot;:false},{&quot;title&quot;:&quot;$33,333\u3002&quot;,&quot;isChecked&quot;:true,&quot;myChecked&quot;:false}]&#39;","sort":"5","status":"2","create_date_tmp":1525860315,"modify_date_tmp":0},{"nid":"527943","create_date":"2018-05-09 18:05:11","modify_date":null,"subject_id":"ff808081486933e601489c799f0f0868","category_id":"","course_id":"ac41351690cf1313b80c1313ecba5417","chapter_id":"6055c8f56fc91108a99204b19c81ed88","member_id":"5cd3890346a711e8a34800163e0f5ece","examenNum":"0","cache_knowledge_level1_id":"ac41351690cf1313b80c1313ecba5417","cache_knowledge_level2_id":"77278029920df0fd0981db69b16c994a","cache_knowledge_path":"ac41351690cf1313b80c1313ecba5417,77278029920df0fd0981db69b16c994a","exercise_id":"ff8080814f1c162a014f200e6ec2269f","context":"&#39;[{&quot;title&quot;:&quot;\u9500\u552e\u7ec4\u5408\u5dee\u5f02\u3002&quot;,&quot;isChecked&quot;:false,&quot;myChecked&quot;:false},{&quot;title&quot;:&quot;\u9500\u552e\u6570\u91cf\u5dee\u5f02\u3002&quot;,&quot;isChecked&quot;:true,&quot;myChecked&quot;:false},{&quot;title&quot;:&quot;\u5f39\u6027\u9884\u7b97\u5dee\u5f02\u3002&quot;,&quot;isChecked&quot;:false,&quot;myChecked&quot;:true},{&quot;title&quot;:&quot;\u9759\u6001\u9884\u7b97\u5dee\u5f02\u3002&quot;,&quot;isChecked&quot;:false,&quot;myChecked&quot;:false}]&#39;","sort":"4","status":"2","create_date_tmp":1525860311,"modify_date_tmp":0},{"nid":"527942","create_date":"2018-05-09 18:04:18","modify_date":"2018-05-09 18:05:00","subject_id":"ff808081486933e601489c799f0f0868","category_id":"","course_id":"ac41351690cf1313b80c1313ecba5417","chapter_id":"6055c8f56fc91108a99204b19c81ed88","member_id":"5cd3890346a711e8a34800163e0f5ece","examenNum":"0","cache_knowledge_level1_id":"ac41351690cf1313b80c1313ecba5417","cache_knowledge_level2_id":"77278029920df0fd0981db69b16c994a","cache_knowledge_path":"ac41351690cf1313b80c1313ecba5417,77278029920df0fd0981db69b16c994a","exercise_id":"ff8080814f1c162a014f200e6ed426a5","context":"&#39;[{&quot;title&quot;:&quot;\u548c\u56fa\u5b9a\u6210\u672c\u4e00\u6837\u6309\u6210\u672c\u603b\u989d\u8ba1\u91cf\u3002&quot;,&quot;isChecked&quot;:false,&quot;myChecked&quot;:true},{&quot;title&quot;:&quot;\u548c\u56fa\u5b9a\u6210\u672c\u4e00\u6837\u6309\u5355\u4f4d\u6210\u672c\u8ba1\u91cf\u3002&quot;,&quot;isChecked&quot;:false,&quot;myChecked&quot;:false},{&quot;title&quot;:&quot;\u6309\u5355\u4f4d\u6210\u672c\u8ba1\u91cf\uff0c\u56fa\u5b9a\u6210\u672c\u6309\u603b\u989d\u8ba1\u91cf\u3002&quot;,&quot;isChecked&quot;:true,&quot;myChecked&quot;:false},{&quot;title&quot;:&quot;\u6309\u6210\u672c\u603b\u989d\u8ba1\u91cf\uff0c\u56fa\u5b9a\u6210\u672c\u6309\u5355\u4f4d\u8ba1\u91cf\u3002&quot;,&quot;isChecked&quot;:false,&quot;myChecked&quot;:false}]&#39;","sort":"3","status":"2","create_date_tmp":1525860258,"modify_date_tmp":1525860300},{"nid":"527941","create_date":"2018-05-09 18:04:14","modify_date":null,"subject_id":"ff808081486933e601489c799f0f0868","category_id":"","course_id":"ac41351690cf1313b80c1313ecba5417","chapter_id":"6055c8f56fc91108a99204b19c81ed88","member_id":"5cd3890346a711e8a34800163e0f5ece","examenNum":"0","cache_knowledge_level1_id":"ac41351690cf1313b80c1313ecba5417","cache_knowledge_level2_id":"77278029920df0fd0981db69b16c994a","cache_knowledge_path":"ac41351690cf1313b80c1313ecba5417,77278029920df0fd0981db69b16c994a","exercise_id":"ff8080814d75e63a014d94995a19261d","context":"&#39;[{&quot;title&quot;:&quot;\u5229\u6da6\u4e2d\u5fc3\u3002&quot;,&quot;isChecked&quot;:false,&quot;myChecked&quot;:false},{&quot;title&quot;:&quot;\u6536\u5165\u4e2d\u5fc3\u3002&quot;,&quot;isChecked&quot;:true,&quot;myChecked&quot;:true},{&quot;title&quot;:&quot;\u6210\u672c\u4e2d\u5fc3\u3002&quot;,&quot;isChecked&quot;:false,&quot;myChecked&quot;:false},{&quot;title&quot;:&quot;\u6295\u8d44\u4e2d\u5fc3\u3002&quot;,&quot;isChecked&quot;:false,&quot;myChecked&quot;:false}]&#39;","sort":"2","status":"1","create_date_tmp":1525860254,"modify_date_tmp":0},{"nid":"527934","create_date":"2018-05-09 18:01:39","modify_date":"2018-05-09 18:04:09","subject_id":"ff808081486933e601489c799f0f0868","category_id":"","course_id":"ac41351690cf1313b80c1313ecba5417","chapter_id":"6055c8f56fc91108a99204b19c81ed88","member_id":"5cd3890346a711e8a34800163e0f5ece","examenNum":"0","cache_knowledge_level1_id":"ac41351690cf1313b80c1313ecba5417","cache_knowledge_level2_id":"77278029920df0fd0981db69b16c994a","cache_knowledge_path":"ac41351690cf1313b80c1313ecba5417,77278029920df0fd0981db69b16c994a","exercise_id":"ff8080814d75e63a014d9441beff2495","context":"&#39;[{&quot;title&quot;:&quot;\u6700\u9ad8\u7ba1\u7406\u5c42\u5236\u5b9a\u4ef7\u683c\u3002&quot;,&quot;isChecked&quot;:false,&quot;myChecked&quot;:false},{&quot;title&quot;:&quot;\u4ef2\u88c1\u59d4\u5458\u4f1a\u5236\u5b9a\u4ef7\u683c\u3002&quot;,&quot;isChecked&quot;:false,&quot;myChecked&quot;:false},{&quot;title&quot;:&quot;\u901a\u8fc7\u5236\u9020\u90e8\u95e8\u7ba1\u7406\u5c42\u548c\u7535\u5b50\u7ec4\u88c5\u90e8\u95e8\u7ba1\u7406\u5c42\u7684\u534f\u5546\u5236\u5b9a\u4ef7\u683c\u3002&quot;,&quot;isChecked&quot;:true,&quot;myChecked&quot;:true},{&quot;title&quot;:&quot;\u8bbe\u5b9a\u7684\u4ef7\u683c\u7b49\u4e8e\u5236\u9020\u90e8\u95e8\u6ca1\u6709\u8fc7\u5269\u4ea7\u80fd\u65f6\u6536\u53d6\u7684\u4ef7\u683c\u3002&quot;,&quot;isChecked&quot;:false,&quot;myChecked&quot;:false}]&#39;","sort":"1","status":"1","create_date_tmp":1525860099,"modify_date_tmp":1525860249},{"nid":"527932","create_date":"2018-05-09 18:01:33","modify_date":null,"subject_id":"ff808081486933e601489c799f0f0868","category_id":"","course_id":"ac41351690cf1313b80c1313ecba5417","chapter_id":"6055c8f56fc91108a99204b19c81ed88","member_id":"5cd3890346a711e8a34800163e0f5ece","examenNum":"0","cache_knowledge_level1_id":"ac41351690cf1313b80c1313ecba5417","cache_knowledge_level2_id":"77278029920df0fd0981db69b16c994a","cache_knowledge_path":"ac41351690cf1313b80c1313ecba5417,77278029920df0fd0981db69b16c994a","exercise_id":"ff8080814d75e63a014d94325ad7247b","context":"&#39;[{&quot;title&quot;:&quot;1065\u7f8e\u5143\u7684\u6709\u5229\u5dee\u5f02\uff0c1365\u7f8e\u5143\u7684\u4e0d\u5229\u5dee\u5f02\u3002&quot;,&quot;isChecked&quot;:true,&quot;myChecked&quot;:true},{&quot;title&quot;:&quot;1065\u7f8e\u5143\u7684\u4e0d\u5229\u5dee\u5f02\uff0c1365\u7f8e\u5143\u7684\u6709\u5229\u5dee\u5f02\u3002&quot;,&quot;isChecked&quot;:false,&quot;myChecked&quot;:false},{&quot;title&quot;:&quot;1100\u7f8e\u5143\u7684\u6709\u5229\u5dee\u5f02\uff0c2600\u7f8e\u5143\u7684\u6709\u5229\u5dee\u5f02\u3002&quot;,&quot;isChecked&quot;:false,&quot;myChecked&quot;:false},{&quot;title&quot;:&quot;1100\u7f8e\u5143\u7684\u4e0d\u5229\u5dee\u5f02\uff0c1365\u7f8e\u5143\u7684\u6709\u5229\u5dee\u5f02\u3002&quot;,&quot;isChecked&quot;:false,&quot;myChecked&quot;:false}]&#39;","sort":"0","status":"1","create_date_tmp":1525860093,"modify_date_tmp":0}]}